2026-09-05 13:30:46.067 +05:30 [INF] Executed DbCommand (15ms) [Parameters=[], CommandType='"Text"', CommandTimeout='30']
SELECT COUNT(*) FROM "sqlite_master" WHERE "type" = 'table' AND "rootpage" IS NOT NULL;
2026-09-05 13:30:46.374 +05:30 [INF] Executed DbCommand (3ms) [Parameters=[], CommandType='"Text"', CommandTimeout='30']
CREATE TABLE "Breweries" (
    "Id" TEXT NOT NULL CONSTRAINT "PK_Breweries" PRIMARY KEY,
    "Name" TEXT NOT NULL,
    "BreweryType" TEXT NULL,
    "Street" TEXT NULL,
    "City" TEXT NULL,
    "State" TEXT NULL,
    "PostalCode" TEXT NULL,
    "Country" TEXT NULL,
    "Phone" TEXT NULL,
    "WebsiteUrl" TEXT NULL,
    "Latitude" REAL NULL,
    "Longitude" REAL NULL,
    "LastRefreshedUtc" TEXT NOT NULL
);
2026-09-05 13:30:46.383 +05:30 [INF] Executed DbCommand (0ms) [Parameters=[], CommandType='"Text"', CommandTimeout='30']
CREATE INDEX "IX_Breweries_City" ON "Breweries" ("City");
2026-09-05 13:30:46.387 +05:30 [INF] Executed DbCommand (0ms) [Parameters=[], CommandType='"Text"', CommandTimeout='30']
CREATE INDEX "IX_Breweries_Name" ON "Breweries" ("Name");
2026-09-05 13:30:46.761 +05:30 [INF] User profile is available. Using 'C:\Users\KA40023030\AppData\Local\ASP.NET\DataProtection-Keys' as key repository and Windows DPAPI to encrypt keys at rest.
2026-09-05 13:30:46.966 +05:30 [INF] Now listening on: http://localhost:5214
2026-09-05 13:30:46.970 +05:30 [INF] Application started. Press Ctrl+C to shut down.
2026-09-05 13:30:46.973 +05:30 [INF] Hosting environment: Development
2026-09-05 13:30:46.977 +05:30 [INF] Content root path: D:\OneDriveBackup\ELF\Assignment\Elf.Brewery\src\Elf.Brewery.Api
2026-09-05 13:31:47.818 +05:30 [INF] Request starting HTTP/1.1 POST http://localhost:5214/api/auth/token - application/json 65
2026-09-05 13:31:47.975 +05:30 [WRN] Failed to determine the https port for redirect.
2026-09-05 13:31:48.120 +05:30 [INF] Executing endpoint 'AuthController.Token (Elf.Brewery.Api)'
2026-09-05 13:31:48.147 +05:30 [INF] Route matched with {action = "Token", controller = "Auth"}. Executing controller action with signature Microsoft.AspNetCore.Mvc.IActionResult Token(LoginRequest) on controller AuthController (Elf.Brewery.Api).
2026-09-05 13:31:48.274 +05:30 [INF] Executing OkObjectResult, writing value of type 'TokenResponse'.
2026-09-05 13:31:48.307 +05:30 [INF] Executed action AuthController.Token (Elf.Brewery.Api) in 149.9294ms
2026-09-05 13:31:48.313 +05:30 [INF] Executed endpoint 'AuthController.Token (Elf.Brewery.Api)'
2026-09-05 13:31:48.320 +05:30 [INF] Request finished HTTP/1.1 POST http://localhost:5214/api/auth/token - 200 null application/json; charset=utf-8 504.7943ms
2026-09-05 13:31:48.351 +05:30 [INF] Request starting HTTP/1.1 GET http://localhost:5214/api/v1.0/breweries?sortField=0&direction=0 - null null
2026-09-05 13:31:48.462 +05:30 [INF] Executing endpoint 'BreweriesController.Get (Elf.Brewery.Api)'
2026-09-05 13:31:48.488 +05:30 [INF] Route matched with {action = "Get", controller = "Breweries"}. Executing controller action with signature System.Threading.Tasks.Task`1[Microsoft.AspNetCore.Mvc.IActionResult] Get(BreweryQuery, System.Threading.CancellationToken) on controller BreweriesController (Elf.Brewery.Api).
2026-09-05 13:31:48.546 +05:30 [INF] List breweries search=null sortBy="Name" page=1
2026-09-05 13:31:48.865 +05:30 [INF] Executed DbCommand (2ms) [Parameters=[], CommandType='"Text"', CommandTimeout='30']
SELECT "b"."Id", "b"."BreweryType", "b"."City", "b"."Country", "b"."LastRefreshedUtc", "b"."Latitude", "b"."Longitude", "b"."Name", "b"."Phone", "b"."PostalCode", "b"."State", "b"."Street", "b"."WebsiteUrl"
FROM "Breweries" AS "b"
2026-09-05 13:31:48.898 +05:30 [INF] Executing OkObjectResult, writing value of type 'PagedResult`1[[BreweryDto, Elf.Brewery.Application, Version=1.0.0.0, Culture=neutral, PublicKeyToken=null]]'.
2026-09-05 13:31:48.928 +05:30 [INF] Executed action BreweriesController.Get (Elf.Brewery.Api) in 433.9646ms
2026-09-05 13:31:48.933 +05:30 [INF] Executed endpoint 'BreweriesController.Get (Elf.Brewery.Api)'
2026-09-05 13:31:48.939 +05:30 [INF] Request finished HTTP/1.1 GET http://localhost:5214/api/v1.0/breweries?sortField=0&direction=0 - 200 null application/json; charset=utf-8 587.3244ms
2026-09-05 13:34:26.178 +05:30 [INF] Executed DbCommand (25ms) [Parameters=[], CommandType='"Text"', CommandTimeout='30']
SELECT COUNT(*) FROM "sqlite_master" WHERE "type" = 'table' AND "rootpage" IS NOT NULL;
2026-09-05 13:34:26.970 +05:30 [INF] User profile is available. Using 'C:\Users\KA40023030\AppData\Local\ASP.NET\DataProtection-Keys' as key repository and Windows DPAPI to encrypt keys at rest.
2026-09-05 13:34:27.392 +05:30 [INF] Now listening on: http://localhost:5214
2026-09-05 13:34:27.397 +05:30 [INF] Application started. Press Ctrl+C to shut down.
2026-09-05 13:34:27.399 +05:30 [INF] Hosting environment: Development
2026-09-05 13:34:27.400 +05:30 [INF] Content root path: D:\OneDriveBackup\ELF\Assignment\Elf.Brewery\src\Elf.Brewery.Api
2026-09-05 13:34:27.921 +05:30 [INF] Request starting HTTP/1.1 GET http://localhost:5214/swagger/index.html - null null
2026-09-05 13:34:28.295 +05:30 [INF] Request finished HTTP/1.1 GET http://localhost:5214/swagger/index.html - 200 null text/html;charset=utf-8 377.1508ms
2026-09-05 13:34:28.920 +05:30 [INF] Request starting HTTP/1.1 GET http://localhost:5214/swagger/v1/swagger.json - null null
2026-09-05 13:34:29.391 +05:30 [INF] Request finished HTTP/1.1 GET http://localhost:5214/swagger/v1/swagger.json - 200 null application/json;charset=utf-8 470.7001ms
2026-09-05 13:44:09.914 +05:30 [INF] Executed DbCommand (24ms) [Parameters=[], CommandType='"Text"', CommandTimeout='30']
SELECT COUNT(*) FROM "sqlite_master" WHERE "type" = 'table' AND "rootpage" IS NOT NULL;
2026-09-05 13:44:10.695 +05:30 [INF] User profile is available. Using 'C:\Users\KA40023030\AppData\Local\ASP.NET\DataProtection-Keys' as key repository and Windows DPAPI to encrypt keys at rest.
2026-09-05 13:44:11.104 +05:30 [INF] Now listening on: http://localhost:5214
2026-09-05 13:44:11.112 +05:30 [INF] Application started. Press Ctrl+C to shut down.
2026-09-05 13:44:11.115 +05:30 [INF] Hosting environment: Development
2026-09-05 13:44:11.116 +05:30 [INF] Content root path: D:\OneDriveBackup\ELF\Assignment\Elf.Brewery\src\Elf.Brewery.Api
2026-09-05 13:44:11.878 +05:30 [INF] Request starting HTTP/1.1 GET http://localhost:5214/swagger/index.html - null null
2026-09-05 13:44:12.256 +05:30 [INF] Request finished HTTP/1.1 GET http://localhost:5214/swagger/index.html - 200 null text/html;charset=utf-8 384.2173ms
2026-09-05 13:44:12.704 +05:30 [INF] Request starting HTTP/1.1 GET http://localhost:5214/swagger/v1/swagger.json - null null
2026-09-05 13:44:13.146 +05:30 [INF] Request finished HTTP/1.1 GET http://localhost:5214/swagger/v1/swagger.json - 200 null application/json;charset=utf-8 442.6821ms
2026-09-05 13:44:35.731 +05:30 [INF] Request starting HTTP/1.1 POST http://localhost:5214/api/auth/token - application/json 56
2026-09-05 13:44:35.766 +05:30 [WRN] Failed to determine the https port for redirect.
2026-09-05 13:44:36.061 +05:30 [INF] Executing endpoint 'AuthController.Token (Elf.Brewery.Api)'
2026-09-05 13:44:36.112 +05:30 [INF] Route matched with {action = "Token", controller = "Auth"}. Executing controller action with signature Microsoft.AspNetCore.Mvc.IActionResult Token(LoginRequest) on controller AuthController (Elf.Brewery.Api).
2026-09-05 13:44:44.209 +05:30 [INF] Executing OkObjectResult, writing value of type 'TokenResponse'.
2026-09-05 13:44:44.239 +05:30 [INF] Executed action AuthController.Token (Elf.Brewery.Api) in 8115.3825ms
2026-09-05 13:44:44.240 +05:30 [INF] Executed endpoint 'AuthController.Token (Elf.Brewery.Api)'
2026-09-05 13:44:44.240 +05:30 [INF] Request finished HTTP/1.1 POST http://localhost:5214/api/auth/token - 200 null application/json; charset=utf-8 8509.1407ms
2026-09-05 13:45:15.571 +05:30 [INF] Request starting HTTP/1.1 GET http://localhost:5214/api/v1/breweries - null null
2026-09-05 13:45:15.710 +05:30 [INF] Executing endpoint 'BreweriesController.Get (Elf.Brewery.Api)'
2026-09-05 13:45:15.734 +05:30 [INF] Route matched with {action = "Get", controller = "Breweries"}. Executing controller action with signature System.Threading.Tasks.Task`1[Microsoft.AspNetCore.Mvc.IActionResult] Get(BreweryQuery, System.Threading.CancellationToken) on controller BreweriesController (Elf.Brewery.Api).
2026-09-05 13:45:19.288 +05:30 [INF] List breweries search=null sortBy="Name" page=1
2026-09-05 13:45:26.632 +05:30 [INF] Executed DbCommand (3ms) [Parameters=[], CommandType='"Text"', CommandTimeout='30']
SELECT "b"."Id", "b"."BreweryType", "b"."City", "b"."Country", "b"."LastRefreshedUtc", "b"."Latitude", "b"."Longitude", "b"."Name", "b"."Phone", "b"."PostalCode", "b"."State", "b"."Street", "b"."WebsiteUrl"
FROM "Breweries" AS "b"
2026-09-05 13:46:45.832 +05:30 [INF] Executing OkObjectResult, writing value of type 'PagedResult`1[[BreweryDto, Elf.Brewery.Application, Version=1.0.0.0, Culture=neutral, PublicKeyToken=null]]'.
2026-09-05 13:46:55.398 +05:30 [INF] Executed action BreweriesController.Get (Elf.Brewery.Api) in 99662.798ms
2026-09-05 13:46:55.402 +05:30 [INF] Executed endpoint 'BreweriesController.Get (Elf.Brewery.Api)'
2026-09-05 13:46:57.912 +05:30 [INF] Request finished HTTP/1.1 GET http://localhost:5214/api/v1/breweries - 200 null application/json; charset=utf-8 102340.6718ms
2026-09-05 14:32:48.885 +05:30 [INF] Executed DbCommand (15ms) [Parameters=[], CommandType='"Text"', CommandTimeout='30']
SELECT COUNT(*) FROM "sqlite_master" WHERE "type" = 'table' AND "rootpage" IS NOT NULL;
2026-09-05 14:32:49.288 +05:30 [INF] User profile is available. Using 'C:\Users\KA40023030\AppData\Local\ASP.NET\DataProtection-Keys' as key repository and Windows DPAPI to encrypt keys at rest.
2026-09-05 14:32:49.503 +05:30 [INF] Now listening on: http://localhost:5214
2026-09-05 14:32:49.507 +05:30 [INF] Application started. Press Ctrl+C to shut down.
2026-09-05 14:32:49.508 +05:30 [INF] Hosting environment: Development
2026-09-05 14:32:49.509 +05:30 [INF] Content root path: D:\OneDriveBackup\ELF\Assignment\Elf.Brewery\src\Elf.Brewery.Api
2026-09-05 14:32:49.996 +05:30 [INF] Request starting HTTP/1.1 GET http://localhost:5214/swagger/index.html - null null
2026-09-05 14:32:50.181 +05:30 [INF] Request finished HTTP/1.1 GET http://localhost:5214/swagger/index.html - 200 null text/html;charset=utf-8 185.723ms
2026-09-05 14:32:50.607 +05:30 [INF] Request starting HTTP/1.1 GET http://localhost:5214/swagger/v1/swagger.json - null null
2026-09-05 14:32:50.813 +05:30 [INF] Request finished HTTP/1.1 GET http://localhost:5214/swagger/v1/swagger.json - 200 null application/json;charset=utf-8 206.1101ms
2026-09-05 14:33:19.669 +05:30 [INF] Request starting HTTP/1.1 GET http://localhost:5214/api/v1/breweries - null null
2026-09-05 14:33:19.726 +05:30 [WRN] Failed to determine the https port for redirect.
2026-09-05 14:33:20.019 +05:30 [INF] Executing endpoint 'BreweriesController.Get (Elf.Brewery.Api)'
2026-09-05 14:33:20.054 +05:30 [INF] Route matched with {action = "Get", controller = "Breweries"}. Executing controller action with signature System.Threading.Tasks.Task`1[Microsoft.AspNetCore.Mvc.IActionResult] Get(BreweryQuery, System.Threading.CancellationToken) on controller BreweriesController (Elf.Brewery.Api).
2026-09-05 14:33:27.995 +05:30 [INF] List breweries search=null sortBy="Name" page=1
2026-09-05 14:33:33.187 +05:30 [INF] Cache miss for key: breweries:all
2026-09-05 14:33:37.937 +05:30 [INF] Cache miss for key: breweries:all
2026-09-05 14:33:40.583 +05:30 [INF] Executed DbCommand (2ms) [Parameters=[], CommandType='"Text"', CommandTimeout='30']
SELECT "b"."Id", "b"."BreweryType", "b"."City", "b"."Country", "b"."LastRefreshedUtc", "b"."Latitude", "b"."Longitude", "b"."Name", "b"."Phone", "b"."PostalCode", "b"."State", "b"."Street", "b"."WebsiteUrl"
FROM "Breweries" AS "b"
2026-09-05 14:33:47.289 +05:30 [INF] Cache set for key: breweries:all
2026-09-05 14:33:53.681 +05:30 [INF] Executing OkObjectResult, writing value of type 'PagedResult`1[[BreweryDto, Elf.Brewery.Application, Version=1.0.0.0, Culture=neutral, PublicKeyToken=null]]'.
2026-09-05 14:33:53.716 +05:30 [INF] Executed action BreweriesController.Get (Elf.Brewery.Api) in 33658.6703ms
2026-09-05 14:33:53.716 +05:30 [INF] Executed endpoint 'BreweriesController.Get (Elf.Brewery.Api)'
2026-09-05 14:33:53.717 +05:30 [INF] Request finished HTTP/1.1 GET http://localhost:5214/api/v1/breweries - 200 null application/json; charset=utf-8 34048.2205ms
2026-09-05 14:34:14.306 +05:30 [INF] Request starting HTTP/1.1 POST http://localhost:5214/api/v1/breweries/refresh - null 0
2026-09-05 14:34:14.341 +05:30 [INF] Executing endpoint 'BreweriesController.Refresh (Elf.Brewery.Api)'
2026-09-05 14:34:14.350 +05:30 [INF] Route matched with {action = "Refresh", controller = "Breweries"}. Executing controller action with signature System.Threading.Tasks.Task`1[Microsoft.AspNetCore.Mvc.IActionResult] Refresh(System.Threading.CancellationToken) on controller BreweriesController (Elf.Brewery.Api).
2026-09-05 14:34:14.355 +05:30 [INF] Refreshing breweries from external provider
2026-09-05 14:34:14.359 +05:30 [INF] Refreshing breweries from external provider
2026-09-05 14:34:15.030 +05:30 [INF] Start processing HTTP request GET https://api.openbrewerydb.org/v1/breweries?per_page=200&page=1
2026-09-05 14:34:15.044 +05:30 [INF] Sending HTTP request GET https://api.openbrewerydb.org/v1/breweries?per_page=200&page=1
2026-09-05 14:34:16.946 +05:30 [INF] Received HTTP response headers after 1897.8505ms - 200
2026-09-05 14:34:16.950 +05:30 [INF] End processing HTTP request after 1921.4629ms - 200
2026-09-05 14:34:16.990 +05:30 [INF] Start processing HTTP request GET https://api.openbrewerydb.org/v1/breweries?per_page=200&page=2
2026-09-05 14:34:16.990 +05:30 [INF] Sending HTTP request GET https://api.openbrewerydb.org/v1/breweries?per_page=200&page=2
2026-09-05 14:34:18.017 +05:30 [INF] Received HTTP response headers after 1026.4931ms - 200
2026-09-05 14:34:18.019 +05:30 [INF] End processing HTTP request after 1029.0751ms - 200
2026-09-05 14:34:18.057 +05:30 [INF] Start processing HTTP request GET https://api.openbrewerydb.org/v1/breweries?per_page=200&page=3
2026-09-05 14:34:18.058 +05:30 [INF] Sending HTTP request GET https://api.openbrewerydb.org/v1/breweries?per_page=200&page=3
2026-09-05 14:34:19.039 +05:30 [INF] Received HTTP response headers after 980.4936ms - 200
2026-09-05 14:34:19.040 +05:30 [INF] End processing HTTP request after 982.8313ms - 200
2026-09-05 14:34:19.081 +05:30 [INF] Start processing HTTP request GET https://api.openbrewerydb.org/v1/breweries?per_page=200&page=4
2026-09-05 14:34:19.082 +05:30 [INF] Sending HTTP request GET https://api.openbrewerydb.org/v1/breweries?per_page=200&page=4
2026-09-05 14:34:20.038 +05:30 [INF] Received HTTP response headers after 954.4745ms - 200
2026-09-05 14:34:20.039 +05:30 [INF] End processing HTTP request after 957.4885ms - 200
2026-09-05 14:34:20.064 +05:30 [INF] Start processing HTTP request GET https://api.openbrewerydb.org/v1/breweries?per_page=200&page=5
2026-09-05 14:34:20.068 +05:30 [INF] Sending HTTP request GET https://api.openbrewerydb.org/v1/breweries?per_page=200&page=5
2026-09-05 14:34:21.093 +05:30 [INF] Received HTTP response headers after 1024.6572ms - 200
2026-09-05 14:34:21.094 +05:30 [INF] End processing HTTP request after 1029.5719ms - 200
2026-09-05 14:34:21.131 +05:30 [INF] Fetched 1000 breweries from OpenBreweryDb
2026-09-05 14:34:21.341 +05:30 [INF] Executed DbCommand (3ms) [Parameters=[], CommandType='"Text"', CommandTimeout='30']
SELECT "b"."Id", "b"."BreweryType", "b"."City", "b"."Country", "b"."LastRefreshedUtc", "b"."Latitude", "b"."Longitude", "b"."Name", "b"."Phone", "b"."PostalCode", "b"."State", "b"."Street", "b"."WebsiteUrl"
FROM "Breweries" AS "b"
WHERE "b"."Id" IN ('ae7b3174-8be8-4d53-a3a5-9b8240970eea', 'aa7cbe9b-3a0f-4888-9884-6186b0042b55', '1034754f-abf9-4b42-bd6d-37e110ba4b1a', '5128df48-79fc-4f0f-8b52-d06be54d0cec', '9c5a66c8-cc13-416f-a5d9-0a769c87d318', '34e8c68b-6146-453f-a4b9-1f6cd99a5ada', '21f21cc0-5b2f-4b79-be29-3bc625bcc4c8', '6d14b220-8926-4521-8d19-b98a2d6ec3db', 'e2e78bd8-80ff-4a61-a65c-3bfbd9d76ce2', 'e432899b-7f58-455f-9c7b-9a6e2130a1e0', 'ef970757-fe42-416f-931d-722451f1f59c', '9f1852da-c312-42da-9a31-097bac81c4c0', 'ea4f30c0-bce6-416b-8904-fab4055a7362', '1988eb86-f0a2-4674-ba04-02454efa0d31', '1ecc330f-6275-42a5-b14e-00adbed62752', '7531dbd8-afc9-4b5b-95bc-7ece7f2c0bf3', '49eaa1ab-5cee-40cd-a0dc-da14ba2b7dac', '5ae467af-66dc-4d7f-8839-44228f89b596', '4ffda196-dd59-44a5-9eeb-5f7fd4b58f5a', '42aa37d5-8384-4ffe-8c81-7c982eff0384', '232e8f62-9afc-45f5-b4bc-582c26b5c43b', '08f78223-24f8-4b71-b381-ea19a5bd82df', '58293321-14ae-49d7-9a7b-08436c9e63a6', 'e5f3e72a-fee2-4813-82cf-f2e53b439ae6', 'd81ff708-b5d2-478f-af6a-6d40f5beb9ac', 'f4284868-386f-46c2-adda-0436d6a9e3bd', 'fb94830f-6196-4f59-9189-c9060b778085', '0faa0fb2-fffa-416d-9eab-46f67477c8ef', 'e54c2f02-acd6-4172-861d-fcfa54c8701a', 'd5cb896d-3e99-4e19-9693-5e06ce987e53', '06e9fffb-e820-45c9-b107-b52b51013e8f', '50521ef7-f543-4c5d-98b1-0d0ee1a2be01', '950180bd-29c9-46b3-ad0c-e6f09799ec7f', '45119c56-345b-4adc-b481-c5cf7bfe98c4', '936c3d7e-5d54-4459-b72c-117cdda059b4', '5c53b314-ebab-4e3e-89be-e4139d9318ae', '19ff5276-c1b2-423a-b6ac-ae47f97efc96', '4788221a-a03b-458c-9084-4cadd69ade6d', 'b7b68d22-5045-4501-b9bf-ec94946eaffc', '4b677b60-fef1-42e2-90ef-dadc1bd7fb06', '6c53984f-fac1-4ea7-9c44-44e25897c71a', 'c1dc2b15-1ad0-4af4-840b-13a5c204f19a', '85192a9c-58a4-48c3-bd9d-496d09d22aa3', '284b44f8-6ccb-4cd6-8d06-f2ad882a47c3', 'ee6d39c6-092f-4623-8099-5b8643f70dbe', 'd35b40b0-a3ff-4878-a6ee-9caa2149b521', '84bd3b3c-bd2d-4e07-bc31-b43a8c8ebf4c', 'f41a0c47-ba9b-4547-bfed-fcbefe0fc74b', '84d621c4-81a5-44e6-aca7-1566c2e67cc0', '896f26a1-d80e-4790-9287-026a86c1799d', '31935dfe-87ab-4b3c-b845-1347e78f3d98', '46839a79-b7bf-4733-b91b-ce116d062a57', '1a1b2165-73ed-40aa-b89b-56794d140f22', 'fe6b9893-b93e-43d5-a9f6-3e0c89a3f13c', 'b51f3cdf-60ff-4ae1-94a7-76906c7d62eb', 'add7f978-942e-4d56-b209-c80837a51d69', 'dbde8235-2b55-4d8b-8b1c-438155abe104', '4f4b5b34-d572-4dff-a18f-47e507c073e6', '4ccad9b9-f9cf-4d21-b6d5-ab005ee1532d', '4a09f017-db8f-42e1-a8ec-a0cd81c28761', '4dcaeaa3-d7cc-4016-9392-5bde4e3a8f4d', '9046adec-ed04-4c60-8043-4a02e9e2dabc', '8436b02b-9a06-474c-b5eb-8ff9aedf1f99', '2005a2bb-0f89-4520-8553-f79cf0b4c909', 'd30841d8-0152-469f-9a19-1b97a5f965a6', '6948c755-a504-42f9-88e8-d04d027731e5', 'fb2460bb-d6bb-4690-a700-f0b5628cc7dd', '836cb05e-ee8f-4798-859e-fe0bedb0186a', '5ec3b488-48bd-49a7-9828-05bd90195cd5', '8624d11b-8593-49a8-89b4-c46a0f111cd7', '5cda93ce-6b16-4374-9d43-bb4383be0187', '64a48d9e-08e9-45e3-83ca-f00d24bb7e49', 'c018299b-db2d-438b-b58c-ecaa0f07a0df', '00fdce16-e1dd-4678-87f2-45550f9083e1', '46a8ed58-5d1a-413e-871e-d2d29d6d43f0', '63baab9a-b561-4eff-8619-f95290a61b77', '8f9621dc-da98-4ddb-82a1-039c9e2b3224', '84337872-75da-4cdd-9f8f-1e1691f21642', '2711c5ad-83cb-4917-932e-b8bbf1a25ffb', 'e05dc493-284f-4ece-995e-19899398f077', '29c73154-9117-4f27-98e1-b5bb5f69c055', 'c70c8ad5-4bfa-4b2a-a383-7e7d15e0baf9', '6751228c-5373-4a54-8d68-72df6849a437', 'e0444512-54a6-4a44-b5bb-0f9b88326454', '43cd61af-dd59-4a91-8e3f-fce26a141a9b', 'd6e77d51-2fa2-44cb-89b3-c94bf1dc77df', '7d13ee75-e7e3-4623-862a-43a18dd6a1ae', '5fdcc498-f9df-4fa5-b35d-487a59f0fecc', 'be0ec266-d637-42e4-94ba-4ce21e456054', 'fb8eee34-da8a-42b2-bc4c-77020024a7f0', '3cf2698f-4193-4591-aab3-a8ef0fbedcab', 'e2923681-b2b4-443b-9f90-6d560992e85f', '9fdb80f1-a96f-4dc4-80a2-5b0d9a246916', '58fd6094-aa06-487e-85fe-4376cd81f0ab', '065200ec-51cf-4612-b1b9-61f7db489c3c', '60c00c0b-b797-4f6a-b442-3bfbaec156ca', 'ad9ec3c5-cd44-4fcb-a4d1-cbec897839b1', 'a1887b5a-0c21-43cf-9547-527b7c11dcf4', 'a74744eb-ca98-43c5-9199-09df39f8b400', '1218736c-bfcf-4b95-b473-7399aaf60d1d', 'ed387340-ea78-4f65-9de0-15e2da50371e', '50f26a2b-242d-40af-b78b-cf975ce37761', 'a8fda9a9-026b-4b15-86b9-62b4ccb126c1', '5595bb24-e2b8-4a6e-9f0b-451fac8dd903', 'e2ddeea8-03d4-43e7-bfd0-d27797b9d016', 'bd8b76ca-a70a-4363-96cb-24f1d0118a74', 'cb56e27e-d113-4f74-925a-69305a56d082', '6c5dabed-6a59-4610-abc9-b1e958393186', '2f6062af-4d6f-42b2-b4ad-626cf01a1fec', '3b0b5b9b-f6d8-49e3-8ebd-0bcef6939bcd', '3b836ff9-8088-4df0-b2f1-8287f2a35b81', '70749225-122e-4824-852b-29680e90c8ec', 'a964a343-e4f1-40d8-9353-09ef9b74f513', '098595c2-f606-40b4-9b49-195f73fb6fd6', '63969ec8-b557-4c71-b993-ad00c99ab70e', '55de8d28-4231-4497-8ff7-3031e7bb3be5', 'dfa3f8fc-21cf-443d-ba8d-8adfc6873852', '53305a0f-9b51-4f73-bf5e-88bb0439b216', 'b84d47b5-43a1-4a05-9ee4-e795dfbf019c', '842d193f-7a1b-4960-86f8-7d6614884005', '4f70ac94-eca5-4cec-8581-92ec5afdf4f2', '694547f5-28fd-4363-bad6-03b6eaf0f1dd', '370fdc3b-55a0-43f0-a54e-f617a7cec7b8', '3c9354c5-4d21-40a8-8e53-8f2f9b5e043b', '2eed7840-ec52-48b5-b22e-d9d76bd01929', '781bda70-39b2-4f3f-9213-9d0f44c08991', 'a00c1c11-dede-4d7f-a514-bd291b6db283', 'b72f2ce6-e062-404d-ac31-c1060db2d870', 'ac2f41ed-e1e8-4586-aa78-253543db7714', 'dc652569-19d7-4f63-a999-3e8d5d6798c1', 'cbcca8ac-55f6-47cb-967f-1a77dfa959e5', '7c669ae6-460d-476b-bc56-0b4d566a152c', 'b237e2d5-dabc-41f9-a3ff-2b4e3f3a9c8e', 'd4c7fb43-6671-4597-8cdd-e938d751aca2', '9c3f919e-e6de-4e43-91cb-30f3e73ad591', 'b7f2ebb8-6764-4654-a98b-246724c8952a', 'ef60f8cf-0fdc-4ea1-aa94-09e1f869176b', 'dad10840-28ab-4dcf-9005-bf2cc2665b5a', '52dd0878-928b-4b47-b7fa-602f140592ed', '1d3084b5-c9bc-4380-9862-14e837b82bb9', 'eb3d0c66-bbe8-495d-a876-924f0c0cf509', '6b892c61-269b-453f-acd1-b79491b0ef0b', 'cd97aeab-a499-4c95-b20b-881bfe3ed6c8', 'eaa4afea-bcb5-434c-839e-ef48fe8811d0', '025dbb4f-15b3-483e-b78a-348914fa0136', 'dbf0d7e7-4e2c-4574-9dee-791d95496811', 'aea0a6f9-557e-4907-be23-d80737a071e4', '53efe9e9-dbb3-4c98-ab77-61515abef2a9', '760e8395-f2a2-4161-9bf1-c72ed1aa6ae3', 'd8b4ad26-346b-40dd-8215-b0e89ace23e2', 'c17a3e56-4d4e-405e-a21b-85f415903674', '75eff8e1-7c25-483a-a2b2-49ecdbf16d31', '257e9aac-7dbe-4656-b366-9d8a94c49d58', 'a34cb542-e683-4e86-ac8a-d285f891f083', 'f927d8d6-3151-4073-9d20-410ca617853e', '5c99b790-e00d-4ca6-86a5-37723f728690', '2af85509-aee5-46bc-ab1a-fd9b8b0026d4', '80c395e8-28c8-460a-9cc5-721fcc22410f', 'baad8dd7-b295-480c-8f64-e499562a3662', '83d47922-0a23-4b85-9c1c-d50b9135d64a', 'fafc2e23-c3bf-46d3-87c0-00e92209269b', '7e12d827-22dc-4d07-8715-8192c9680b23', '132540a2-23c8-4720-8c58-31292d264c4a', '5858b701-9e27-44e6-8ab8-b950b72c4181', '4d878d25-a8fb-49e7-93da-56d229bf46ff', '126f87c3-1c6d-4ff0-b35c-c8dfa9a8e1b4', '12e7f950-af94-4014-abdf-e09600209de9', '4a4baf4f-921c-46c0-9130-afcc4ce4f4d2', 'b0d5d69d-b439-44a6-ab3e-0cbd15658dc7', 'f4a902c1-e5a6-43da-b3e4-a1ffc97d31a9', '90d1fa86-77d7-4a21-9818-e338fa6fdb96', '258bdc0a-6d5d-4c36-bcf7-e150b3ec6333', 'eaf55668-8444-4e4f-80c2-b9f32f7e4d83', 'cc8de428-9663-466c-bae8-73ad9edf0892', '849d5961-83c5-4115-9ae4-c0e93c8d3a7f', 'e2bb50c4-260f-4f42-8306-392f7bd5f4ba', 'e5992621-3c91-4968-b913-85972aa66fbb', '76ee21a3-d4bd-4526-9ef8-5a23a4507566', '6f431fe7-b136-444b-84e3-3a2042903d93', 'ddf69cff-978e-47b6-b42e-75f102418bd0', '62871bbc-a963-4c09-9eff-eb36ade49fd7', 'f3e9ba4b-0246-44ac-9170-f095d19e8d64', 'c02412dc-7507-4047-9497-9066e454c4e1', 'af6cb069-b61a-4c69-8fd2-0a5f87c11a17', '6a928a00-bf8e-4481-ae27-a2a5b14f56e2', '8824022a-0fd9-4727-b6fa-b7aaf65eb043', 'e861ea88-9815-48a0-84ba-d2a1929178e7', '4e84a8d0-0d52-431e-a57a-da8977625bd2', '84c84db6-1120-4106-a5d3-fd65b9d7303d', '745b65a8-d682-465c-a418-0188ce5878c2', 'e062c040-4ff9-46f1-9f3d-172626694cb0', 'a1199657-e4a9-496b-88c3-999f9e7e97e9', 'a3a1eac7-b858-4bdd-81ac-c2099b717da2', '3f3220f8-75f8-4fea-a5a4-289aa3267f11', 'c00f57cf-acdd-46da-9269-d182cb87a7e4', '86fc7186-e3a3-42f2-9316-e33c8afa2b8a', '66a91db6-7d2a-4d67-a720-7f924cae3571', 'c7b3260a-b441-4dc8-958f-34c045e26f22', 'c179a049-9988-4640-821d-ddf349cdd87e', '4679ff59-8ef6-4443-b6ec-f58232c6b7d7', 'c6a766f9-a187-4e5b-9519-6c737ce0cde5', '2a7c0677-5ac3-4ed9-917e-b6214c389ded', 'eef94d73-65e8-4d94-b1de-0d4b45efe090', '745272b9-5d04-4468-b1f7-e76a75c22de9', '783c5daa-ea5c-4462-836e-c2846ad3ff4e', '187f0cfc-1433-4d8c-89c0-5b4151504a71', '3055793c-9330-4fe1-958b-fef6d2a0e057', '2d880e85-5b0f-447b-b1b2-5bcae8a4b130', '1682e94f-73ba-4035-93be-1fb28bb2cee7', 'c2bc693f-906a-46a0-a5f9-82eab2d2845b', 'a0a230f6-17b2-4460-8eca-61e57be53ed5', '2b067eab-e0b0-46b6-aaea-e40a62cf632f', 'de6341a8-881b-4d9f-9335-5e9203e8a2c3', 'de63f5c7-c340-4095-a302-f35ab8ac7179', 'b4e012c5-0f36-4d0a-a40b-cbcb29c7ceed', '42598f85-f02e-474c-9154-0aa4f1d932be', '9aeccd09-8884-4f0e-93f4-c44dacd246aa', '88a7ac77-a52b-4496-91df-b41e5831a568', '351d9dd6-5307-4d17-84ba-60083fa56dcf', '1a743eec-cc52-4f5e-876b-ef3bcd924e84', '5b627789-ff7e-4890-a7cf-24572bf547a2', '7918a6dd-08d0-4157-a841-01b20a9a7a4c', 'b18435d9-dac9-46aa-aced-4b6e562fc301', '5a7b05f9-bf7b-49a2-a1de-0c1fe01b9374', '9a3e6429-28fc-49f9-8016-d9ba38735214', 'aa0d914e-2fdb-4e6d-9aa9-f7cdbf9bd4fd', '9f280016-c5cb-4b7a-8c1a-f39237c954eb', '13df8f4f-ce22-4f46-ad1d-8a6eaa86f1b4', '149a0cb0-fdc3-4a41-b086-c0aac49de23c', '8311d675-4efa-427a-82ba-b06d2cbaaa93', '9c7b9f2a-6deb-44a1-9b3e-f83952a4db38', '9c5acc37-15fa-4838-91ee-47bf27a94777', '1ea0bdd3-13a9-46a6-be01-5681c18a226b', '0775bc5e-b1f1-4f8c-9546-b7546251d918', '77789be2-5bfb-4a17-9e85-5cf50411d2f3', '30d8f77b-aeec-4435-a280-16bacd1b1c97', 'b161916f-3f69-4f16-8059-eef9eee6877c', 'e2fa853c-ca91-4043-878d-0bcee9900ea3', 'c074ba4c-0b31-4344-a85a-7930df7fb410', 'f8ab9530-289b-4684-89f1-474e89f4c5ae', 'c5f6426e-f894-4bfc-9ffb-43bc0baa0881', 'e6780612-ff74-4289-8718-a229529e3ee1', '31678502-edf6-4eb0-bc10-4ede5ac279b6', '00221d0f-2ed7-41d1-95b8-d8b1bfbc8b0e', '4db32843-26ff-4e73-9e24-1cb874109b24', '28e05fda-77a4-4a5a-9f8a-08169ec07ce5', 'bec6adc5-3a3b-4793-8364-c58f16e88cc8', '9de7f346-3918-4e5c-b59e-a36bf61b0441', '67525d30-1f18-4f03-a8ba-28a1153955eb', '600f88e5-9dc9-4a41-b54e-909c292ba4bb', '98b6e0ab-22ba-4864-80b0-a967ca61e536', '829f7243-78f3-4282-b0e8-1a5fcb10a229', '93b979f7-1a8a-4134-aad9-ebc674cacb6f', 'e6edd20a-fcb9-4636-9e82-22d07b4632b0', 'b52bfb27-345f-4add-bfc3-1b6fc67ab55b', '7fa5779e-88df-42ab-895b-412b635498ae', 'aa222a0a-5c53-40b6-bc4a-6406fde4a23c', '1a6206ad-e34b-421d-92d9-ba409cfedf82', '2fe1e670-d832-4ba5-b957-f86a09ee062d', 'ea7f7091-5e37-4762-bbcc-9a51702c99c1', '22e2b160-6470-4a9a-a375-80f4db7fe0c8', 'd1142d5b-e9e8-47bd-b3a8-3ce42c22ddda', '0d0f85e7-bc2d-44fc-bf27-4f14e5d6136a', '9ff5f718-dee7-4e69-b79c-6250de87e840', 'a180c4e0-77cc-4088-951c-62192abd99d4', '1b7f0552-3b1a-4737-8cb4-eb8d7134d903', '7f104ccf-6720-48ff-a2cf-5c05dd88aaf1', '9e48e89b-22b3-44d9-a0b9-eab4f611009f', '5b99dc11-165e-4cf0-873d-1a7bd1ded0a9', '1b7ff36c-d91b-4f04-9ee0-48622eac5aa9', 'f83d4bed-0760-4802-900e-c2ed6e874968', '49e805d3-70e3-4c21-81d6-d21e290ffefe', '2861f9b7-ebe4-49a5-a047-8aa0c142dbf3', 'a0111777-1fe6-4c8c-864e-c2518f5d5670', 'ef2e3826-f9b5-44d2-b901-331aa728a8cd', '73e05bc6-30a9-42f5-917e-08def2fa33fa', 'd4661358-81e2-454d-9fe2-b08ef6fc16fe', '82b967b9-3808-4716-9a51-58f80cd038c6', 'e77c24b4-8b21-4d28-a9c0-568623b77cd9', '6f0bba92-cc4b-49df-ad02-827b08bd7272', '59b8c8b8-6850-4b24-81f0-a16a9cd87773', 'ae6f8bbe-8968-467b-9747-89797ebf2b55', '2d26c5df-aa29-4c3b-9d56-5a83d5102f41', 'c0141e60-805d-4add-be50-1a16498a20b3', '2af98c75-bbe2-4496-a2c7-aaa8d03d0fab', '580dba92-5b7a-4e6c-9129-ac5621c90ecd', '333c81a4-9bcd-4699-b28a-2c49dd696596', 'c185b848-a69a-4d73-8a33-7b6f0db2e3fc', '1844257e-dab7-421d-9a9e-f594a3943b2f', '3d00e6db-0f45-43a5-add5-b9455edfdccb', '68855f86-415a-44e9-a0ab-53e6c8b10a3d', '5ad38209-903f-4200-946e-ae435947252e', '85c7bc77-387c-449f-8091-6c694b35077c', 'f1ed5260-13cb-4f22-a4ac-0e1f7f676a12', '28af2ac4-6064-4d0f-bf89-28d35cebed37', '685be3dc-20b8-434d-880c-d7aabac5bfc0', 'b4896cfc-4731-4bc7-8794-d2d6650f7fe2', 'b9f4f532-15df-4a50-b15e-e5cd5d41977b', 'dfec4bba-cfbc-4562-b6be-f0563f51821a', '4feeca61-265e-4195-9234-75f78693fd14', 'f4c592ed-4c20-4b87-bb35-64f894a6cc6b', '9737bf0c-b29e-49d7-9778-3951072eb147', 'd9578437-2aa8-45ab-97f2-cf6f7074d9af', '828ee507-7142-4c7c-9f0b-82964d4195d0', 'f767a00f-fbd9-4d31-abe6-902149c0158a', '645a43c4-74b2-47e5-a795-f2b0f678df52', 'd4f4e76b-b971-4dcb-8a9b-d6c36a3e8c22', '64d12e0f-0abc-41ce-96c2-cd45b04d35e4', 'a4c08e73-ecff-4fe1-9911-edb865e75229', '06ac0316-a30f-40c6-acb7-c08fea0c30b1', '39e91766-af3e-4074-9d49-26ca621e45dc', '4118fa1a-3ac2-4da1-a99f-fb5fb7d10501', 'b7db853a-e8aa-430f-84c8-d49b72184d01', '07ad4030-fb5b-4eb7-9b28-d7f5556b145d', '6fbd1118-ceea-4be9-a784-45dd623f16f0', 'edf1c0fb-cce0-44ec-8d98-dd4778e2d533', '4f79f427-8214-4048-8636-63cef96b33da', 'aa3c4d60-4fb2-49e2-980c-6a61672d90cb', 'd065903f-f9fc-4e4c-a64d-9b69905431b5', '49f94bf3-f861-4b9f-b773-9c43f0070ed1', 'd188560a-fd0d-4a44-9e4b-11aab9db8205', '4c8a98d1-1012-4814-82a5-20c68b131442', '26147e1c-c0f7-40ae-8572-df23afe8e266', '943f1201-9c0d-4717-95e3-0756a906f527', 'ec26cd9a-540f-4f23-b030-670115eed645', 'b1f7a6c5-a4e0-477b-a380-17f8a0120e2d', '091edbcc-f9fc-484e-9c04-c18ed505e2ac', '3b82ff84-920e-47c3-bd1c-ab1477dc02cf', '5958cbc2-f9d9-4bc3-9b9a-7469ce2d84d9', '8135f18c-0c31-4b4d-bb22-84eccf498e9c', 'c812aa3f-208b-49e2-a1e6-96cae8943605', 'e51921d1-17c2-4f4d-93b4-d88fe56c27de', 'e13a5403-3cd7-4dbf-92f1-e48d0f26c750', '13f19f47-cac4-44df-b4f3-728e4dcde6c5', 'afeb4f72-555d-4169-8e3c-c3291b197db9', 'e9f93b6a-72c5-4e40-9511-705480434310', '148e8fb4-4977-4ba8-8fa6-1133a56198d4', '797c9175-fb51-44d3-ad4b-d46b42367fdc', 'ea06694a-32f8-4026-b22e-aeb880848b4d', 'd678c1a4-713e-483e-8c60-c891d5cf043e', '1170049c-c20d-43c8-9475-0a42599f144c', 'f1e3ff3e-078c-46c3-85ae-62f86d3a3a21', 'e24e7630-6027-4f49-b85f-f4724aa749f9', '31746e2a-3704-458f-8235-437f53d5afe1', 'f8097dbc-c8e6-4068-9540-5c4bd4ac0bcf', '40093c50-b89d-443f-9ac7-b24a000d8f48', 'f15f6ebf-0d80-4e6b-ad38-fb0ca9f3d3ed', 'e4148f94-4ce9-4fd2-9b05-faabdcca2b09', 'ed3ea3ae-04d3-4356-ab96-a74514992a50', '5860a6e0-1bf6-4334-8797-e5668fc22db0', '9da0a260-5b85-4490-824a-a397446c17dc', '083b7953-133d-453f-ada0-2b3541d1931c', '45a2116d-d9d2-4114-b15f-736d9557f00c', 'e1f999c9-3012-41ab-869b-767125e19b7f', '68b447a3-c65c-459f-8d02-334757bc6f71', '9437ff36-f77f-4fe1-ae02-8324a0d14945', 'e36f9132-3c0b-41d4-b074-b54286d6a9a8', '3739eb53-8291-42e1-894c-7989ed872f2d', '108b8592-3098-42a3-b466-5c60e2e626af', '61853d49-62af-44bc-b0f7-bbc0faa89d30', '82ea8f08-2026-43f8-b1a7-cc57ebe8c0bb', '8a7a2bc0-0f42-4889-94ef-7f8f647268fa', '0924f3af-e548-446b-baf8-687ea51b02ae', '9b4f31d5-61b4-46ed-b501-6acc4d428666', '3f583ab8-71bf-4009-9257-193ef53a1fe1', 'cfa61f1d-4b3b-4fb1-a35a-f1fe25411e7c', '95a483ca-d13c-4e78-bfd6-658149d2e874', '328d8ab7-c82a-44c6-b252-e6d85e39b14c', '9c3b028c-2949-4216-ba66-fbb098734cde', '454df518-8ed7-4570-9588-4a8cfdf9b923', '10795316-cc0d-42d7-80c7-e237aae40a06', '1b259770-4334-44ad-be18-8097be571df6', '6889b781-b8f6-4a5a-a1ef-ab3e4c72aed9', '6e103afb-f4ad-4fea-bf67-b31d390c269d', '4d43c467-2e30-4b93-a25c-d1e46998dc07', '085c97d4-5a01-4e28-a1c6-683bf773b062', '9a6f84d7-194b-426d-999f-c1be9beb835d', 'fc0ae4ac-07b5-4df2-a1d2-0785af183a35', 'cc1c18dc-77d7-4ca5-b3b7-8180f77feecd', 'b3bea277-345d-4154-9a79-1c9364ee0172', '30ef2457-11c4-48ef-ae58-37109ceda4c7', 'abe71cdf-8c92-4be2-adac-902d1a14e7bb', 'dc9fb80b-fb92-47c2-8b13-9a6f6990f99e', '0edb8050-2911-4a04-a99a-7927e05cd018', '810e0e7c-293a-4e3e-a557-13691d30d399', '632eb7c1-e7ef-4b2e-b5ae-b7f140ff0c7c', '1d7c2273-8031-40d2-bb50-7f518722e291', 'd8dd6a64-c201-471f-a0a1-0fc8d04b5b49', '9d64f11c-4f42-41c6-8ba7-768f7bf9ec13', '3345a490-cc70-449e-b037-939398bd0f25', 'ddae7cb2-84c9-44f0-bbab-93781b5cf837', '98939b4a-14d7-4427-a99e-3d686784abca', '8e69dcd6-de4f-41b5-a9be-cc35844fb273', 'df78986a-9a20-4a4b-a718-26698af122d6', '0474f95d-9e16-4b45-b789-93827fcc13c2', '36ee96e3-cb87-460b-bbb8-2c2a3c33b28a', '728f9750-1c56-48be-9f96-b26d04215958', 'ce487823-fb0a-4ad9-b3de-2f2ec4ce0631', '7c5ca24c-37df-43db-859f-ac5831866aef', 'f14b5ab3-92fc-487f-9869-07b1c8db5bf7', 'ad3a2f17-d7a8-432a-91c0-1ff29b4398fd', '0e8bc17d-a0f8-4cd8-b207-eeb0fe369d01', 'ddd11477-dab1-4aae-a129-5b1a6248c3a9', '1c5e34bb-a0bb-4342-a964-a65f7b19ccca', '783328ef-b388-445a-bb53-9b66c6f132f8', '7bb77ea1-fc74-4689-bf5e-0ee1e39c244b', '6df21f70-1f25-460c-956a-f98a9576d82c', 'c7009224-b9ce-44d0-b426-cd0a1e95d6f9', '0026ad13-246b-4091-b344-641934ef7cc3', '444584ea-a619-4144-9b6a-b71b33ad2447', '6dcf0b1b-3933-4207-bf88-0a37ee98994a', 'e25f3ee3-987d-4305-a595-56a957116658', 'bc5800fb-993e-4abd-a8a4-29b62a9794c5', 'b71c080f-8514-4100-bbb3-40d2582b8122', 'be64e523-9c15-4348-87e5-c6747b87abcb', 'c1e6f260-1f52-4e38-bc14-ae58fdb7bb14', '68410dce-b145-4c0a-993f-08fc280cc9c8', '773770b1-b840-45c1-8bff-487ac7268d25', '7d0a71c4-cec0-431b-be2f-d125a9b9a44b', '08bf17d8-5f8f-40bc-88cb-5661f0791b35', '15ccd19e-e5bc-4216-939f-3d3348fb6d5c', '5f49e25d-e936-4b8e-b7b9-9894658035f9', 'a649a8d5-f59e-4007-bf75-e1609ef76467', 'b3b2c0e1-84a4-4412-a6a9-1b4825d1edfb', '1a6103ad-023a-4710-988f-17e47a6732c2', '97ea0a56-c25b-45ab-afaa-ff0b37d68de5', '5306cc0f-35c0-4168-b49b-ea965437dc8e', 'c33a8963-8d53-45be-ade3-5f8cbf08d3e7', '5fffcb8c-fbca-4633-8ef4-7bfd7dd6d473', 'a580bbc1-343c-4213-968d-6f332755f739', 'ef19c7ac-4313-4b3a-80bd-890f59ece1ea', 'f02ee574-d02d-486f-8d2e-851ad54b25ab', '5e4e7f13-1e56-4715-b575-37522b595062', '2b3bdfe8-47fd-4105-939e-57c9864e83b4', '29c900c4-16b4-45ef-b688-061ed0fe8bd4', '538f360a-f2b7-48fc-aa66-3ed35af0f62e', '4c92654b-a82a-4a9a-8c3f-fc03886a0be7', '6ec8cb60-72f6-4c30-af4b-3e59e736b3fc', 'f6350f89-c5df-4969-81b2-358b6e8e6ed0', '045441f8-1882-4960-9e4d-0a32d24625e6', '32dd19c9-33b8-4ed5-b5f0-1fb5f5d8ad02', '9bd199ef-1796-410e-abaa-1a4c9da3a1ca', 'aacf9c9e-ec62-43b9-bcaa-877d54ffce8b', 'fb1c5883-f652-4375-b887-a424584d0d9d', '7fe7f410-f9f7-4eed-a402-648d3651e910', 'f4e14ed9-3db6-4829-a08f-3f964717e489', 'f330bf2b-e342-4265-b41f-59d8ebf8bba7', 'be80d6fe-27bc-4b12-a046-e7fc8fd947b6', 'fd0d376e-1c1d-48ce-ba6f-897298c20b85', 'c3f5bb6a-c7f4-45a9-829c-3978625f111e', '1bfbea82-92f0-4a1e-84a4-22ac478419ec', '3502ea97-053f-48b4-a0f8-bda50f63f11c', '75c3d25e-3af4-4275-8195-0027095e8bfb', '0ca77251-a864-4c0b-b4f1-dbca8de2dc8a', 'f99c834f-df7e-41e9-8236-ce0d25e43189', '3447e49a-c978-471a-8c46-62244ca757b8', 'e6663203-a997-403b-b130-63dd975b00c6', 'bdc1beb9-2832-4c44-aa63-289726c3a13f', '126392f8-8260-4619-a561-ec20153c6779', '83a97464-95b4-4dca-9b1c-80eedf59bca7', '25809e1c-0c76-498b-8a57-d6b85ff24c3c', 'ce8f55f6-ba10-4d74-94c3-e26cc131f473', '6c8aafd9-6e4a-4f1d-9dc0-a5e4cb710dce', '032a363c-447b-495a-bfed-814201b877c0', 'e7344bbe-edbd-45ed-9938-5dde5a6a55f7', '1d690623-2a47-4bb2-aecb-08f51a8ef390', '20502436-b1ab-4f6a-9df4-36f465071947', '55bbdf14-e891-4572-9ed2-9c6bf25edda9', '6fad664c-ba6d-4ac1-be03-408cc65ab70a', 'bdf3e527-3362-46ec-829a-0804de5150a3', '51bc8efd-7da5-437c-b95d-af24c8120ff9', 'adb4eef2-cd2f-4664-9912-c58890711b30', 'bd12815b-aceb-485f-9070-e37b03bbcbb4', 'be95afe2-de19-4b3b-8c83-a24ac9cd4aa7', 'a7e8257d-956d-46ca-81f4-33d1b6a13fc8', '66f0b03a-d8b9-4b1b-8ff3-55fe85929e96', 'd4e376b6-3aad-46ae-ae8d-471791ae03f8', '67616802-40bf-435e-8824-598bbf20e054', '8dc5e687-be97-44c3-ae27-9b0818d48471', '40ecc96b-6dea-4e6b-a8f0-55293970654b', '5d0bfbaa-e738-4d5b-a68e-5cfea2116197', '4f22a5e8-e8e0-471b-8070-888584fc446a', 'c9b30f6c-608f-4762-b041-c4c91e8aeba2', '64b090eb-64c7-4dc2-9799-d0420b517169', '3929eda4-926c-46cd-ab20-cb5c9e6f7caf', 'fa4da286-e9a3-4d00-ab49-8e5f027f76d5', 'd1a61260-d377-4e7d-8ce9-8851e30934ae', 'baec5c2d-a983-49e0-beb9-ca55879d4139', '6599a1de-d497-4e4f-bf3d-16d5065fefec', '2360f91c-60cb-402c-ad58-3eb638859f4c', '2f7efc38-d4fd-47fc-bc1e-4b506fb6e66c', '12bc86df-c66b-4fb9-9f84-5bb405ccb8b1', '34dd23fd-b208-4a7b-b4d2-3488b20e618f', 'a7e9194f-28a7-4fb8-85fb-38ee669b66e6', '7d78f227-f2c5-4830-abb5-28a209de235d', 'c1e8a479-5371-44bb-a952-b76b60997a9e', '5486bf95-fcc8-4829-854f-2cc5779e7212', '277a6d32-7f94-4a94-ad41-ad7f4ce8ce1c', 'c498dd04-30b2-4f8f-b06b-c47a34dd61c7', '9e16fd00-e490-47d0-a8ad-046a954bec87', '236cb5e3-d827-453a-a3a4-5a4d59d87adf', 'b26623c7-5291-4492-b876-66c2d970c275', 'fb3baa12-0eca-48f3-8138-d0856ca139be', 'f95b4c37-7d9c-4bcb-8958-31c352cd1cab', '9379b79b-63c2-4ce3-9605-f499f7915f7e', '1c215e2f-7a58-46ce-88cc-241bd3d39482', 'f5df0c68-fc05-42ba-93a6-e0ee945db29c', 'c9efbd40-6ad1-4c60-9f94-4020464656ec', '8872e200-c0d5-42ec-b228-4110cf2429dc', '516c104c-11fb-43d7-89cb-cf0a36236baf', '26a850f9-f796-427c-810d-84b4ae08dfbb', '625f2c38-c681-4d85-b4b6-2e5ee25d79a9', '6d598adb-bca7-42d8-99b6-4f2074bc8aee', 'e61dc891-91d8-4a0f-a55e-b5e34acc97fd', 'e15991e7-755b-465a-9d39-0f850305e900', '98f2d2a5-5f1d-494c-b920-c50d6761b62e', 'b622e216-d777-41c0-a795-bb901d31a555', '5b484569-0e34-4ba7-9a4c-c89657d75a4e', '855b2e6e-9fa0-40da-bcba-343bef14d556', 'cb55778e-fc31-4634-b56f-570961484c8d', '48fd38a6-736f-4e76-b69a-8642d82c67df', 'dddd1391-58ad-4a74-bd0d-93997ccaf17d', '19693f1b-962f-4b88-8d53-7faf3e176208', '5b127f6a-3364-4588-b5ad-f7953fc6ee54', 'd8528f09-f3d8-48f9-9719-db00b4e10b71', '7861ed8a-e099-49ad-9507-2b901120320d', 'b5d8ac9a-0449-46e7-8eb8-c1078ee793bb', '12a02dc2-b34b-48cd-8e34-eac44554c0cf', 'ea5535e7-94e9-4c24-baa4-32b15b495c8b', 'e04c1682-dba4-4366-ac2e-4a8dab19da3c', '61239a88-ebee-45d3-9794-12860e11259c', 'fc2ce5e0-8796-4749-9aba-8710cd557ccb', 'e37a575c-5e11-4a2f-8e58-8fcce92e78ac', 'e38d5dc2-4bf9-4627-b468-922baaa621ab', '250d36ec-b9f2-46f4-a4d9-17216f6490b6', '90fa4058-a971-4fd5-8783-559c670cddde', 'de65181e-2bce-4a5b-bf4b-1841c3321584', '30561ae5-f2b9-4690-a94c-12bd52df29bb', '084a0621-2a9d-4588-825e-5c5cebc4e8db', '43aa2e45-0b2a-473f-8696-7b9f63040279', 'd7d60dca-5554-4aea-b906-bd768ae233a0', '76da304a-4094-4cae-929c-bae2ae18d24d', 'cf5055f4-59f8-4adf-b16c-b9233281bedf', 'ce1af2d9-e7d4-4d13-99f6-212067335f9e', 'd86d40e0-1a3f-4c34-9b07-002191bc0952', 'fc552937-9245-4091-94b2-645ed0599756', '27cfc500-a1ad-4a6a-9224-6f4e2a7a75b9', '596ac64f-9586-4b9c-8ca4-9e637be672ef', '14e4b777-090d-46f9-8cfa-795c1201a191', '0b0b64c0-f10c-4252-8243-e5b9255e0b95', '1914fbf9-74d3-4115-909e-fddcb112e227', '7a5dc3de-6ec7-4407-94fa-3ea9a5b627aa', '9408064a-bc10-4e15-84d0-3ff698036d4f', '264be80a-dc5e-40cf-93f9-cd4914656440', '701f00a8-fa71-4b74-9fb9-cf82c24c5b38', '5acdc1a1-5631-4c03-960c-bd076237f124', '5f887385-2c6a-4de6-8dec-68fb5c58029d', 'e10fa788-d3d7-4917-bf66-4caf54d5e6bf', '4cc17a95-7020-43f2-bc23-b9d9ddd29a10', '6caf8832-1b1d-468a-a01e-87c9f82dcad7', '7e286282-9365-48c2-8bd2-1193bac62449', 'd0dc210e-6f0e-4194-8791-dd2fe153843b', '244d5454-88ea-41c3-b3b7-c4374e8b795c', 'a19630e3-638c-4ab8-a305-36c4f1cb84f7', '93c6a990-ce00-4839-87a5-abc311813ce6', '2f4fd4b1-0018-461a-a75e-cdc71ad9ad19', 'd95ce7ad-97be-4a46-a9a0-85260f2bef4f', 'bd2bb8ad-bd4f-4b9e-9ef0-aa6c506edcbf', '03411879-9d3e-4e2b-82a5-d5d01935074f', '118dd02b-488c-48a7-bfd0-7b49ee168f96', '647378c3-df63-4da2-a88d-808943dcd4f9', '05549159-6724-478d-a976-4925533a40f2', '174e828f-10aa-43b9-ba31-3c3f45001288', '1d34d7cf-c2ce-4e07-aec2-930d3299c584', 'e0783ffa-721d-45e2-9715-cbc1023a7d27', '8fb6c630-7647-4a16-a55a-fde63c129636', '1dbe2c5d-41f9-4859-9f94-79fc24e9fa51', '70540ae8-472c-462b-9d2f-fa0fa341d7ed', 'ed7c9e44-df88-4e3e-8ed2-54af6f4539e5', '6f83ab76-9ebd-4b2c-a290-effaa2dca8b9', '39b6533a-40a4-4ba1-a41e-dd8f381b7ed7', 'ed6c7254-d6f6-40a1-a330-135a1e3a09ad', '41f5672a-79ff-4559-9231-db2ecdcb2385', 'ce507918-f969-4d44-a218-daca121c4bd0', '911ba23d-87ac-4446-bd08-3bc36e9c18e1', 'e337af00-da5a-4bcf-ab5d-d9d9252b8ae8', '64749ace-0bca-4548-83e4-c6465547c60f', '051edb66-62ad-455e-a04a-d6a0e5fa4178', 'b5671147-4dec-4e19-b256-79a2f03b94e9', '3638576a-b41f-4ffc-a039-9d2b27df4a47', '799a4fc7-16fb-40e7-9fd5-4664da3976f3', 'e5c53698-deb0-4bb9-ab37-56db1bc09efb', 'be30d928-4a14-45eb-a944-89b01b544080', '9c9090eb-a361-47e7-b2e5-06fefe21eef7', '59bdcaa8-a690-429d-8f85-539eb4e57120', '793a6866-a01a-4af2-b14c-09e692b9668e', '5b2501b2-d069-4e5f-8c6b-ef9f6ee408cd', '60195a53-786c-4540-ae1d-a3bbca7a41fd', 'eafb7a5f-83c9-427b-b894-8ea1d0751c31', '4cabbfbc-d07c-40b0-b5f5-fa456c22b7a2', '215dc8f1-754b-4dac-a448-255375c5a8d9', '686e0f81-196a-4e76-9b73-2e3957c7b871', 'd916497e-0b1b-48aa-8add-10a62c0b3e90', 'd94c95b9-509c-4d53-86a6-769555e1773e', 'e49978bd-c6d2-46c6-a3a4-50964ab4f783', '7b552890-643d-4615-a73b-791cff62299b', 'f786b344-af07-4b30-a236-93a93314f9d5', '05f7ec4a-c1ed-4494-a2b0-5ef1ce6a8022', 'ba385e5a-6c50-431a-a820-21d783b9e0b1', 'be88a2bb-0975-416c-b9f4-c571ddf70e5c', '01dfa6a1-0ad4-4ac5-a184-1d6c69294460', '4e0403f6-c040-4d4c-b9fe-1f5a115b0172', '5f353918-3d93-49ba-93d1-098a0ecf318f', '36a6f65e-aa9d-45d5-9ce8-cbbc82ca9ab1', '41b3fd0e-0083-4f6a-96d8-dff2554e4731', 'ddca4439-e425-4bf9-9944-3033551d7e76', 'f6bbf21c-6112-4453-ad28-22e78ea4e9a8', '325d44c0-53fb-4991-a694-659ac9f89fa9', 'aaba0413-9bee-49ac-9bef-8159dcd353d0', 'be18dd78-b1af-453c-8b8d-176c7af57e14', '26567ffb-52fb-40b2-a31f-08f4ea3699b9', 'ec35a65f-f970-49ee-9039-18469bf26713', '724a6296-cdac-4d35-92fd-cc44960010ff', '87d71c35-9537-4ef1-b232-668bea736ffa', '70fc7667-dda2-4cf0-ae7e-cbb43b5c43c4', '14693124-55bc-43e9-817e-b99a85f662ac', '89d36a6d-1226-4c61-b4c6-22676a55a364', 'aa0195bf-8258-4262-89c4-af8a89793822', '65706566-c0f6-4995-ae18-0b07feea8396', '6eb4493a-be6c-4048-ad79-fe5bfb264f0e', 'b556e8ca-eb4b-46c4-a1bc-b5bb2e33b605', 'b96d27cf-42b8-4791-8fb8-87840016e497', '2728266c-bb3e-4e98-81b8-52489bc019ae', 'bd7e4765-9179-47b5-8888-219d1af19fe1', '2092fc73-491d-4f20-ba70-3e3bc2cb83a9', 'e8f104ff-0e7e-429d-b3da-ae6655830e8c', '895ef2f2-7ce5-44c7-af97-ee9c7cce774b', 'ab02b540-6a18-4020-8363-d5102897f4e0', '9209ed61-b9dd-4b06-bf2c-8cacbef097f8', '3160f48a-19ee-4517-b3e5-0829c6e6b48c', '506f8ec3-7cac-42c1-b7fd-9fe1a5865b2c', '74f46cc4-156c-4986-b653-b5240678ff54', '16ead71f-bbd5-4b34-b434-a3bc7849349f', '9a280fbb-adee-484a-876b-50e71235a711', '26079ee9-0313-425a-84b6-25d0eda4f596', '840d509e-f231-4722-ab4c-bf2ef7996196', 'fe0ec060-d68b-480d-9a1b-4a3bf7728839', '322a5eb4-e725-4c03-b532-a64153037076', 'fb81c7bf-88a8-4508-a3cf-e75c7edc510a', '102c478e-ab27-4c8c-82c3-8eaee82959fa', 'd07100f1-ab4b-413e-bc07-045ee4d61fe6', '3bde4342-bfc1-49cb-9b40-7fb1aef26886', '7006a17a-74da-497a-ba35-2338c7efbb25', 'adf6d133-d860-4167-a23a-7db89b1777ff', 'd27ecf76-ef81-490d-b85a-cf55b7cecbab', 'bb02e7c9-bf6e-47dd-a0dc-a0e8eb1b9ad3', '46813d2e-b120-4f43-8957-5e8dfadc603f', '8513673c-4927-4510-a8b3-60485a03d77a', 'f42d1652-6001-490f-ad55-ed573c47c38d', '46a6a14a-e7c7-4df8-b28a-76a988c4152c', '796874cf-6c73-4946-9459-e4cc044c8f39', '483efb3e-05aa-43b5-a283-40414b6b47dc', 'e5cae8be-4cfa-40da-bf78-ffd3ad7cba35', 'd3e440d3-f391-48b3-9f17-4b5c0fab0056', '8f4aa88c-e9cb-4932-9245-a2230ec59b63', '80263b86-dfa6-46dd-86cd-3440a13d5015', '631ccfa7-52dd-469d-a702-e1817310a1d8', '6918f40b-ab41-4fd8-bea0-ae8a5ce5664a', 'ed66e6a2-01a7-47f8-9df6-86feac63aaee', '22d43b9c-e8ba-412b-bb36-da1fc749fe80', '03df12a0-f2ff-4c37-b862-e6df31123b74', 'c916c0c3-be83-4d5a-b2de-c58fc9faa206', 'ee991914-5f3e-4b2e-9241-b0fa4f306fc5', '569b794f-4e15-446c-b249-9699e8687d40', '418c8bd5-997f-47f5-8147-a8a243517634', 'd6f0a382-0e7e-4455-a81a-5bc1b9f2b22c', '0c5fb0d3-bb8f-42f5-8983-fa77a3d4409f', '805f26cb-59f1-4e8d-91ce-13f0c1a8ba6c', 'c3c59882-de79-4ffe-9239-a08b9b49b53b', '89028aa2-3ecf-446b-89c0-5ef641e1bd50', '2c260790-18be-4c9d-88da-4334c5cf151e', 'cb595c72-e65b-444e-83a6-9d07d731e2b6', 'e6df4e9e-1833-49b0-90e5-69c565c5da83', 'fc54b886-6305-4dc2-8511-a8b9049297e6', 'a6b00494-538a-4c1c-b670-a97d62ef5f60', '3564fec6-6f87-45cd-88a7-94063757ce94', '7ce4af1b-ca7d-409f-b199-2a26d9e04a9d', '6a5579c9-66ee-414f-9a01-fe627b6cf309', 'd53226dc-b8b1-494c-85f5-1c97ba255947', '38c59264-ac19-4b4a-bada-cab729f71d57', 'df9da06e-0ead-498f-ae26-3c5f783292c9', 'dde5cb42-9ee5-44bf-ae05-b51d8e0986e1', 'e932c001-d68a-4dc8-8eef-b4311b9399ad', 'ab5da324-e305-4b72-a672-b43f2563e3f7', 'b83daf92-6347-44b0-91df-8fec02c2a22c', '092efaaf-02ab-4ac6-a9c3-6269af54ddeb', 'f0ca51bb-ad85-4dca-bd03-eefeb99f1184', 'd4c25fef-5c3e-423e-831b-599cc328424c', 'a2cdb369-d869-4f9a-9d80-7a5d2becd096', '933637d8-72b2-4812-8795-48c3da52f206', 'b617c420-3a48-41f3-a529-68dccd1e253f', '9ae1ef58-7652-40a7-9abc-7900a57109a8', 'b6685b52-d4f2-4b41-a3d9-f88c778b2346', '270cf75d-5742-44bb-b795-6300d8429cc1', 'ecc118fd-aee9-4e81-bcda-8ab049b2f6f3', '9618d4a8-2e33-4025-888d-ecbc0da2a8a5', '08d2efda-af3e-4611-b8c6-d5c46af4c7a6', '55582f56-7b20-499a-875a-8457e8715a1c', '707a470e-266d-4ca9-bb9f-031e8cf28de6', 'f5d7bfda-bce0-46f5-8626-74e14371a85b', '1d5ac885-33a0-4bed-971b-dfb24772eb0b', 'be52e354-8456-4703-88d0-f33cfa777e6b', '498bf37e-252d-449e-af2c-3dbd35460466', 'c7215e3b-5320-4ef4-a4ad-73ab42a39603', 'cec378ba-bb45-4988-a654-30e6d3f1a3fd', 'd493c084-8f5c-4e04-994b-ddc55fcd3959', '38863255-70b3-4201-bfd0-b4b0dab818d2', 'c1496ab2-788d-454c-b205-9e852e54f682', '80ed402e-9340-4b10-a478-3d8ed0af93b5', 'bbda5eb0-95cd-4b87-88ac-7b0e2bd01c48', '0efdefd9-f325-479d-a0e7-dc9bf50b35e4', '7ecfcf55-8bc1-4744-9a2c-7feaa99290b0', '007b572b-cb61-478b-aa08-2966a1a028d5', '7f6df298-f7c9-464b-b02d-aa3a121438c7', '7e470330-e32a-42aa-8d9b-db15529b8faa', '9a296fcc-818b-4f73-88a4-a47dadc53a39', '7d84d498-dd3a-40ac-b920-5ec914defc24', '748e6d2f-e6b9-4115-ae86-4828ed2f9c47', 'ccb3350f-eade-47d0-8fa7-351d20ead048', '1630747e-8c36-4a34-9531-02d6b5ac2a28', 'ac773861-5642-46b6-98c5-ad065ee9b4df', '6f9649a1-b449-4542-8f23-837bec41f649', '8a884a90-88e6-44b7-98d3-fbfe01e9cf82', '1937d9f8-9bc7-4a32-b04c-642879b8aa00', 'cdc43a52-ef7a-4907-bb8e-300416c03f01', '9885ebba-4e94-42ec-bae9-9301d1b05183', '143796a4-b99e-46f7-9a3e-8d206c45c0e5', 'd85636df-f559-4277-ab0c-c3ddf3853c4e', '4f49473d-22aa-4f44-b69c-2d7f95d76abd', '71857398-4e1c-4540-9ddb-36388193c880', '3805c592-5427-49e1-8609-a56fdf01fe66', 'f0507649-6549-42d8-b8d7-c11e17ece27f', '393816b0-7f91-450d-b65a-7f99f5cc8ae7', 'c4459528-06a6-4f7b-a4a4-be62a1fbd420', 'd42aade0-cd64-4ce2-a79d-4360413d3955', 'e25d20e1-1700-45a6-b236-9eb6d01a9434', '10ad1074-00f1-4731-9154-878dafcb58a9', 'a79c77fa-dd4c-4e3f-bf34-c50ae8032f5c', '62c3eba7-bba3-4ab5-aa14-9b049415c3df', 'f167edfa-21ec-466a-89dd-b78ef6037c55', 'c8a8a8e1-68f4-429c-99a7-932c9097eb91', '7d13be05-4aff-4b36-8ac0-0561d6a918fc', 'a715d721-e382-45e3-a035-18edf1dee861', '967cebda-71cb-487d-b4b9-c0640cfa3664', 'fcd34248-fb3f-410e-9550-31f71e91764f', 'f08b4937-45cd-45cc-bd0f-93d84f392d86', 'd08767b4-f8a5-4124-a029-c38b29a3a6e3', '19de43df-8293-4823-b8aa-2dfb285924e8', '6413df9d-206d-409a-bf5a-405c4db6724e', '2f4107b2-90e6-422e-876b-6578924206bb', 'ca101b8b-4b59-4298-a163-e5559e72358a', '4c61ceb1-4256-4307-b538-5629a8613208', '91d2e9ea-dfdc-4469-89ea-1c7adcc2d19e', '47db24a0-64ed-4311-b59a-7e3b0183ae2b', '72b7fb2e-ebb2-4f46-8c85-758c6707d42a', '9d58821d-291a-4258-82b2-bb7f97f5df63', '4cee6968-b00d-4f1f-afd2-d6d54ef9dd89', 'c879d0a8-e06e-45f7-8479-4c129119af47', '3c4eab56-1643-4204-ab89-2ce01f6b5bf7', '38871a7b-b304-459b-aa24-282321967048', '1aefb103-ced0-49cb-96c2-b65a2222fb3d', '5794a61e-1fa2-45bd-b317-287ca186b919', '60076124-a2a2-40e7-9e4f-e73e2429777a', '0cbb2117-5968-4d0d-a0fd-9ee7c7f53e31', '94fe77de-a7d7-42d4-a076-687e1fdaeec4', '786c56e4-c533-4181-8aec-ec976a7bde9f', 'a0cabad3-837d-40ce-aa0a-dbd689ec216f', '8a99be33-4ae4-451d-b8e4-01267db1d10d', '5598ed95-9b3e-40d4-bfdf-5d22fef4868d', '6b42d56c-67bb-47e1-b856-01d87b414a14', 'cb8d7ce9-114c-44b6-91de-45ad0cd2285f', 'a85f70a5-1b54-43ba-8ab3-261e20f8d570', 'b2e796bf-300d-494d-946e-994cfe05782f', 'e47aa97d-b7c0-4a00-b085-b1e7240e5080', '17d563f1-e620-4a74-8d39-3486312454f2', '4b2cb700-2a42-4a22-8811-b15879b6b401', '2b725797-9b61-4bf9-bb7f-85127e955905', '063107cd-7134-41d9-b44e-f75439937878', '56be2bfb-6de2-4c08-b707-4e5a9e27005c', '2b5fbb61-2e0b-42ec-8d68-dcc62fe244e9', '2d0bf6d8-1aad-42f4-8553-f78c7b90e1fd', '3d7cac6c-0768-4811-992c-3db8664e5cce', '29297833-9297-43fe-a9f4-4a9437a405c1', '3063b641-c33f-492c-bcac-f0b591221abf', '299ebba1-6bb3-4998-b4a5-e0f4fad4c443', 'd2af1d0e-cc9d-4c26-90a0-f768b9cfb344', '6c11ccfe-9941-4c48-acc6-75217efabbce', 'cb33e61e-48cf-433e-96cd-7c336c6ef8bf', 'e049fe2d-95ad-4c99-8c93-439f39339b60', 'e8a8053c-22a8-4f42-90e0-5d6474477a10', '5d408c7c-fb56-4012-bd83-3471f43ffc2f', '9e12b6a6-9445-4a29-818c-4b96dbd30f55', '133a1850-eabe-4a10-95dc-827ae90965ee', 'a8a4b78e-6e6c-4c93-a1bb-e364353f25ce', '84f05688-b04a-41f4-b954-fa7498f7c9ff', '6865f9b6-b99a-4d4c-a12a-824924ac27ea', '5a12bbc2-703e-4593-a7b9-23f2c2ade78f', '38ec976b-9832-425c-818e-7843b722acec', 'f1299701-74e6-404a-a14b-86fccbc5f122', 'ddccedb0-12d1-442c-bd66-3c2fe9b0fe80', 'a834c4b5-4852-4887-aa6f-c872dfc10824', '8a28140f-79c5-493b-a9b7-3a494c9449fc', '4ba45fde-0a24-46bd-8bfc-d83b29e27c0e', '08fffdf5-41f6-4445-a9a5-63d4927dc366', '2f2b9e28-3550-4e57-80bf-4fa388200ed7', '056acce6-7847-43f3-9a24-c32ee66ae805', 'f74bbdc2-cba6-4df2-a5c6-7b1d6e1b2424', '7cdb5832-f9fb-421c-b94c-3989c6240894', '9ae35285-00ed-4066-963c-8bfad2d16c29', '082f06b4-93bc-4683-9223-5b64103413e8', '7574d2fa-b21c-48df-a206-8ea36cbc8229', 'df0ca5e9-9372-4516-a191-e6bfe4c466b0', '32d22f8c-1a9a-45ea-a8b0-daf3a002fb5b', 'eaccdf46-40c0-4a05-a4b8-680f0e38f913', '97ca045f-aa1a-429e-bd93-7461954b20fc', 'efb7f668-5151-49a8-8a95-6eac23234197', '1c1fec67-f169-4646-b4d4-aeda1643fafb', '3fcac8d1-1091-4c9a-a244-dcf772a4ca14', '87bfdb36-616c-455d-a2f8-a8dbd7408588', '97af6f98-8ef7-4ad9-af77-6b5eaec076d2', 'de70c697-36e2-4f30-9c08-f15fbca43bc8', 'c51c96f4-d444-4e83-b332-924d7811d236', '9056e8df-fe8c-4560-b669-fd31e9074c7c', '2c58a683-787e-4d26-a7f0-e12e31b36e74', '4e51c656-001a-4f64-9fcd-0edc5b8e6669', '63e51e47-8ece-4348-bdbc-313f2d8be6e2', '7466d420-8ee9-41b1-8794-f9618df77361', '3f876682-7dcf-4465-8880-63253506e3e4', '7a470fd0-dc8f-4324-9c42-dd1428488f7d', '6267a2b4-289e-4720-8baf-6ab825f30380', 'cc639400-030e-4c56-847a-389d6d81bc97', 'fbb7714c-4583-4d4d-96f4-369b4515476d', 'fa5848d1-fd69-401e-b5ec-a59321e631b4', 'ee28a49f-8069-428c-a379-c4121d710821', '5e10fcfc-9724-4622-a95d-da266c8628ee', '050945b3-143d-4c19-976d-be130c5b9628', 'ddc78de1-9059-45e3-9c38-65e714a96062', '332c432f-b52b-4d3d-a5c9-8b3d4a31976f', '947934b7-b0e7-4eee-81cc-8efabbfe32f7', 'ae4bf94d-1f03-4f12-a5c1-904c987f3987', '80683fda-c79f-4dc1-941a-a2b4165487fe', '10b2fbe8-9fc3-46f8-aaa9-d61bc19dffa8', 'b750c15e-557f-4103-838c-bc54fa0e23d1', 'c4ed1b9c-3e81-4419-bc5b-789c3f4f53e8', '9e1dfd14-4289-47ec-9362-362b7f8ed000', '545b51b8-caf4-4c63-aea4-48910ddef4c7', 'bfb84336-c1e4-48e9-9d05-4a412b60e967', 'e468fc97-eef9-4067-9f20-2df846d8ca5b', '976cb1b1-2e1d-4b63-b8cc-003104c9af21', '5edc486d-03b2-4fe1-a794-e0a972e21bf6', '57cf86a1-3d0e-4ac7-8f50-b0bae8e34d9c', '23ff0148-df41-45fd-9f11-feaf313ef149', '15925a01-78bb-45ca-b745-61f73b03778a', 'f2b298d8-a498-41bc-9321-770e03376866', 'c6c6e790-345d-4f46-90e3-6264d4962e1d', '54222b6c-3be1-4bf2-95b7-5085f07a6461', 'fb2b0bca-8849-4d19-a8cd-f044cbf1fe55', '11903890-96c3-4019-b526-6bb0eea6c08c', '8e3da0ab-cbfe-4264-a7d3-0fbcd697e64c', '3a2f762e-be48-4caf-ba77-d9253f50182a', '821ae891-f6ab-4401-835f-10e5a3f08441', '225795a5-5470-4864-99f9-6310f40bb4bb', '4fc60749-c0d0-4f94-ab92-e5bf566d455e', 'd605f25e-f132-4c42-94cb-0ec7fc4fe50c', '75a66bb0-838f-4e86-adca-03c784fbda72', '0a857a91-0b76-4850-9594-08938b756d99', '2907b143-57b4-49ec-aa41-07df64d1e14b', 'c13feda5-f313-4dfb-be56-07cb89d5f090', '26615b1f-85a5-425c-bfc9-3ed0422329db', '2949226a-b599-4e47-9c00-5e19012dd22b', 'c7d72e4c-452f-4218-a12d-f14abd400565', '60a0a684-e559-4865-ac34-561f9a0affeb', '4eb9962b-708d-4221-9eee-f68e2abead7a', 'e11f74dd-00c9-4b81-b284-879dc08f3132', '6ea2ecc3-d933-4c8d-852c-f20db3b19976', '9bf73e25-63d1-48df-a3b8-f916d9f9edeb', 'fcac3d27-e6e5-4249-821b-15a0306895bb', 'ace9df76-b786-4d17-9be9-33a009f48ba2', 'bd4c1883-0fa4-4ebf-84a5-750eeccb7546', 'a6704545-a3ff-4e4d-a458-90979968fe1c', 'd92bd59c-e6ad-4311-90a0-ff2c7fa721ee', '40c40840-a67e-42c5-9393-71c82bead0da', '01f591c5-3a87-4685-af4f-c4e9fccb3a47', '8000063a-f3ac-41e0-8c1d-ad58ba3ad562', 'ed597116-57e6-472c-8cd1-41d2915d6544', 'c582e59d-8a6f-4adb-8777-40a49b33ad39', '481b46b4-5731-45cb-a1b9-f773c55b8372', 'd73def5b-b039-4331-98b7-d84bd8a18a64', 'c4e818fa-6abc-440b-bdb5-c8172bb5fbd8', '49cb9e16-c55d-4ddc-90e6-789ca4da0992', '1d7e5d18-1159-4ff0-ae9a-eb00af7d14cb', '4a9101f6-a7eb-461c-95c9-a0ce6bffdaeb', '101d5ecf-137f-4ee6-8fa6-c7e0fcced52c', 'c9df8aa5-3a45-42fb-bac7-731e8aed32cb', '1e03e945-7418-4d87-9e61-ca95542a4580', '4d515475-dfce-446d-bf21-62a12a4021c3', '3be1e4b7-54d8-42f2-a49f-30a38b452570', '66e4ffa1-88da-4a41-8bf3-fea86dbcaada', '469e0667-cecc-4e07-b27c-443a187baf51', '52f98458-5a40-43bc-88f7-f6dbc6b4cc95', 'e48f036b-e371-4e7e-b78f-08a976dc26db', 'e9ce69e2-13cf-48bd-81e2-10235db692aa', 'a8fae596-9e28-4451-a881-2d44c33df418', '208f49b8-d747-4197-a6bc-234da030a523', 'a151f905-61b7-4be5-8ea9-4d2a121a3980', 'a0fe534d-c9f1-4232-88cd-b918d16952d8', 'b9371de8-5c61-41c2-b2dd-9d4f5fd6eae7', '7166c5a7-c772-44de-b0e1-fea41d5b4368', '8fa5ceba-e668-479e-9eb6-792be566eff2', '183c07fd-e383-482c-ae49-3338cc4a086d', '5d9e917f-4b58-41bf-9acb-a4d06fcacba5', 'b630a613-c4e9-4d35-a437-beef57df6fd7', 'ef48afa5-9ac1-439c-851d-0fb04b43786f', 'ee894df8-970e-4fcd-96fd-56a385f03aab', '247f6183-0e55-4613-bd72-06d88eee5fed', 'bbacaa05-6e27-4383-8e2d-f36e3f52b8d5', 'b5857838-ef52-47ed-b4e4-849a321374eb', 'aa5a338a-a6ac-46d1-9fb1-d376df65e0bb', 'cbe608f9-a825-478c-bdab-ef2359ab53c5', 'a3d48843-21ee-44be-9f51-d83784bf12f7', '299656e1-ccc9-4659-8fe8-e62b86be62eb', '4ed5d507-4af0-47ec-b3bf-a8a31ff7b9ca', '24409440-5053-46e4-ab24-f2bf80bdb3fb', 'c91fae81-7bd4-4a04-9759-4c5f2c39b940', '45bf9811-0d89-40c3-a020-2d2638a0c932', '81010e86-c5d0-4c04-bbef-4e6fbb77f4ee', 'af1b6148-1637-4deb-9a1b-9ca8084f2b1c', 'd5242d91-383f-4831-8ecc-6a5f162c2366', '2685a1c6-3058-4983-a713-0b3d79d2b75e', '75cf7eb3-3c01-4977-9764-8d873bfadf3a', 'e5b27570-2203-47b4-b92a-92e8eb46a4f8', 'f5d36db3-999a-49b8-84e0-7416f86bd23a', 'e57c6575-ca4b-4de1-b06f-8e3cb47a308e', '660afef5-2ee1-4b7b-8057-f02aa86f77c1', 'e08458f9-f602-44c6-ae63-804f90527a73', '9c9033e3-8657-4d05-af18-5bc1d3077810', 'b1b4c4b2-771a-472a-ae1b-faadb8cac5ef', '8fb49b63-7bf4-489e-ab18-bf77a99dfc34', 'b39a23d8-56f2-48a3-b505-3f460935ec54', 'decc7931-94cf-4acb-badc-4b3ab00736be', 'ee153c57-00c1-4321-8ae7-473a3cb65fa2', 'f954ebc8-030d-4bd7-9685-1ffd34ac3001', 'eb869777-2904-4e42-bff5-c3251b88735a', '4439df5b-9bb6-4355-a56c-56908428fd67', 'aebfde0b-a3a3-4a65-8fe3-0b513e76311d', 'aec8a521-93d7-4df1-bc07-c1ed4e7cb8b9', '54ada3c7-fba6-46dd-88e6-fa786dcd394d', 'ee95babd-8312-4f94-8c5a-a411c1dbd999', '63c8059d-182d-4ca9-b13d-3bde3d07f249', 'fa0b9910-a718-4a33-ace8-59e9def925f6', 'faabb5c6-fc44-4300-84cd-66f8af67e8fd', 'cd540d28-7c5b-41bd-9038-eafefaab017a', '3c22ed80-90c4-4142-9a0a-0a0e3606ef1b', 'a555dfc1-b1d9-407f-9635-f4fce3098c03', '6885d1ac-13d1-42ff-ac3d-2f866bedf605', 'b6a77bad-f595-40f7-9741-ed4c63d804e1', '47e8e2d1-e24b-416b-b75a-844b2e3e11fb', '7dfe1cd0-401a-46f2-a01f-3c74b0741eeb', 'a30cdbff-d7d7-48b2-8aa1-90a25758ad02', 'ad77c6d8-4801-47a3-b9a2-28cb708ba512', '0585bea4-0b4b-4933-9770-df4c124618c7', '2ba06f5f-f88d-472c-a281-cea7f32c7d36', '864c6024-1ead-484f-9a4c-71572c000060', '827042d6-0920-484e-94ae-6f8ef520cd74', '4f5f6278-99db-45cf-9ed3-72744cd475d4', 'dfefae25-ded6-4109-b6ed-e494a393dc07', '8a7df4b6-5ea6-4ca2-bb72-8b9813cb1e62', '67b706ab-6f63-4178-a09c-fdd2119b6b32', '8f3af559-423d-42c8-903e-fe45750307cb', '797a05a9-52b7-4d53-b0fe-f89237eaffc5', '81a41e48-68a4-4835-bf31-1d41fd16880a', '5703ac6f-9a97-4529-b62e-7034433e0636', '70141f89-287c-496b-8379-bdef1a8f4d0d', '25a5fef8-192f-4cd3-95b2-9d0a903354f5', '09e6754a-6a78-486d-8baf-e47ea63612f7', 'c682b36a-29b9-429f-b109-e75251bb6cd8', '376a303a-2848-48d0-9878-dd693497abdd', '7ce869c5-a47a-4bab-ac9f-775ee05a0a2e', 'c316f64a-b4d1-40f5-a5b3-65cc2498cbc5', '13209af8-ee4b-40f6-8396-17ecb6ff09ff', '9d17cc50-aa5b-41a1-9aa7-2ae4dd82e743', '05d9957f-92a7-4616-baeb-9f85fa170f22', 'a24f319e-eb59-4658-b104-3437dbb34068', 'cfd1342e-ac6e-4c57-9d5c-c120c6d7468b', '955a2a30-363a-427e-ae1e-905be4de0829', '3a8c6632-e9df-4d42-9adb-a2cb5c6863c8', '667547fa-dcf1-4b05-9f59-53c6c7a24847', '6bece4ab-f1f5-487e-a326-150ee9487d0b', 'b4e2e758-52bb-4745-b36a-6732aae2a4c2', '882b9abc-a864-42f2-9cc3-f35286b0aaec')
2026-09-05 14:34:21.692 +05:30 [INF] Executed DbCommand (43ms) [Parameters=[@p0='?' (Size = 36), @p1='?' (Size = 7), @p2='?' (Size = 7), @p3='?' (Size = 13), @p4='?' (DbType = DateTimeOffset), @p5='?' (DbType = Double), @p6='?' (DbType = Double), @p7='?' (Size = 47), @p8='?' (Size = 14), @p9='?' (Size = 5), @p10='?' (Size = 8), @p11='?' (Size = 23), @p12='?'], CommandType='"Text"', CommandTimeout='30']
INSERT INTO "Breweries" ("Id", "BreweryType", "City", "Country", "LastRefreshedUtc", "Latitude", "Longitude", "Name", "Phone", "PostalCode", "State", "Street", "WebsiteUrl")
VALUES (@p0, @p1, @p2, @p3, @p4, @p5, @p6, @p7, @p8, @p9, @p10, @p11, @p12);
2026-09-05 14:34:21.697 +05:30 [INF] Executed DbCommand (0ms) [Parameters=[@p0='?' (Size = 36), @p1='?' (Size = 5), @p2='?' (Size = 13), @p3='?' (Size = 13), @p4='?' (DbType = DateTimeOffset), @p5='?' (DbType = Double), @p6='?' (DbType = Double), @p7='?' (Size = 21), @p8='?' (Size = 14), @p9='?' (Size = 10), @p10='?' (Size = 8), @p11='?' (Size = 26), @p12='?' (Size = 27)], CommandType='"Text"', CommandTimeout='30']
INSERT INTO "Breweries" ("Id", "BreweryType", "City", "Country", "LastRefreshedUtc", "Latitude", "Longitude", "Name", "Phone", "PostalCode", "State", "Street", "WebsiteUrl")
VALUES (@p0, @p1, @p2, @p3, @p4, @p5, @p6, @p7, @p8, @p9, @p10, @p11, @p12);
2026-09-05 14:34:21.699 +05:30 [INF] Executed DbCommand (1ms) [Parameters=[@p0='?' (Size = 36), @p1='?' (Size = 7), @p2='?' (Size = 9), @p3='?' (Size = 13), @p4='?' (DbType = DateTimeOffset), @p5='?' (DbType = Double), @p6='?' (DbType = Double), @p7='?' (Size = 27), @p8='?' (Size = 14), @p9='?' (Size = 6), @p10='?' (Size = 13), @p11='?' (Size = 17), @p12='?' (Size = 28)], CommandType='"Text"', CommandTimeout='30']
INSERT INTO "Breweries" ("Id", "BreweryType", "City", "Country", "LastRefreshedUtc", "Latitude", "Longitude", "Name", "Phone", "PostalCode", "State", "Street", "WebsiteUrl")
VALUES (@p0, @p1, @p2, @p3, @p4, @p5, @p6, @p7, @p8, @p9, @p10, @p11, @p12);
2026-09-05 14:34:21.700 +05:30 [INF] Executed DbCommand (0ms) [Parameters=[@p0='?' (Size = 36), @p1='?' (Size = 8), @p2='?' (Size = 9), @p3='?' (Size = 13), @p4='?' (DbType = DateTimeOffset), @p5='?' (DbType = Double), @p6='?' (DbType = Double), @p7='?' (Size = 19), @p8='?' (Size = 14), @p9='?' (Size = 5), @p10='?' (Size = 8), @p11='?' (Size = 14), @p12='?'], CommandType='"Text"', CommandTimeout='30']
INSERT INTO "Breweries" ("Id", "BreweryType", "City", "Country", "LastRefreshedUtc", "Latitude", "Longitude", "Name", "Phone", "PostalCode", "State", "Street", "WebsiteUrl")
VALUES (@p0, @p1, @p2, @p3, @p4, @p5, @p6, @p7, @p8, @p9, @p10, @p11, @p12);
2026-09-05 14:34:21.702 +05:30 [INF] Executed DbCommand (0ms) [Parameters=[@p0='?' (Size = 36), @p1='?' (Size = 5), @p2='?' (Size = 7), @p3='?' (Size = 13), @p4='?' (DbType = DateTimeOffset), @p5='?' (DbType = Double), @p6='?' (DbType = Double), @p7='?' (Size = 24), @p8='?', @p9='?' (Size = 5), @p10='?' (Size = 11), @p11='?' (Size = 15), @p12='?' (Size = 30)], CommandType='"Text"', CommandTimeout='30']
INSERT INTO "Breweries" ("Id", "BreweryType", "City", "Country", "LastRefreshedUtc", "Latitude", "Longitude", "Name", "Phone", "PostalCode", "State", "Street", "WebsiteUrl")
VALUES (@p0, @p1, @p2, @p3, @p4, @p5, @p6, @p7, @p8, @p9, @p10, @p11, @p12);
2026-09-05 14:34:21.703 +05:30 [INF] Executed DbCommand (0ms) [Parameters=[@p0='?' (Size = 36), @p1='?' (Size = 5), @p2='?' (Size = 6), @p3='?' (Size = 13), @p4='?' (DbType = DateTimeOffset), @p5='?' (DbType = Double), @p6='?' (DbType = Double), @p7='?' (Size = 17), @p8='?' (Size = 14), @p9='?' (Size = 10), @p10='?' (Size = 7), @p11='?' (Size = 13), @p12='?' (Size = 27)], CommandType='"Text"', CommandTimeout='30']
INSERT INTO "Breweries" ("Id", "BreweryType", "City", "Country", "LastRefreshedUtc", "Latitude", "Longitude", "Name", "Phone", "PostalCode", "State", "Street", "WebsiteUrl")
VALUES (@p0, @p1, @p2, @p3, @p4, @p5, @p6, @p7, @p8, @p9, @p10, @p11, @p12);
2026-09-05 14:34:21.704 +05:30 [INF] Executed DbCommand (0ms) [Parameters=[@p0='?' (Size = 36), @p1='?' (Size = 7), @p2='?' (Size = 9), @p3='?' (Size = 13), @p4='?' (DbType = DateTimeOffset), @p5='?' (DbType = Double), @p6='?' (DbType = Double), @p7='?' (Size = 35), @p8='?' (Size = 14), @p9='?' (Size = 10), @p10='?' (Size = 6), @p11='?' (Size = 31), @p12='?' (Size = 44)], CommandType='"Text"', CommandTimeout='30']
INSERT INTO "Breweries" ("Id", "BreweryType", "City", "Country", "LastRefreshedUtc", "Latitude", "Longitude", "Name", "Phone", "PostalCode", "State", "Street", "WebsiteUrl")
VALUES (@p0, @p1, @p2, @p3, @p4, @p5, @p6, @p7, @p8, @p9, @p10, @p11, @p12);
2026-09-05 14:34:21.705 +05:30 [INF] Executed DbCommand (0ms) [Parameters=[@p0='?' (Size = 36), @p1='?' (Size = 5), @p2='?' (Size = 8), @p3='?' (Size = 13), @p4='?' (DbType = DateTimeOffset), @p5='?' (DbType = Double), @p6='?' (DbType = Double), @p7='?' (Size = 14), @p8='?' (Size = 14), @p9='?' (Size = 10), @p10='?' (Size = 8), @p11='?' (Size = 22), @p12='?'], CommandType='"Text"', CommandTimeout='30']
INSERT INTO "Breweries" ("Id", "BreweryType", "City", "Country", "LastRefreshedUtc", "Latitude", "Longitude", "Name", "Phone", "PostalCode", "State", "Street", "WebsiteUrl")
VALUES (@p0, @p1, @p2, @p3, @p4, @p5, @p6, @p7, @p8, @p9, @p10, @p11, @p12);
2026-09-05 14:34:21.706 +05:30 [INF] Executed DbCommand (0ms) [Parameters=[@p0='?' (Size = 36), @p1='?' (Size = 5), @p2='?' (Size = 6), @p3='?' (Size = 13), @p4='?' (DbType = DateTimeOffset), @p5='?' (DbType = Double), @p6='?' (DbType = Double), @p7='?' (Size = 19), @p8='?' (Size = 14), @p9='?' (Size = 10), @p10='?' (Size = 10), @p11='?' (Size = 21), @p12='?' (Size = 31)], CommandType='"Text"', CommandTimeout='30']
INSERT INTO "Breweries" ("Id", "BreweryType", "City", "Country", "LastRefreshedUtc", "Latitude", "Longitude", "Name", "Phone", "PostalCode", "State", "Street", "WebsiteUrl")
VALUES (@p0, @p1, @p2, @p3, @p4, @p5, @p6, @p7, @p8, @p9, @p10, @p11, @p12);
2026-09-05 14:34:21.706 +05:30 [INF] Executed DbCommand (0ms) [Parameters=[@p0='?' (Size = 36), @p1='?' (Size = 8), @p2='?' (Size = 8), @p3='?' (Size = 13), @p4='?' (DbType = DateTimeOffset), @p5='?' (DbType = Double), @p6='?' (DbType = Double), @p7='?' (Size = 16), @p8='?', @p9='?' (Size = 10), @p10='?' (Size = 8), @p11='?' (Size = 19), @p12='?'], CommandType='"Text"', CommandTimeout='30']
INSERT INTO "Breweries" ("Id", "BreweryType", "City", "Country", "LastRefreshedUtc", "Latitude", "Longitude", "Name", "Phone", "PostalCode", "State", "Street", "WebsiteUrl")
VALUES (@p0, @p1, @p2, @p3, @p4, @p5, @p6, @p7, @p8, @p9, @p10, @p11, @p12);
2026-09-05 14:34:21.707 +05:30 [INF] Executed DbCommand (0ms) [Parameters=[@p0='?' (Size = 36), @p1='?' (Size = 8), @p2='?' (Size = 15), @p3='?' (Size = 13), @p4='?' (DbType = DateTimeOffset), @p5='?' (DbType = Double), @p6='?' (DbType = Double), @p7='?' (Size = 17), @p8='?', @p9='?' (Size = 10), @p10='?' (Size = 7), @p11='?', @p12='?'], CommandType='"Text"', CommandTimeout='30']
INSERT INTO "Breweries" ("Id", "BreweryType", "City", "Country", "LastRefreshedUtc", "Latitude", "Longitude", "Name", "Phone", "PostalCode", "State", "Street", "WebsiteUrl")
VALUES (@p0, @p1, @p2, @p3, @p4, @p5, @p6, @p7, @p8, @p9, @p10, @p11, @p12);
2026-09-05 14:34:21.707 +05:30 [INF] Executed DbCommand (0ms) [Parameters=[@p0='?' (Size = 36), @p1='?' (Size = 7), @p2='?' (Size = 18), @p3='?' (Size = 7), @p4='?' (DbType = DateTimeOffset), @p5='?' (DbType = Double), @p6='?' (DbType = Double), @p7='?' (Size = 24), @p8='?' (Size = 14), @p9='?' (Size = 5), @p10='?' (Size = 6), @p11='?' (Size = 13), @p12='?' (Size = 22)], CommandType='"Text"', CommandTimeout='30']
INSERT INTO "Breweries" ("Id", "BreweryType", "City", "Country", "LastRefreshedUtc", "Latitude", "Longitude", "Name", "Phone", "PostalCode", "State", "Street", "WebsiteUrl")
VALUES (@p0, @p1, @p2, @p3, @p4, @p5, @p6, @p7, @p8, @p9, @p10, @p11, @p12);
2026-09-05 14:34:21.708 +05:30 [INF] Executed DbCommand (0ms) [Parameters=[@p0='?' (Size = 36), @p1='?' (Size = 7), @p2='?' (Size = 12), @p3='?' (Size = 13), @p4='?' (DbType = DateTimeOffset), @p5='?' (DbType = Double), @p6='?' (DbType = Double), @p7='?' (Size = 20), @p8='?' (Size = 14), @p9='?' (Size = 10), @p10='?' (Size = 9), @p11='?' (Size = 20), @p12='?' (Size = 26)], CommandType='"Text"', CommandTimeout='30']
INSERT INTO "Breweries" ("Id", "BreweryType", "City", "Country", "LastRefreshedUtc", "Latitude", "Longitude", "Name", "Phone", "PostalCode", "State", "Street", "WebsiteUrl")
VALUES (@p0, @p1, @p2, @p3, @p4, @p5, @p6, @p7, @p8, @p9, @p10, @p11, @p12);
2026-09-05 14:34:21.708 +05:30 [INF] Executed DbCommand (0ms) [Parameters=[@p0='?' (Size = 36), @p1='?' (Size = 5), @p2='?' (Size = 7), @p3='?' (Size = 13), @p4='?' (DbType = DateTimeOffset), @p5='?' (DbType = Double), @p6='?' (DbType = Double), @p7='?' (Size = 16), @p8='?' (Size = 14), @p9='?' (Size = 10), @p10='?' (Size = 8), @p11='?' (Size = 26), @p12='?' (Size = 23)], CommandType='"Text"', CommandTimeout='30']
INSERT INTO "Breweries" ("Id", "BreweryType", "City", "Country", "LastRefreshedUtc", "Latitude", "Longitude", "Name", "Phone", "PostalCode", "State", "Street", "WebsiteUrl")
VALUES (@p0, @p1, @p2, @p3, @p4, @p5, @p6, @p7, @p8, @p9, @p10, @p11, @p12);
2026-09-05 14:34:21.709 +05:30 [INF] Executed DbCommand (0ms) [Parameters=[@p0='?' (Size = 36), @p1='?' (Size = 5), @p2='?' (Size = 6), @p3='?' (Size = 13), @p4='?' (DbType = DateTimeOffset), @p5='?' (DbType = Double), @p6='?' (DbType = Double), @p7='?' (Size = 19), @p8='?' (Size = 14), @p9='?' (Size = 5), @p10='?' (Size = 8), @p11='?' (Size = 14), @p12='?' (Size = 29)], CommandType='"Text"', CommandTimeout='30']
INSERT INTO "Breweries" ("Id", "BreweryType", "City", "Country", "LastRefreshedUtc", "Latitude", "Longitude", "Name", "Phone", "PostalCode", "State", "Street", "WebsiteUrl")
VALUES (@p0, @p1, @p2, @p3, @p4, @p5, @p6, @p7, @p8, @p9, @p10, @p11, @p12);
2026-09-05 14:34:21.709 +05:30 [INF] Executed DbCommand (0ms) [Parameters=[@p0='?' (Size = 36), @p1='?' (Size = 5), @p2='?' (Size = 11), @p3='?' (Size = 13), @p4='?' (DbType = DateTimeOffset), @p5='?' (DbType = Double), @p6='?' (DbType = Double), @p7='?' (Size = 31), @p8='?' (Size = 14), @p9='?' (Size = 10), @p10='?' (Size = 5), @p11='?' (Size = 19), @p12='?' (Size = 31)], CommandType='"Text"', CommandTimeout='30']
INSERT INTO "Breweries" ("Id", "BreweryType", "City", "Country", "LastRefreshedUtc", "Latitude", "Longitude", "Name", "Phone", "PostalCode", "State", "Street", "WebsiteUrl")
VALUES (@p0, @p1, @p2, @p3, @p4, @p5, @p6, @p7, @p8, @p9, @p10, @p11, @p12);
2026-09-05 14:34:21.710 +05:30 [INF] Executed DbCommand (0ms) [Parameters=[@p0='?' (Size = 36), @p1='?' (Size = 7), @p2='?' (Size = 13), @p3='?' (Size = 13), @p4='?' (DbType = DateTimeOffset), @p5='?' (DbType = Double), @p6='?' (DbType = Double), @p7='?' (Size = 23), @p8='?' (Size = 14), @p9='?' (Size = 10), @p10='?' (Size = 10), @p11='?' (Size = 14), @p12='?' (Size = 26)], CommandType='"Text"', CommandTimeout='30']
INSERT INTO "Breweries" ("Id", "BreweryType", "City", "Country", "LastRefreshedUtc", "Latitude", "Longitude", "Name", "Phone", "PostalCode", "State", "Street", "WebsiteUrl")
VALUES (@p0, @p1, @p2, @p3, @p4, @p5, @p6, @p7, @p8, @p9, @p10, @p11, @p12);
2026-09-05 14:34:21.710 +05:30 [INF] Executed DbCommand (0ms) [Parameters=[@p0='?' (Size = 36), @p1='?' (Size = 5), @p2='?' (Size = 5), @p3='?' (Size = 13), @p4='?' (DbType = DateTimeOffset), @p5='?' (DbType = Double), @p6='?' (DbType = Double), @p7='?' (Size = 26), @p8='?' (Size = 14), @p9='?' (Size = 10), @p10='?' (Size = 10), @p11='?' (Size = 19), @p12='?' (Size = 31)], CommandType='"Text"', CommandTimeout='30']
INSERT INTO "Breweries" ("Id", "BreweryType", "City", "Country", "LastRefreshedUtc", "Latitude", "Longitude", "Name", "Phone", "PostalCode", "State", "Street", "WebsiteUrl")
VALUES (@p0, @p1, @p2, @p3, @p4, @p5, @p6, @p7, @p8, @p9, @p10, @p11, @p12);
2026-09-05 14:34:21.711 +05:30 [INF] Executed DbCommand (0ms) [Parameters=[@p0='?' (Size = 36), @p1='?' (Size = 5), @p2='?' (Size = 7), @p3='?' (Size = 13), @p4='?' (DbType = DateTimeOffset), @p5='?' (DbType = Double), @p6='?' (DbType = Double), @p7='?' (Size = 16), @p8='?' (Size = 14), @p9='?' (Size = 10), @p10='?' (Size = 10), @p11='?' (Size = 21), @p12='?' (Size = 29)], CommandType='"Text"', CommandTimeout='30']
INSERT INTO "Breweries" ("Id", "BreweryType", "City", "Country", "LastRefreshedUtc", "Latitude", "Longitude", "Name", "Phone", "PostalCode", "State", "Street", "WebsiteUrl")
VALUES (@p0, @p1, @p2, @p3, @p4, @p5, @p6, @p7, @p8, @p9, @p10, @p11, @p12);
2026-09-05 14:34:21.711 +05:30 [INF] Executed DbCommand (0ms) [Parameters=[@p0='?' (Size = 36), @p1='?' (Size = 6), @p2='?' (Size = 10), @p3='?' (Size = 13), @p4='?' (DbType = DateTimeOffset), @p5='?' (DbType = Double), @p6='?' (DbType = Double), @p7='?' (Size = 32), @p8='?' (Size = 14), @p9='?' (Size = 10), @p10='?' (Size = 7), @p11='?' (Size = 13), @p12='?' (Size = 32)], CommandType='"Text"', CommandTimeout='30']
INSERT INTO "Breweries" ("Id", "BreweryType", "City", "Country", "LastRefreshedUtc", "Latitude", "Longitude", "Name", "Phone", "PostalCode", "State", "Street", "WebsiteUrl")
VALUES (@p0, @p1, @p2, @p3, @p4, @p5, @p6, @p7, @p8, @p9, @p10, @p11, @p12);
2026-09-05 14:34:21.712 +05:30 [INF] Executed DbCommand (0ms) [Parameters=[@p0='?' (Size = 36), @p1='?' (Size = 5), @p2='?' (Size = 16), @p3='?' (Size = 13), @p4='?' (DbType = DateTimeOffset), @p5='?' (DbType = Double), @p6='?' (DbType = Double), @p7='?' (Size = 19), @p8='?' (Size = 14), @p9='?' (Size = 10), @p10='?' (Size = 7), @p11='?' (Size = 13), @p12='?' (Size = 24)], CommandType='"Text"', CommandTimeout='30']
INSERT INTO "Breweries" ("Id", "BreweryType", "City", "Country", "LastRefreshedUtc", "Latitude", "Longitude", "Name", "Phone", "PostalCode", "State", "Street", "WebsiteUrl")
VALUES (@p0, @p1, @p2, @p3, @p4, @p5, @p6, @p7, @p8, @p9, @p10, @p11, @p12);
2026-09-05 14:34:21.712 +05:30 [INF] Executed DbCommand (0ms) [Parameters=[@p0='?' (Size = 36), @p1='?' (Size = 8), @p2='?' (Size = 9), @p3='?' (Size = 13), @p4='?' (DbType = DateTimeOffset), @p5='?' (DbType = Double), @p6='?' (DbType = Double), @p7='?' (Size = 30), @p8='?' (Size = 14), @p9='?' (Size = 10), @p10='?' (Size = 8), @p11='?', @p12='?' (Size = 23)], CommandType='"Text"', CommandTimeout='30']
INSERT INTO "Breweries" ("Id", "BreweryType", "City", "Country", "LastRefreshedUtc", "Latitude", "Longitude", "Name", "Phone", "PostalCode", "State", "Street", "WebsiteUrl")
VALUES (@p0, @p1, @p2, @p3, @p4, @p5, @p6, @p7, @p8, @p9, @p10, @p11, @p12);
2026-09-05 14:34:21.713 +05:30 [INF] Executed DbCommand (0ms) [Parameters=[@p0='?' (Size = 36), @p1='?' (Size = 7), @p2='?' (Size = 10), @p3='?' (Size = 13), @p4='?' (DbType = DateTimeOffset), @p5='?' (DbType = Double), @p6='?' (DbType = Double), @p7='?' (Size = 16), @p8='?' (Size = 14), @p9='?' (Size = 10), @p10='?' (Size = 8), @p11='?' (Size = 11), @p12='?' (Size = 23)], CommandType='"Text"', CommandTimeout='30']
INSERT INTO "Breweries" ("Id", "BreweryType", "City", "Country", "LastRefreshedUtc", "Latitude", "Longitude", "Name", "Phone", "PostalCode", "State", "Street", "WebsiteUrl")
VALUES (@p0, @p1, @p2, @p3, @p4, @p5, @p6, @p7, @p8, @p9, @p10, @p11, @p12);
2026-09-05 14:34:21.713 +05:30 [INF] Executed DbCommand (0ms) [Parameters=[@p0='?' (Size = 36), @p1='?' (Size = 5), @p2='?' (Size = 5), @p3='?' (Size = 7), @p4='?' (DbType = DateTimeOffset), @p5='?' (DbType = Double), @p6='?' (DbType = Double), @p7='?' (Size = 14), @p8='?' (Size = 14), @p9='?' (Size = 4), @p10='?' (Size = 15), @p11='?' (Size = 12), @p12='?' (Size = 37)], CommandType='"Text"', CommandTimeout='30']
INSERT INTO "Breweries" ("Id", "BreweryType", "City", "Country", "LastRefreshedUtc", "Latitude", "Longitude", "Name", "Phone", "PostalCode", "State", "Street", "WebsiteUrl")
VALUES (@p0, @p1, @p2, @p3, @p4, @p5, @p6, @p7, @p8, @p9, @p10, @p11, @p12);
2026-09-05 14:34:21.713 +05:30 [INF] Executed DbCommand (0ms) [Parameters=[@p0='?' (Size = 36), @p1='?' (Size = 5), @p2='?' (Size = 8), @p3='?' (Size = 13), @p4='?' (DbType = DateTimeOffset), @p5='?' (DbType = Double), @p6='?' (DbType = Double), @p7='?' (Size = 18), @p8='?' (Size = 14), @p9='?' (Size = 10), @p10='?' (Size = 6), @p11='?' (Size = 18), @p12='?' (Size = 29)], CommandType='"Text"', CommandTimeout='30']
INSERT INTO "Breweries" ("Id", "BreweryType", "City", "Country", "LastRefreshedUtc", "Latitude", "Longitude", "Name", "Phone", "PostalCode", "State", "Street", "WebsiteUrl")
VALUES (@p0, @p1, @p2, @p3, @p4, @p5, @p6, @p7, @p8, @p9, @p10, @p11, @p12);
2026-09-05 14:34:21.714 +05:30 [INF] Executed DbCommand (0ms) [Parameters=[@p0='?' (Size = 36), @p1='?' (Size = 6), @p2='?' (Size = 10), @p3='?' (Size = 13), @p4='?' (DbType = DateTimeOffset), @p5='?' (DbType = Double), @p6='?' (DbType = Double), @p7='?' (Size = 13), @p8='?' (Size = 14), @p9='?' (Size = 10), @p10='?' (Size = 20), @p11='?' (Size = 17), @p12='?' (Size = 21)], CommandType='"Text"', CommandTimeout='30']
INSERT INTO "Breweries" ("Id", "BreweryType", "City", "Country", "LastRefreshedUtc", "Latitude", "Longitude", "Name", "Phone", "PostalCode", "State", "Street", "WebsiteUrl")
VALUES (@p0, @p1, @p2, @p3, @p4, @p5, @p6, @p7, @p8, @p9, @p10, @p11, @p12);
2026-09-05 14:34:21.714 +05:30 [INF] Executed DbCommand (0ms) [Parameters=[@p0='?' (Size = 36), @p1='?' (Size = 5), @p2='?' (Size = 15), @p3='?' (Size = 13), @p4='?' (DbType = DateTimeOffset), @p5='?' (DbType = Double), @p6='?' (DbType = Double), @p7='?' (Size = 15), @p8='?' (Size = 14), @p9='?' (Size = 10), @p10='?' (Size = 6), @p11='?' (Size = 19), @p12='?' (Size = 28)], CommandType='"Text"', CommandTimeout='30']
INSERT INTO "Breweries" ("Id", "BreweryType", "City", "Country", "LastRefreshedUtc", "Latitude", "Longitude", "Name", "Phone", "PostalCode", "State", "Street", "WebsiteUrl")
VALUES (@p0, @p1, @p2, @p3, @p4, @p5, @p6, @p7, @p8, @p9, @p10, @p11, @p12);
2026-09-05 14:34:21.715 +05:30 [INF] Executed DbCommand (0ms) [Parameters=[@p0='?' (Size = 36), @p1='?' (Size = 7), @p2='?' (Size = 12), @p3='?' (Size = 13), @p4='?' (DbType = DateTimeOffset), @p5='?' (DbType = Double), @p6='?' (DbType = Double), @p7='?' (Size = 13), @p8='?' (Size = 14), @p9='?' (Size = 5), @p10='?' (Size = 8), @p11='?' (Size = 20), @p12='?' (Size = 27)], CommandType='"Text"', CommandTimeout='30']
INSERT INTO "Breweries" ("Id", "BreweryType", "City", "Country", "LastRefreshedUtc", "Latitude", "Longitude", "Name", "Phone", "PostalCode", "State", "Street", "WebsiteUrl")
VALUES (@p0, @p1, @p2, @p3, @p4, @p5, @p6, @p7, @p8, @p9, @p10, @p11, @p12);
2026-09-05 14:34:21.716 +05:30 [INF] Executed DbCommand (0ms) [Parameters=[@p0='?' (Size = 36), @p1='?' (Size = 5), @p2='?' (Size = 11), @p3='?' (Size = 13), @p4='?' (DbType = DateTimeOffset), @p5='?' (DbType = Double), @p6='?' (DbType = Double), @p7='?' (Size = 18), @p8='?' (Size = 14), @p9='?' (Size = 5), @p10='?' (Size = 8), @p11='?' (Size = 19), @p12='?' (Size = 27)], CommandType='"Text"', CommandTimeout='30']
INSERT INTO "Breweries" ("Id", "BreweryType", "City", "Country", "LastRefreshedUtc", "Latitude", "Longitude", "Name", "Phone", "PostalCode", "State", "Street", "WebsiteUrl")
VALUES (@p0, @p1, @p2, @p3, @p4, @p5, @p6, @p7, @p8, @p9, @p10, @p11, @p12);
2026-09-05 14:34:21.716 +05:30 [INF] Executed DbCommand (0ms) [Parameters=[@p0='?' (Size = 36), @p1='?' (Size = 7), @p2='?' (Size = 8), @p3='?' (Size = 13), @p4='?' (DbType = DateTimeOffset), @p5='?' (DbType = Double), @p6='?' (DbType = Double), @p7='?' (Size = 31), @p8='?' (Size = 14), @p9='?' (Size = 10), @p10='?' (Size = 10), @p11='?' (Size = 15), @p12='?'], CommandType='"Text"', CommandTimeout='30']
INSERT INTO "Breweries" ("Id", "BreweryType", "City", "Country", "LastRefreshedUtc", "Latitude", "Longitude", "Name", "Phone", "PostalCode", "State", "Street", "WebsiteUrl")
VALUES (@p0, @p1, @p2, @p3, @p4, @p5, @p6, @p7, @p8, @p9, @p10, @p11, @p12);
2026-09-05 14:34:21.717 +05:30 [INF] Executed DbCommand (0ms) [Parameters=[@p0='?' (Size = 36), @p1='?' (Size = 5), @p2='?' (Size = 7), @p3='?' (Size = 13), @p4='?' (DbType = DateTimeOffset), @p5='?' (DbType = Double), @p6='?' (DbType = Double), @p7='?' (Size = 21), @p8='?' (Size = 14), @p9='?' (Size = 10), @p10='?' (Size = 8), @p11='?' (Size = 20), @p12='?' (Size = 31)], CommandType='"Text"', CommandTimeout='30']
INSERT INTO "Breweries" ("Id", "BreweryType", "City", "Country", "LastRefreshedUtc", "Latitude", "Longitude", "Name", "Phone", "PostalCode", "State", "Street", "WebsiteUrl")
VALUES (@p0, @p1, @p2, @p3, @p4, @p5, @p6, @p7, @p8, @p9, @p10, @p11, @p12);
2026-09-05 14:34:21.718 +05:30 [INF] Executed DbCommand (0ms) [Parameters=[@p0='?' (Size = 36), @p1='?' (Size = 5), @p2='?' (Size = 7), @p3='?' (Size = 13), @p4='?' (DbType = DateTimeOffset), @p5='?' (DbType = Double), @p6='?' (DbType = Double), @p7='?' (Size = 24), @p8='?' (Size = 14), @p9='?' (Size = 10), @p10='?' (Size = 5), @p11='?' (Size = 17), @p12='?' (Size = 29)], CommandType='"Text"', CommandTimeout='30']
INSERT INTO "Breweries" ("Id", "BreweryType", "City", "Country", "LastRefreshedUtc", "Latitude", "Longitude", "Name", "Phone", "PostalCode", "State", "Street", "WebsiteUrl")
VALUES (@p0, @p1, @p2, @p3, @p4, @p5, @p6, @p7, @p8, @p9, @p10, @p11, @p12);
2026-09-05 14:34:21.718 +05:30 [INF] Executed DbCommand (0ms) [Parameters=[@p0='?' (Size = 36), @p1='?' (Size = 6), @p2='?' (Size = 5), @p3='?' (Size = 13), @p4='?' (DbType = DateTimeOffset), @p5='?' (DbType = Double), @p6='?' (DbType = Double), @p7='?' (Size = 25), @p8='?' (Size = 14), @p9='?' (Size = 10), @p10='?' (Size = 6), @p11='?' (Size = 27), @p12='?' (Size = 35)], CommandType='"Text"', CommandTimeout='30']
INSERT INTO "Breweries" ("Id", "BreweryType", "City", "Country", "LastRefreshedUtc", "Latitude", "Longitude", "Name", "Phone", "PostalCode", "State", "Street", "WebsiteUrl")
VALUES (@p0, @p1, @p2, @p3, @p4, @p5, @p6, @p7, @p8, @p9, @p10, @p11, @p12);
2026-09-05 14:34:21.718 +05:30 [INF] Executed DbCommand (0ms) [Parameters=[@p0='?' (Size = 36), @p1='?' (Size = 8), @p2='?' (Size = 5), @p3='?' (Size = 13), @p4='?' (DbType = DateTimeOffset), @p5='?' (DbType = Double), @p6='?' (DbType = Double), @p7='?' (Size = 17), @p8='?' (Size = 14), @p9='?' (Size = 5), @p10='?' (Size = 7), @p11='?' (Size = 19), @p12='?' (Size = 28)], CommandType='"Text"', CommandTimeout='30']
INSERT INTO "Breweries" ("Id", "BreweryType", "City", "Country", "LastRefreshedUtc", "Latitude", "Longitude", "Name", "Phone", "PostalCode", "State", "Street", "WebsiteUrl")
VALUES (@p0, @p1, @p2, @p3, @p4, @p5, @p6, @p7, @p8, @p9, @p10, @p11, @p12);
2026-09-05 14:34:21.719 +05:30 [INF] Executed DbCommand (0ms) [Parameters=[@p0='?' (Size = 36), @p1='?' (Size = 5), @p2='?' (Size = 10), @p3='?' (Size = 13), @p4='?' (DbType = DateTimeOffset), @p5='?' (DbType = Double), @p6='?' (DbType = Double), @p7='?' (Size = 22), @p8='?' (Size = 14), @p9='?' (Size = 10), @p10='?' (Size = 12), @p11='?' (Size = 15), @p12='?' (Size = 35)], CommandType='"Text"', CommandTimeout='30']
INSERT INTO "Breweries" ("Id", "BreweryType", "City", "Country", "LastRefreshedUtc", "Latitude", "Longitude", "Name", "Phone", "PostalCode", "State", "Street", "WebsiteUrl")
VALUES (@p0, @p1, @p2, @p3, @p4, @p5, @p6, @p7, @p8, @p9, @p10, @p11, @p12);
2026-09-05 14:34:21.720 +05:30 [INF] Executed DbCommand (0ms) [Parameters=[@p0='?' (Size = 36), @p1='?' (Size = 8), @p2='?' (Size = 6), @p3='?' (Size = 13), @p4='?' (DbType = DateTimeOffset), @p5='?' (DbType = Double), @p6='?' (DbType = Double), @p7='?' (Size = 16), @p8='?', @p9='?' (Size = 5), @p10='?' (Size = 13), @p11='?', @p12='?' (Size = 24)], CommandType='"Text"', CommandTimeout='30']
INSERT INTO "Breweries" ("Id", "BreweryType", "City", "Country", "LastRefreshedUtc", "Latitude", "Longitude", "Name", "Phone", "PostalCode", "State", "Street", "WebsiteUrl")
VALUES (@p0, @p1, @p2, @p3, @p4, @p5, @p6, @p7, @p8, @p9, @p10, @p11, @p12);
2026-09-05 14:34:21.721 +05:30 [INF] Executed DbCommand (0ms) [Parameters=[@p0='?' (Size = 36), @p1='?' (Size = 7), @p2='?' (Size = 11), @p3='?' (Size = 13), @p4='?' (DbType = DateTimeOffset), @p5='?' (DbType = Double), @p6='?' (DbType = Double), @p7='?' (Size = 14), @p8='?' (Size = 14), @p9='?' (Size = 10), @p10='?' (Size = 8), @p11='?' (Size = 13), @p12='?' (Size = 25)], CommandType='"Text"', CommandTimeout='30']
INSERT INTO "Breweries" ("Id", "BreweryType", "City", "Country", "LastRefreshedUtc", "Latitude", "Longitude", "Name", "Phone", "PostalCode", "State", "Street", "WebsiteUrl")
VALUES (@p0, @p1, @p2, @p3, @p4, @p5, @p6, @p7, @p8, @p9, @p10, @p11, @p12);
2026-09-05 14:34:21.721 +05:30 [INF] Executed DbCommand (0ms) [Parameters=[@p0='?' (Size = 36), @p1='?' (Size = 8), @p2='?' (Size = 8), @p3='?' (Size = 13), @p4='?' (DbType = DateTimeOffset), @p5='?' (DbType = Double), @p6='?' (DbType = Double), @p7='?' (Size = 26), @p8='?', @p9='?' (Size = 5), @p10='?' (Size = 8), @p11='?', @p12='?'], CommandType='"Text"', CommandTimeout='30']
INSERT INTO "Breweries" ("Id", "BreweryType", "City", "Country", "LastRefreshedUtc", "Latitude", "Longitude", "Name", "Phone", "PostalCode", "State", "Street", "WebsiteUrl")
VALUES (@p0, @p1, @p2, @p3, @p4, @p5, @p6, @p7, @p8, @p9, @p10, @p11, @p12);
2026-09-05 14:34:21.722 +05:30 [INF] Executed DbCommand (0ms) [Parameters=[@p0='?' (Size = 36), @p1='?' (Size = 10), @p2='?' (Size = 6), @p3='?' (Size = 13), @p4='?' (DbType = DateTimeOffset), @p5='?' (DbType = Double), @p6='?' (DbType = Double), @p7='?' (Size = 35), @p8='?', @p9='?' (Size = 10), @p10='?' (Size = 14), @p11='?' (Size = 17), @p12='?'], CommandType='"Text"', CommandTimeout='30']
INSERT INTO "Breweries" ("Id", "BreweryType", "City", "Country", "LastRefreshedUtc", "Latitude", "Longitude", "Name", "Phone", "PostalCode", "State", "Street", "WebsiteUrl")
VALUES (@p0, @p1, @p2, @p3, @p4, @p5, @p6, @p7, @p8, @p9, @p10, @p11, @p12);
2026-09-05 14:34:21.723 +05:30 [INF] Executed DbCommand (0ms) [Parameters=[@p0='?' (Size = 36), @p1='?' (Size = 8), @p2='?' (Size = 12), @p3='?' (Size = 13), @p4='?' (DbType = DateTimeOffset), @p5='?' (DbType = Double), @p6='?' (DbType = Double), @p7='?' (Size = 19), @p8='?' (Size = 11), @p9='?' (Size = 5), @p10='?' (Size = 8), @p11='?', @p12='?' (Size = 24)], CommandType='"Text"', CommandTimeout='30']
INSERT INTO "Breweries" ("Id", "BreweryType", "City", "Country", "LastRefreshedUtc", "Latitude", "Longitude", "Name", "Phone", "PostalCode", "State", "Street", "WebsiteUrl")
VALUES (@p0, @p1, @p2, @p3, @p4, @p5, @p6, @p7, @p8, @p9, @p10, @p11, @p12);
2026-09-05 14:34:21.723 +05:30 [INF] Executed DbCommand (0ms) [Parameters=[@p0='?' (Size = 36), @p1='?' (Size = 8), @p2='?' (Size = 8), @p3='?' (Size = 11), @p4='?' (DbType = DateTimeOffset), @p5='?' (DbType = Double), @p6='?' (DbType = Double), @p7='?' (Size = 4), @p8='?' (Size = 14), @p9='?' (Size = 4), @p10='?' (Size = 8), @p11='?' (Size = 24), @p12='?' (Size = 31)], CommandType='"Text"', CommandTimeout='30']
INSERT INTO "Breweries" ("Id", "BreweryType", "City", "Country", "LastRefreshedUtc", "Latitude", "Longitude", "Name", "Phone", "PostalCode", "State", "Street", "WebsiteUrl")
VALUES (@p0, @p1, @p2, @p3, @p4, @p5, @p6, @p7, @p8, @p9, @p10, @p11, @p12);
2026-09-05 14:34:21.724 +05:30 [INF] Executed DbCommand (0ms) [Parameters=[@p0='?' (Size = 36), @p1='?' (Size = 7), @p2='?' (Size = 7), @p3='?' (Size = 6), @p4='?' (DbType = DateTimeOffset), @p5='?' (DbType = Double), @p6='?' (DbType = Double), @p7='?' (Size = 19), @p8='?' (Size = 14), @p9='?' (Size = 6), @p10='?' (Size = 7), @p11='?' (Size = 17), @p12='?' (Size = 29)], CommandType='"Text"', CommandTimeout='30']
INSERT INTO "Breweries" ("Id", "BreweryType", "City", "Country", "LastRefreshedUtc", "Latitude", "Longitude", "Name", "Phone", "PostalCode", "State", "Street", "WebsiteUrl")
VALUES (@p0, @p1, @p2, @p3, @p4, @p5, @p6, @p7, @p8, @p9, @p10, @p11, @p12);
2026-09-05 14:34:21.724 +05:30 [INF] Executed DbCommand (0ms) [Parameters=[@p0='?' (Size = 36), @p1='?' (Size = 5), @p2='?' (Size = 9), @p3='?' (Size = 13), @p4='?' (DbType = DateTimeOffset), @p5='?' (DbType = Double), @p6='?' (DbType = Double), @p7='?' (Size = 29), @p8='?' (Size = 14), @p9='?' (Size = 10), @p10='?' (Size = 10), @p11='?' (Size = 16), @p12='?' (Size = 27)], CommandType='"Text"', CommandTimeout='30']
INSERT INTO "Breweries" ("Id", "BreweryType", "City", "Country", "LastRefreshedUtc", "Latitude", "Longitude", "Name", "Phone", "PostalCode", "State", "Street", "WebsiteUrl")
VALUES (@p0, @p1, @p2, @p3, @p4, @p5, @p6, @p7, @p8, @p9, @p10, @p11, @p12);
2026-09-05 14:34:21.725 +05:30 [INF] Executed DbCommand (0ms) [Parameters=[@p0='?' (Size = 36), @p1='?' (Size = 6), @p2='?' (Size = 6), @p3='?' (Size = 13), @p4='?' (DbType = DateTimeOffset), @p5='?' (DbType = Double), @p6='?' (DbType = Double), @p7='?' (Size = 45), @p8='?' (Size = 14), @p9='?' (Size = 10), @p10='?' (Size = 10), @p11='?' (Size = 14), @p12='?' (Size = 28)], CommandType='"Text"', CommandTimeout='30']
INSERT INTO "Breweries" ("Id", "BreweryType", "City", "Country", "LastRefreshedUtc", "Latitude", "Longitude", "Name", "Phone", "PostalCode", "State", "Street", "WebsiteUrl")
VALUES (@p0, @p1, @p2, @p3, @p4, @p5, @p6, @p7, @p8, @p9, @p10, @p11, @p12);
2026-09-05 14:34:21.725 +05:30 [INF] Executed DbCommand (0ms) [Parameters=[@p0='?' (Size = 36), @p1='?' (Size = 7), @p2='?' (Size = 11), @p3='?' (Size = 7), @p4='?' (DbType = DateTimeOffset), @p5='?' (DbType = Double), @p6='?' (DbType = Double), @p7='?' (Size = 24), @p8='?' (Size = 18), @p9='?' (Size = 5), @p10='?' (Size = 11), @p11='?' (Size = 24), @p12='?' (Size = 35)], CommandType='"Text"', CommandTimeout='30']
INSERT INTO "Breweries" ("Id", "BreweryType", "City", "Country", "LastRefreshedUtc", "Latitude", "Longitude", "Name", "Phone", "PostalCode", "State", "Street", "WebsiteUrl")
VALUES (@p0, @p1, @p2, @p3, @p4, @p5, @p6, @p7, @p8, @p9, @p10, @p11, @p12);
2026-09-05 14:34:21.726 +05:30 [INF] Executed DbCommand (0ms) [Parameters=[@p0='?' (Size = 36), @p1='?' (Size = 5), @p2='?' (Size = 11), @p3='?' (Size = 13), @p4='?' (DbType = DateTimeOffset), @p5='?' (DbType = Double), @p6='?' (DbType = Double), @p7='?' (Size = 17), @p8='?' (Size = 14), @p9='?' (Size = 5), @p10='?' (Size = 8), @p11='?' (Size = 14), @p12='?' (Size = 34)], CommandType='"Text"', CommandTimeout='30']
INSERT INTO "Breweries" ("Id", "BreweryType", "City", "Country", "LastRefreshedUtc", "Latitude", "Longitude", "Name", "Phone", "PostalCode", "State", "Street", "WebsiteUrl")
VALUES (@p0, @p1, @p2, @p3, @p4, @p5, @p6, @p7, @p8, @p9, @p10, @p11, @p12);
2026-09-05 14:34:21.727 +05:30 [INF] Executed DbCommand (0ms) [Parameters=[@p0='?' (Size = 36), @p1='?' (Size = 5), @p2='?' (Size = 12), @p3='?' (Size = 13), @p4='?' (DbType = DateTimeOffset), @p5='?' (DbType = Double), @p6='?' (DbType = Double), @p7='?' (Size = 25), @p8='?' (Size = 14), @p9='?' (Size = 10), @p10='?' (Size = 7), @p11='?' (Size = 17), @p12='?' (Size = 47)], CommandType='"Text"', CommandTimeout='30']
INSERT INTO "Breweries" ("Id", "BreweryType", "City", "Country", "LastRefreshedUtc", "Latitude", "Longitude", "Name", "Phone", "PostalCode", "State", "Street", "WebsiteUrl")
VALUES (@p0, @p1, @p2, @p3, @p4, @p5, @p6, @p7, @p8, @p9, @p10, @p11, @p12);
2026-09-05 14:34:21.728 +05:30 [INF] Executed DbCommand (0ms) [Parameters=[@p0='?' (Size = 36), @p1='?' (Size = 5), @p2='?' (Size = 4), @p3='?' (Size = 13), @p4='?' (DbType = DateTimeOffset), @p5='?' (DbType = Double), @p6='?' (DbType = Double), @p7='?' (Size = 45), @p8='?', @p9='?' (Size = 5), @p10='?' (Size = 7), @p11='?', @p12='?'], CommandType='"Text"', CommandTimeout='30']
INSERT INTO "Breweries" ("Id", "BreweryType", "City", "Country", "LastRefreshedUtc", "Latitude", "Longitude", "Name", "Phone", "PostalCode", "State", "Street", "WebsiteUrl")
VALUES (@p0, @p1, @p2, @p3, @p4, @p5, @p6, @p7, @p8, @p9, @p10, @p11, @p12);
2026-09-05 14:34:21.728 +05:30 [INF] Executed DbCommand (0ms) [Parameters=[@p0='?' (Size = 36), @p1='?' (Size = 5), @p2='?' (Size = 9), @p3='?' (Size = 9), @p4='?' (DbType = DateTimeOffset), @p5='?' (DbType = Double), @p6='?' (DbType = Double), @p7='?' (Size = 18), @p8='?' (Size = 15), @p9='?' (Size = 4), @p10='?' (Size = 3), @p11='?' (Size = 19), @p12='?' (Size = 40)], CommandType='"Text"', CommandTimeout='30']
INSERT INTO "Breweries" ("Id", "BreweryType", "City", "Country", "LastRefreshedUtc", "Latitude", "Longitude", "Name", "Phone", "PostalCode", "State", "Street", "WebsiteUrl")
VALUES (@p0, @p1, @p2, @p3, @p4, @p5, @p6, @p7, @p8, @p9, @p10, @p11, @p12);
2026-09-05 14:34:21.729 +05:30 [INF] Executed DbCommand (0ms) [Parameters=[@p0='?' (Size = 36), @p1='?' (Size = 7), @p2='?' (Size = 9), @p3='?' (Size = 13), @p4='?' (DbType = DateTimeOffset), @p5='?' (DbType = Double), @p6='?' (DbType = Double), @p7='?' (Size = 20), @p8='?' (Size = 14), @p9='?' (Size = 10), @p10='?' (Size = 8), @p11='?' (Size = 13), @p12='?' (Size = 31)], CommandType='"Text"', CommandTimeout='30']
INSERT INTO "Breweries" ("Id", "BreweryType", "City", "Country", "LastRefreshedUtc", "Latitude", "Longitude", "Name", "Phone", "PostalCode", "State", "Street", "WebsiteUrl")
VALUES (@p0, @p1, @p2, @p3, @p4, @p5, @p6, @p7, @p8, @p9, @p10, @p11, @p12);
2026-09-05 14:34:21.730 +05:30 [INF] Executed DbCommand (0ms) [Parameters=[@p0='?' (Size = 36), @p1='?' (Size = 5), @p2='?' (Size = 7), @p3='?' (Size = 7), @p4='?' (DbType = DateTimeOffset), @p5='?' (DbType = Double), @p6='?' (DbType = Double), @p7='?' (Size = 11), @p8='?' (Size = 16), @p9='?' (Size = 4), @p10='?' (Size = 10), @p11='?' (Size = 11), @p12='?' (Size = 24)], CommandType='"Text"', CommandTimeout='30']
INSERT INTO "Breweries" ("Id", "BreweryType", "City", "Country", "LastRefreshedUtc", "Latitude", "Longitude", "Name", "Phone", "PostalCode", "State", "Street", "WebsiteUrl")
VALUES (@p0, @p1, @p2, @p3, @p4, @p5, @p6, @p7, @p8, @p9, @p10, @p11, @p12);
2026-09-05 14:34:21.730 +05:30 [INF] Executed DbCommand (0ms) [Parameters=[@p0='?' (Size = 36), @p1='?' (Size = 5), @p2='?' (Size = 11), @p3='?' (Size = 13), @p4='?' (DbType = DateTimeOffset), @p5='?' (DbType = Double), @p6='?' (DbType = Double), @p7='?' (Size = 41), @p8='?' (Size = 14), @p9='?' (Size = 10), @p10='?' (Size = 7), @p11='?' (Size = 13), @p12='?'], CommandType='"Text"', CommandTimeout='30']
INSERT INTO "Breweries" ("Id", "BreweryType", "City", "Country", "LastRefreshedUtc", "Latitude", "Longitude", "Name", "Phone", "PostalCode", "State", "Street", "WebsiteUrl")
VALUES (@p0, @p1, @p2, @p3, @p4, @p5, @p6, @p7, @p8, @p9, @p10, @p11, @p12);
2026-09-05 14:34:21.731 +05:30 [INF] Executed DbCommand (0ms) [Parameters=[@p0='?' (Size = 36), @p1='?' (Size = 7), @p2='?' (Size = 7), @p3='?' (Size = 13), @p4='?' (DbType = DateTimeOffset), @p5='?' (DbType = Double), @p6='?' (DbType = Double), @p7='?' (Size = 19), @p8='?' (Size = 14), @p9='?' (Size = 10), @p10='?' (Size = 8), @p11='?' (Size = 17), @p12='?' (Size = 29)], CommandType='"Text"', CommandTimeout='30']
INSERT INTO "Breweries" ("Id", "BreweryType", "City", "Country", "LastRefreshedUtc", "Latitude", "Longitude", "Name", "Phone", "PostalCode", "State", "Street", "WebsiteUrl")
VALUES (@p0, @p1, @p2, @p3, @p4, @p5, @p6, @p7, @p8, @p9, @p10, @p11, @p12);
2026-09-05 14:34:21.732 +05:30 [INF] Executed DbCommand (0ms) [Parameters=[@p0='?' (Size = 36), @p1='?' (Size = 5), @p2='?' (Size = 8), @p3='?' (Size = 13), @p4='?' (DbType = DateTimeOffset), @p5='?' (DbType = Double), @p6='?' (DbType = Double), @p7='?' (Size = 18), @p8='?' (Size = 14), @p9='?' (Size = 10), @p10='?' (Size = 6), @p11='?' (Size = 16), @p12='?' (Size = 29)], CommandType='"Text"', CommandTimeout='30']
INSERT INTO "Breweries" ("Id", "BreweryType", "City", "Country", "LastRefreshedUtc", "Latitude", "Longitude", "Name", "Phone", "PostalCode", "State", "Street", "WebsiteUrl")
VALUES (@p0, @p1, @p2, @p3, @p4, @p5, @p6, @p7, @p8, @p9, @p10, @p11, @p12);
2026-09-05 14:34:21.732 +05:30 [INF] Executed DbCommand (0ms) [Parameters=[@p0='?' (Size = 36), @p1='?' (Size = 7), @p2='?' (Size = 9), @p3='?' (Size = 13), @p4='?' (DbType = DateTimeOffset), @p5='?' (DbType = Double), @p6='?' (DbType = Double), @p7='?' (Size = 30), @p8='?' (Size = 14), @p9='?' (Size = 10), @p10='?' (Size = 6), @p11='?' (Size = 23), @p12='?' (Size = 36)], CommandType='"Text"', CommandTimeout='30']
INSERT INTO "Breweries" ("Id", "BreweryType", "City", "Country", "LastRefreshedUtc", "Latitude", "Longitude", "Name", "Phone", "PostalCode", "State", "Street", "WebsiteUrl")
VALUES (@p0, @p1, @p2, @p3, @p4, @p5, @p6, @p7, @p8, @p9, @p10, @p11, @p12);
2026-09-05 14:34:21.733 +05:30 [INF] Executed DbCommand (0ms) [Parameters=[@p0='?' (Size = 36), @p1='?' (Size = 5), @p2='?' (Size = 7), @p3='?' (Size = 13), @p4='?' (DbType = DateTimeOffset), @p5='?' (DbType = Double), @p6='?' (DbType = Double), @p7='?' (Size = 14), @p8='?' (Size = 14), @p9='?' (Size = 10), @p10='?' (Size = 8), @p11='?' (Size = 15), @p12='?' (Size = 28)], CommandType='"Text"', CommandTimeout='30']
INSERT INTO "Breweries" ("Id", "BreweryType", "City", "Country", "LastRefreshedUtc", "Latitude", "Longitude", "Name", "Phone", "PostalCode", "State", "Street", "WebsiteUrl")
VALUES (@p0, @p1, @p2, @p3, @p4, @p5, @p6, @p7, @p8, @p9, @p10, @p11, @p12);
2026-09-05 14:34:21.734 +05:30 [INF] Executed DbCommand (0ms) [Parameters=[@p0='?' (Size = 36), @p1='?' (Size = 7), @p2='?' (Size = 9), @p3='?' (Size = 13), @p4='?' (DbType = DateTimeOffset), @p5='?' (DbType = Double), @p6='?' (DbType = Double), @p7='?' (Size = 30), @p8='?' (Size = 14), @p9='?' (Size = 10), @p10='?' (Size = 8), @p11='?' (Size = 17), @p12='?' (Size = 28)], CommandType='"Text"', CommandTimeout='30']
INSERT INTO "Breweries" ("Id", "BreweryType", "City", "Country", "LastRefreshedUtc", "Latitude", "Longitude", "Name", "Phone", "PostalCode", "State", "Street", "WebsiteUrl")
VALUES (@p0, @p1, @p2, @p3, @p4, @p5, @p6, @p7, @p8, @p9, @p10, @p11, @p12);
2026-09-05 14:34:21.734 +05:30 [INF] Executed DbCommand (0ms) [Parameters=[@p0='?' (Size = 36), @p1='?' (Size = 5), @p2='?' (Size = 24), @p3='?' (Size = 8), @p4='?' (DbType = DateTimeOffset), @p5='?' (DbType = Double), @p6='?' (DbType = Double), @p7='?' (Size = 22), @p8='?' (Size = 16), @p9='?' (Size = 8), @p10='?' (Size = 10), @p11='?' (Size = 10), @p12='?' (Size = 29)], CommandType='"Text"', CommandTimeout='30']
INSERT INTO "Breweries" ("Id", "BreweryType", "City", "Country", "LastRefreshedUtc", "Latitude", "Longitude", "Name", "Phone", "PostalCode", "State", "Street", "WebsiteUrl")
VALUES (@p0, @p1, @p2, @p3, @p4, @p5, @p6, @p7, @p8, @p9, @p10, @p11, @p12);
2026-09-05 14:34:21.736 +05:30 [INF] Executed DbCommand (0ms) [Parameters=[@p0='?' (Size = 36), @p1='?' (Size = 7), @p2='?' (Size = 9), @p3='?' (Size = 13), @p4='?' (DbType = DateTimeOffset), @p5='?' (DbType = Double), @p6='?' (DbType = Double), @p7='?' (Size = 27), @p8='?' (Size = 14), @p9='?' (Size = 10), @p10='?' (Size = 7), @p11='?' (Size = 18), @p12='?' (Size = 27)], CommandType='"Text"', CommandTimeout='30']
INSERT INTO "Breweries" ("Id", "BreweryType", "City", "Country", "LastRefreshedUtc", "Latitude", "Longitude", "Name", "Phone", "PostalCode", "State", "Street", "WebsiteUrl")
VALUES (@p0, @p1, @p2, @p3, @p4, @p5, @p6, @p7, @p8, @p9, @p10, @p11, @p12);
2026-09-05 14:34:21.737 +05:30 [INF] Executed DbCommand (0ms) [Parameters=[@p0='?' (Size = 36), @p1='?' (Size = 7), @p2='?' (Size = 8), @p3='?' (Size = 13), @p4='?' (DbType = DateTimeOffset), @p5='?' (DbType = Double), @p6='?' (DbType = Double), @p7='?' (Size = 16), @p8='?' (Size = 14), @p9='?' (Size = 10), @p10='?' (Size = 6), @p11='?' (Size = 18), @p12='?' (Size = 30)], CommandType='"Text"', CommandTimeout='30']
INSERT INTO "Breweries" ("Id", "BreweryType", "City", "Country", "LastRefreshedUtc", "Latitude", "Longitude", "Name", "Phone", "PostalCode", "State", "Street", "WebsiteUrl")
VALUES (@p0, @p1, @p2, @p3, @p4, @p5, @p6, @p7, @p8, @p9, @p10, @p11, @p12);
2026-09-05 14:34:21.738 +05:30 [INF] Executed DbCommand (0ms) [Parameters=[@p0='?' (Size = 36), @p1='?' (Size = 10), @p2='?' (Size = 5), @p3='?' (Size = 13), @p4='?' (DbType = DateTimeOffset), @p5='?' (DbType = Double), @p6='?' (DbType = Double), @p7='?' (Size = 11), @p8='?' (Size = 14), @p9='?' (Size = 10), @p10='?' (Size = 10), @p11='?' (Size = 15), @p12='?' (Size = 22)], CommandType='"Text"', CommandTimeout='30']
INSERT INTO "Breweries" ("Id", "BreweryType", "City", "Country", "LastRefreshedUtc", "Latitude", "Longitude", "Name", "Phone", "PostalCode", "State", "Street", "WebsiteUrl")
VALUES (@p0, @p1, @p2, @p3, @p4, @p5, @p6, @p7, @p8, @p9, @p10, @p11, @p12);
2026-09-05 14:34:21.739 +05:30 [INF] Executed DbCommand (0ms) [Parameters=[@p0='?' (Size = 36), @p1='?' (Size = 7), @p2='?' (Size = 8), @p3='?' (Size = 13), @p4='?' (DbType = DateTimeOffset), @p5='?' (DbType = Double), @p6='?' (DbType = Double), @p7='?' (Size = 21), @p8='?' (Size = 14), @p9='?' (Size = 10), @p10='?' (Size = 9), @p11='?' (Size = 17), @p12='?' (Size = 34)], CommandType='"Text"', CommandTimeout='30']
INSERT INTO "Breweries" ("Id", "BreweryType", "City", "Country", "LastRefreshedUtc", "Latitude", "Longitude", "Name", "Phone", "PostalCode", "State", "Street", "WebsiteUrl")
VALUES (@p0, @p1, @p2, @p3, @p4, @p5, @p6, @p7, @p8, @p9, @p10, @p11, @p12);
2026-09-05 14:34:21.740 +05:30 [INF] Executed DbCommand (0ms) [Parameters=[@p0='?' (Size = 36), @p1='?' (Size = 5), @p2='?' (Size = 12), @p3='?' (Size = 13), @p4='?' (DbType = DateTimeOffset), @p5='?' (DbType = Double), @p6='?' (DbType = Double), @p7='?' (Size = 33), @p8='?' (Size = 14), @p9='?' (Size = 10), @p10='?' (Size = 8), @p11='?' (Size = 13), @p12='?'], CommandType='"Text"', CommandTimeout='30']
INSERT INTO "Breweries" ("Id", "BreweryType", "City", "Country", "LastRefreshedUtc", "Latitude", "Longitude", "Name", "Phone", "PostalCode", "State", "Street", "WebsiteUrl")
VALUES (@p0, @p1, @p2, @p3, @p4, @p5, @p6, @p7, @p8, @p9, @p10, @p11, @p12);
2026-09-05 14:34:21.741 +05:30 [INF] Executed DbCommand (0ms) [Parameters=[@p0='?' (Size = 36), @p1='?' (Size = 5), @p2='?' (Size = 10), @p3='?' (Size = 6), @p4='?' (DbType = DateTimeOffset), @p5='?' (DbType = Double), @p6='?' (DbType = Double), @p7='?' (Size = 15), @p8='?', @p9='?' (Size = 7), @p10='?' (Size = 7), @p11='?' (Size = 11), @p12='?' (Size = 22)], CommandType='"Text"', CommandTimeout='30']
INSERT INTO "Breweries" ("Id", "BreweryType", "City", "Country", "LastRefreshedUtc", "Latitude", "Longitude", "Name", "Phone", "PostalCode", "State", "Street", "WebsiteUrl")
VALUES (@p0, @p1, @p2, @p3, @p4, @p5, @p6, @p7, @p8, @p9, @p10, @p11, @p12);
2026-09-05 14:34:21.742 +05:30 [INF] Executed DbCommand (0ms) [Parameters=[@p0='?' (Size = 36), @p1='?' (Size = 8), @p2='?' (Size = 10), @p3='?' (Size = 13), @p4='?' (DbType = DateTimeOffset), @p5='?' (DbType = Double), @p6='?' (DbType = Double), @p7='?' (Size = 46), @p8='?' (Size = 14), @p9='?' (Size = 10), @p10='?' (Size = 10), @p11='?' (Size = 22), @p12='?' (Size = 27)], CommandType='"Text"', CommandTimeout='30']
INSERT INTO "Breweries" ("Id", "BreweryType", "City", "Country", "LastRefreshedUtc", "Latitude", "Longitude", "Name", "Phone", "PostalCode", "State", "Street", "WebsiteUrl")
VALUES (@p0, @p1, @p2, @p3, @p4, @p5, @p6, @p7, @p8, @p9, @p10, @p11, @p12);
2026-09-05 14:34:21.742 +05:30 [INF] Executed DbCommand (0ms) [Parameters=[@p0='?' (Size = 36), @p1='?' (Size = 7), @p2='?' (Size = 9), @p3='?' (Size = 13), @p4='?' (DbType = DateTimeOffset), @p5='?' (DbType = Double), @p6='?' (DbType = Double), @p7='?' (Size = 26), @p8='?' (Size = 14), @p9='?' (Size = 10), @p10='?' (Size = 8), @p11='?' (Size = 15), @p12='?' (Size = 38)], CommandType='"Text"', CommandTimeout='30']
INSERT INTO "Breweries" ("Id", "BreweryType", "City", "Country", "LastRefreshedUtc", "Latitude", "Longitude", "Name", "Phone", "PostalCode", "State", "Street", "WebsiteUrl")
VALUES (@p0, @p1, @p2, @p3, @p4, @p5, @p6, @p7, @p8, @p9, @p10, @p11, @p12);
2026-09-05 14:34:21.743 +05:30 [INF] Executed DbCommand (0ms) [Parameters=[@p0='?' (Size = 36), @p1='?' (Size = 5), @p2='?' (Size = 9), @p3='?' (Size = 13), @p4='?' (DbType = DateTimeOffset), @p5='?' (DbType = Double), @p6='?' (DbType = Double), @p7='?' (Size = 15), @p8='?' (Size = 14), @p9='?' (Size = 10), @p10='?' (Size = 9), @p11='?' (Size = 13), @p12='?' (Size = 26)], CommandType='"Text"', CommandTimeout='30']
INSERT INTO "Breweries" ("Id", "BreweryType", "City", "Country", "LastRefreshedUtc", "Latitude", "Longitude", "Name", "Phone", "PostalCode", "State", "Street", "WebsiteUrl")
VALUES (@p0, @p1, @p2, @p3, @p4, @p5, @p6, @p7, @p8, @p9, @p10, @p11, @p12);
2026-09-05 14:34:21.743 +05:30 [INF] Executed DbCommand (0ms) [Parameters=[@p0='?' (Size = 36), @p1='?' (Size = 5), @p2='?' (Size = 6), @p3='?' (Size = 7), @p4='?' (DbType = DateTimeOffset), @p5='?' (DbType = Double), @p6='?' (DbType = Double), @p7='?' (Size = 16), @p8='?' (Size = 14), @p9='?' (Size = 4), @p10='?' (Size = 15), @p11='?' (Size = 17), @p12='?' (Size = 31)], CommandType='"Text"', CommandTimeout='30']
INSERT INTO "Breweries" ("Id", "BreweryType", "City", "Country", "LastRefreshedUtc", "Latitude", "Longitude", "Name", "Phone", "PostalCode", "State", "Street", "WebsiteUrl")
VALUES (@p0, @p1, @p2, @p3, @p4, @p5, @p6, @p7, @p8, @p9, @p10, @p11, @p12);
2026-09-05 14:34:21.744 +05:30 [INF] Executed DbCommand (0ms) [Parameters=[@p0='?' (Size = 36), @p1='?' (Size = 5), @p2='?' (Size = 7), @p3='?' (Size = 13), @p4='?' (DbType = DateTimeOffset), @p5='?' (DbType = Double), @p6='?' (DbType = Double), @p7='?' (Size = 14), @p8='?' (Size = 14), @p9='?' (Size = 10), @p10='?' (Size = 10), @p11='?' (Size = 14), @p12='?' (Size = 28)], CommandType='"Text"', CommandTimeout='30']
INSERT INTO "Breweries" ("Id", "BreweryType", "City", "Country", "LastRefreshedUtc", "Latitude", "Longitude", "Name", "Phone", "PostalCode", "State", "Street", "WebsiteUrl")
VALUES (@p0, @p1, @p2, @p3, @p4, @p5, @p6, @p7, @p8, @p9, @p10, @p11, @p12);
2026-09-05 14:34:21.744 +05:30 [INF] Executed DbCommand (0ms) [Parameters=[@p0='?' (Size = 36), @p1='?' (Size = 7), @p2='?' (Size = 10), @p3='?' (Size = 7), @p4='?' (DbType = DateTimeOffset), @p5='?' (DbType = Double), @p6='?' (DbType = Double), @p7='?' (Size = 9), @p8='?' (Size = 16), @p9='?' (Size = 5), @p10='?' (Size = 6), @p11='?' (Size = 10), @p12='?' (Size = 24)], CommandType='"Text"', CommandTimeout='30']
INSERT INTO "Breweries" ("Id", "BreweryType", "City", "Country", "LastRefreshedUtc", "Latitude", "Longitude", "Name", "Phone", "PostalCode", "State", "Street", "WebsiteUrl")
VALUES (@p0, @p1, @p2, @p3, @p4, @p5, @p6, @p7, @p8, @p9, @p10, @p11, @p12);
2026-09-05 14:34:21.745 +05:30 [INF] Executed DbCommand (0ms) [Parameters=[@p0='?' (Size = 36), @p1='?' (Size = 7), @p2='?' (Size = 12), @p3='?' (Size = 13), @p4='?' (DbType = DateTimeOffset), @p5='?' (DbType = Double), @p6='?' (DbType = Double), @p7='?' (Size = 20), @p8='?' (Size = 14), @p9='?' (Size = 10), @p10='?' (Size = 8), @p11='?' (Size = 18), @p12='?'], CommandType='"Text"', CommandTimeout='30']
INSERT INTO "Breweries" ("Id", "BreweryType", "City", "Country", "LastRefreshedUtc", "Latitude", "Longitude", "Name", "Phone", "PostalCode", "State", "Street", "WebsiteUrl")
VALUES (@p0, @p1, @p2, @p3, @p4, @p5, @p6, @p7, @p8, @p9, @p10, @p11, @p12);
2026-09-05 14:34:21.745 +05:30 [INF] Executed DbCommand (0ms) [Parameters=[@p0='?' (Size = 36), @p1='?' (Size = 5), @p2='?' (Size = 11), @p3='?' (Size = 13), @p4='?' (DbType = DateTimeOffset), @p5='?' (DbType = Double), @p6='?' (DbType = Double), @p7='?' (Size = 12), @p8='?' (Size = 14), @p9='?' (Size = 5), @p10='?' (Size = 10), @p11='?' (Size = 14), @p12='?' (Size = 26)], CommandType='"Text"', CommandTimeout='30']
INSERT INTO "Breweries" ("Id", "BreweryType", "City", "Country", "LastRefreshedUtc", "Latitude", "Longitude", "Name", "Phone", "PostalCode", "State", "Street", "WebsiteUrl")
VALUES (@p0, @p1, @p2, @p3, @p4, @p5, @p6, @p7, @p8, @p9, @p10, @p11, @p12);
2026-09-05 14:34:21.746 +05:30 [INF] Executed DbCommand (0ms) [Parameters=[@p0='?' (Size = 36), @p1='?' (Size = 5), @p2='?' (Size = 9), @p3='?' (Size = 7), @p4='?' (DbType = DateTimeOffset), @p5='?' (DbType = Double), @p6='?' (DbType = Double), @p7='?' (Size = 15), @p8='?' (Size = 14), @p9='?' (Size = 4), @p10='?' (Size = 15), @p11='?' (Size = 22), @p12='?'], CommandType='"Text"', CommandTimeout='30']
INSERT INTO "Breweries" ("Id", "BreweryType", "City", "Country", "LastRefreshedUtc", "Latitude", "Longitude", "Name", "Phone", "PostalCode", "State", "Street", "WebsiteUrl")
VALUES (@p0, @p1, @p2, @p3, @p4, @p5, @p6, @p7, @p8, @p9, @p10, @p11, @p12);
2026-09-05 14:34:21.746 +05:30 [INF] Executed DbCommand (0ms) [Parameters=[@p0='?' (Size = 36), @p1='?' (Size = 5), @p2='?' (Size = 8), @p3='?' (Size = 13), @p4='?' (DbType = DateTimeOffset), @p5='?' (DbType = Double), @p6='?' (DbType = Double), @p7='?' (Size = 17), @p8='?' (Size = 14), @p9='?' (Size = 10), @p10='?' (Size = 8), @p11='?' (Size = 15), @p12='?' (Size = 30)], CommandType='"Text"', CommandTimeout='30']
INSERT INTO "Breweries" ("Id", "BreweryType", "City", "Country", "LastRefreshedUtc", "Latitude", "Longitude", "Name", "Phone", "PostalCode", "State", "Street", "WebsiteUrl")
VALUES (@p0, @p1, @p2, @p3, @p4, @p5, @p6, @p7, @p8, @p9, @p10, @p11, @p12);
2026-09-05 14:34:21.747 +05:30 [INF] Executed DbCommand (0ms) [Parameters=[@p0='?' (Size = 36), @p1='?' (Size = 7), @p2='?' (Size = 10), @p3='?' (Size = 7), @p4='?' (DbType = DateTimeOffset), @p5='?' (DbType = Double), @p6='?' (DbType = Double), @p7='?' (Size = 17), @p8='?' (Size = 16), @p9='?' (Size = 5), @p10='?' (Size = 11), @p11='?' (Size = 12), @p12='?' (Size = 31)], CommandType='"Text"', CommandTimeout='30']
INSERT INTO "Breweries" ("Id", "BreweryType", "City", "Country", "LastRefreshedUtc", "Latitude", "Longitude", "Name", "Phone", "PostalCode", "State", "Street", "WebsiteUrl")
VALUES (@p0, @p1, @p2, @p3, @p4, @p5, @p6, @p7, @p8, @p9, @p10, @p11, @p12);
2026-09-05 14:34:21.747 +05:30 [INF] Executed DbCommand (0ms) [Parameters=[@p0='?' (Size = 36), @p1='?' (Size = 5), @p2='?' (Size = 11), @p3='?' (Size = 13), @p4='?' (DbType = DateTimeOffset), @p5='?' (DbType = Double), @p6='?' (DbType = Double), @p7='?' (Size = 21), @p8='?' (Size = 14), @p9='?' (Size = 10), @p10='?' (Size = 11), @p11='?' (Size = 24), @p12='?' (Size = 27)], CommandType='"Text"', CommandTimeout='30']
INSERT INTO "Breweries" ("Id", "BreweryType", "City", "Country", "LastRefreshedUtc", "Latitude", "Longitude", "Name", "Phone", "PostalCode", "State", "Street", "WebsiteUrl")
VALUES (@p0, @p1, @p2, @p3, @p4, @p5, @p6, @p7, @p8, @p9, @p10, @p11, @p12);
2026-09-05 14:34:21.747 +05:30 [INF] Executed DbCommand (0ms) [Parameters=[@p0='?' (Size = 36), @p1='?' (Size = 7), @p2='?' (Size = 9), @p3='?' (Size = 13), @p4='?' (DbType = DateTimeOffset), @p5='?' (DbType = Double), @p6='?' (DbType = Double), @p7='?' (Size = 21), @p8='?', @p9='?' (Size = 10), @p10='?' (Size = 4), @p11='?' (Size = 14), @p12='?'], CommandType='"Text"', CommandTimeout='30']
INSERT INTO "Breweries" ("Id", "BreweryType", "City", "Country", "LastRefreshedUtc", "Latitude", "Longitude", "Name", "Phone", "PostalCode", "State", "Street", "WebsiteUrl")
VALUES (@p0, @p1, @p2, @p3, @p4, @p5, @p6, @p7, @p8, @p9, @p10, @p11, @p12);
2026-09-05 14:34:21.748 +05:30 [INF] Executed DbCommand (0ms) [Parameters=[@p0='?' (Size = 36), @p1='?' (Size = 8), @p2='?' (Size = 12), @p3='?' (Size = 13), @p4='?' (DbType = DateTimeOffset), @p5='?' (DbType = Double), @p6='?' (DbType = Double), @p7='?' (Size = 24), @p8='?', @p9='?' (Size = 10), @p10='?' (Size = 8), @p11='?', @p12='?'], CommandType='"Text"', CommandTimeout='30']
INSERT INTO "Breweries" ("Id", "BreweryType", "City", "Country", "LastRefreshedUtc", "Latitude", "Longitude", "Name", "Phone", "PostalCode", "State", "Street", "WebsiteUrl")
VALUES (@p0, @p1, @p2, @p3, @p4, @p5, @p6, @p7, @p8, @p9, @p10, @p11, @p12);
2026-09-05 14:34:21.748 +05:30 [INF] Executed DbCommand (0ms) [Parameters=[@p0='?' (Size = 36), @p1='?' (Size = 5), @p2='?' (Size = 10), @p3='?' (Size = 13), @p4='?' (DbType = DateTimeOffset), @p5='?' (DbType = Double), @p6='?' (DbType = Double), @p7='?' (Size = 18), @p8='?' (Size = 14), @p9='?' (Size = 10), @p10='?' (Size = 8), @p11='?' (Size = 17), @p12='?' (Size = 32)], CommandType='"Text"', CommandTimeout='30']
INSERT INTO "Breweries" ("Id", "BreweryType", "City", "Country", "LastRefreshedUtc", "Latitude", "Longitude", "Name", "Phone", "PostalCode", "State", "Street", "WebsiteUrl")
VALUES (@p0, @p1, @p2, @p3, @p4, @p5, @p6, @p7, @p8, @p9, @p10, @p11, @p12);
2026-09-05 14:34:21.749 +05:30 [INF] Executed DbCommand (0ms) [Parameters=[@p0='?' (Size = 36), @p1='?' (Size = 5), @p2='?' (Size = 12), @p3='?' (Size = 13), @p4='?' (DbType = DateTimeOffset), @p5='?' (DbType = Double), @p6='?' (DbType = Double), @p7='?' (Size = 23), @p8='?' (Size = 14), @p9='?' (Size = 10), @p10='?' (Size = 10), @p11='?' (Size = 24), @p12='?' (Size = 29)], CommandType='"Text"', CommandTimeout='30']
INSERT INTO "Breweries" ("Id", "BreweryType", "City", "Country", "LastRefreshedUtc", "Latitude", "Longitude", "Name", "Phone", "PostalCode", "State", "Street", "WebsiteUrl")
VALUES (@p0, @p1, @p2, @p3, @p4, @p5, @p6, @p7, @p8, @p9, @p10, @p11, @p12);
2026-09-05 14:34:21.749 +05:30 [INF] Executed DbCommand (0ms) [Parameters=[@p0='?' (Size = 36), @p1='?' (Size = 8), @p2='?' (Size = 7), @p3='?' (Size = 13), @p4='?' (DbType = DateTimeOffset), @p5='?' (DbType = Double), @p6='?' (DbType = Double), @p7='?' (Size = 31), @p8='?' (Size = 14), @p9='?' (Size = 5), @p10='?' (Size = 8), @p11='?' (Size = 13), @p12='?' (Size = 24)], CommandType='"Text"', CommandTimeout='30']
INSERT INTO "Breweries" ("Id", "BreweryType", "City", "Country", "LastRefreshedUtc", "Latitude", "Longitude", "Name", "Phone", "PostalCode", "State", "Street", "WebsiteUrl")
VALUES (@p0, @p1, @p2, @p3, @p4, @p5, @p6, @p7, @p8, @p9, @p10, @p11, @p12);
2026-09-05 14:34:21.750 +05:30 [INF] Executed DbCommand (0ms) [Parameters=[@p0='?' (Size = 36), @p1='?' (Size = 4), @p2='?' (Size = 14), @p3='?' (Size = 13), @p4='?' (DbType = DateTimeOffset), @p5='?' (DbType = Double), @p6='?' (DbType = Double), @p7='?' (Size = 30), @p8='?' (Size = 14), @p9='?' (Size = 5), @p10='?' (Size = 8), @p11='?' (Size = 20), @p12='?' (Size = 33)], CommandType='"Text"', CommandTimeout='30']
INSERT INTO "Breweries" ("Id", "BreweryType", "City", "Country", "LastRefreshedUtc", "Latitude", "Longitude", "Name", "Phone", "PostalCode", "State", "Street", "WebsiteUrl")
VALUES (@p0, @p1, @p2, @p3, @p4, @p5, @p6, @p7, @p8, @p9, @p10, @p11, @p12);
2026-09-05 14:34:21.750 +05:30 [INF] Executed DbCommand (0ms) [Parameters=[@p0='?' (Size = 36), @p1='?' (Size = 8), @p2='?' (Size = 10), @p3='?' (Size = 13), @p4='?' (DbType = DateTimeOffset), @p5='?' (DbType = Double), @p6='?' (DbType = Double), @p7='?' (Size = 29), @p8='?', @p9='?' (Size = 5), @p10='?' (Size = 8), @p11='?', @p12='?'], CommandType='"Text"', CommandTimeout='30']
INSERT INTO "Breweries" ("Id", "BreweryType", "City", "Country", "LastRefreshedUtc", "Latitude", "Longitude", "Name", "Phone", "PostalCode", "State", "Street", "WebsiteUrl")
VALUES (@p0, @p1, @p2, @p3, @p4, @p5, @p6, @p7, @p8, @p9, @p10, @p11, @p12);
2026-09-05 14:34:21.751 +05:30 [INF] Executed DbCommand (0ms) [Parameters=[@p0='?' (Size = 36), @p1='?' (Size = 7), @p2='?' (Size = 10), @p3='?' (Size = 13), @p4='?' (DbType = DateTimeOffset), @p5='?' (DbType = Double), @p6='?' (DbType = Double), @p7='?' (Size = 13), @p8='?' (Size = 14), @p9='?' (Size = 10), @p10='?' (Size = 9), @p11='?' (Size = 18), @p12='?'], CommandType='"Text"', CommandTimeout='30']
INSERT INTO "Breweries" ("Id", "BreweryType", "City", "Country", "LastRefreshedUtc", "Latitude", "Longitude", "Name", "Phone", "PostalCode", "State", "Street", "WebsiteUrl")
VALUES (@p0, @p1, @p2, @p3, @p4, @p5, @p6, @p7, @p8, @p9, @p10, @p11, @p12);
2026-09-05 14:34:21.751 +05:30 [INF] Executed DbCommand (0ms) [Parameters=[@p0='?' (Size = 36), @p1='?' (Size = 7), @p2='?' (Size = 6), @p3='?' (Size = 13), @p4='?' (DbType = DateTimeOffset), @p5='?' (DbType = Double), @p6='?' (DbType = Double), @p7='?' (Size = 35), @p8='?' (Size = 14), @p9='?' (Size = 10), @p10='?' (Size = 8), @p11='?' (Size = 17), @p12='?' (Size = 29)], CommandType='"Text"', CommandTimeout='30']
INSERT INTO "Breweries" ("Id", "BreweryType", "City", "Country", "LastRefreshedUtc", "Latitude", "Longitude", "Name", "Phone", "PostalCode", "State", "Street", "WebsiteUrl")
VALUES (@p0, @p1, @p2, @p3, @p4, @p5, @p6, @p7, @p8, @p9, @p10, @p11, @p12);
2026-09-05 14:34:21.752 +05:30 [INF] Executed DbCommand (0ms) [Parameters=[@p0='?' (Size = 36), @p1='?' (Size = 5), @p2='?' (Size = 14), @p3='?' (Size = 13), @p4='?' (DbType = DateTimeOffset), @p5='?' (DbType = Double), @p6='?' (DbType = Double), @p7='?' (Size = 23), @p8='?' (Size = 14), @p9='?' (Size = 10), @p10='?' (Size = 10), @p11='?' (Size = 17), @p12='?' (Size = 32)], CommandType='"Text"', CommandTimeout='30']
INSERT INTO "Breweries" ("Id", "BreweryType", "City", "Country", "LastRefreshedUtc", "Latitude", "Longitude", "Name", "Phone", "PostalCode", "State", "Street", "WebsiteUrl")
VALUES (@p0, @p1, @p2, @p3, @p4, @p5, @p6, @p7, @p8, @p9, @p10, @p11, @p12);
2026-09-05 14:34:21.752 +05:30 [INF] Executed DbCommand (0ms) [Parameters=[@p0='?' (Size = 36), @p1='?' (Size = 7), @p2='?' (Size = 13), @p3='?' (Size = 13), @p4='?' (DbType = DateTimeOffset), @p5='?' (DbType = Double), @p6='?' (DbType = Double), @p7='?' (Size = 38), @p8='?' (Size = 14), @p9='?' (Size = 10), @p10='?' (Size = 12), @p11='?' (Size = 18), @p12='?' (Size = 22)], CommandType='"Text"', CommandTimeout='30']
INSERT INTO "Breweries" ("Id", "BreweryType", "City", "Country", "LastRefreshedUtc", "Latitude", "Longitude", "Name", "Phone", "PostalCode", "State", "Street", "WebsiteUrl")
VALUES (@p0, @p1, @p2, @p3, @p4, @p5, @p6, @p7, @p8, @p9, @p10, @p11, @p12);
2026-09-05 14:34:21.753 +05:30 [INF] Executed DbCommand (0ms) [Parameters=[@p0='?' (Size = 36), @p1='?' (Size = 5), @p2='?' (Size = 6), @p3='?' (Size = 13), @p4='?' (DbType = DateTimeOffset), @p5='?' (DbType = Double), @p6='?' (DbType = Double), @p7='?' (Size = 29), @p8='?' (Size = 14), @p9='?' (Size = 10), @p10='?' (Size = 8), @p11='?' (Size = 14), @p12='?'], CommandType='"Text"', CommandTimeout='30']
INSERT INTO "Breweries" ("Id", "BreweryType", "City", "Country", "LastRefreshedUtc", "Latitude", "Longitude", "Name", "Phone", "PostalCode", "State", "Street", "WebsiteUrl")
VALUES (@p0, @p1, @p2, @p3, @p4, @p5, @p6, @p7, @p8, @p9, @p10, @p11, @p12);
2026-09-05 14:34:21.754 +05:30 [INF] Executed DbCommand (0ms) [Parameters=[@p0='?' (Size = 36), @p1='?' (Size = 8), @p2='?' (Size = 8), @p3='?' (Size = 13), @p4='?' (DbType = DateTimeOffset), @p5='?' (DbType = Double), @p6='?' (DbType = Double), @p7='?' (Size = 17), @p8='?' (Size = 14), @p9='?' (Size = 5), @p10='?' (Size = 4), @p11='?', @p12='?' (Size = 31)], CommandType='"Text"', CommandTimeout='30']
INSERT INTO "Breweries" ("Id", "BreweryType", "City", "Country", "LastRefreshedUtc", "Latitude", "Longitude", "Name", "Phone", "PostalCode", "State", "Street", "WebsiteUrl")
VALUES (@p0, @p1, @p2, @p3, @p4, @p5, @p6, @p7, @p8, @p9, @p10, @p11, @p12);
2026-09-05 14:34:21.755 +05:30 [INF] Executed DbCommand (0ms) [Parameters=[@p0='?' (Size = 36), @p1='?' (Size = 5), @p2='?' (Size = 10), @p3='?' (Size = 6), @p4='?' (DbType = DateTimeOffset), @p5='?' (DbType = Double), @p6='?' (DbType = Double), @p7='?' (Size = 7), @p8='?', @p9='?' (Size = 5), @p10='?' (Size = 16), @p11='?' (Size = 14), @p12='?' (Size = 26)], CommandType='"Text"', CommandTimeout='30']
INSERT INTO "Breweries" ("Id", "BreweryType", "City", "Country", "LastRefreshedUtc", "Latitude", "Longitude", "Name", "Phone", "PostalCode", "State", "Street", "WebsiteUrl")
VALUES (@p0, @p1, @p2, @p3, @p4, @p5, @p6, @p7, @p8, @p9, @p10, @p11, @p12);
2026-09-05 14:34:21.757 +05:30 [INF] Executed DbCommand (0ms) [Parameters=[@p0='?' (Size = 36), @p1='?' (Size = 5), @p2='?' (Size = 9), @p3='?' (Size = 13), @p4='?' (DbType = DateTimeOffset), @p5='?' (DbType = Double), @p6='?' (DbType = Double), @p7='?' (Size = 20), @p8='?' (Size = 14), @p9='?' (Size = 10), @p10='?' (Size = 9), @p11='?' (Size = 13), @p12='?' (Size = 26)], CommandType='"Text"', CommandTimeout='30']
INSERT INTO "Breweries" ("Id", "BreweryType", "City", "Country", "LastRefreshedUtc", "Latitude", "Longitude", "Name", "Phone", "PostalCode", "State", "Street", "WebsiteUrl")
VALUES (@p0, @p1, @p2, @p3, @p4, @p5, @p6, @p7, @p8, @p9, @p10, @p11, @p12);
2026-09-05 14:34:21.758 +05:30 [INF] Executed DbCommand (0ms) [Parameters=[@p0='?' (Size = 36), @p1='?' (Size = 10), @p2='?' (Size = 6), @p3='?' (Size = 13), @p4='?' (DbType = DateTimeOffset), @p5='?' (DbType = Double), @p6='?' (DbType = Double), @p7='?' (Size = 15), @p8='?', @p9='?' (Size = 10), @p10='?' (Size = 8), @p11='?' (Size = 20), @p12='?' (Size = 29)], CommandType='"Text"', CommandTimeout='30']
INSERT INTO "Breweries" ("Id", "BreweryType", "City", "Country", "LastRefreshedUtc", "Latitude", "Longitude", "Name", "Phone", "PostalCode", "State", "Street", "WebsiteUrl")
VALUES (@p0, @p1, @p2, @p3, @p4, @p5, @p6, @p7, @p8, @p9, @p10, @p11, @p12);
2026-09-05 14:34:21.758 +05:30 [INF] Executed DbCommand (0ms) [Parameters=[@p0='?' (Size = 36), @p1='?' (Size = 5), @p2='?' (Size = 8), @p3='?' (Size = 13), @p4='?' (DbType = DateTimeOffset), @p5='?' (DbType = Double), @p6='?' (DbType = Double), @p7='?' (Size = 13), @p8='?' (Size = 14), @p9='?' (Size = 5), @p10='?' (Size = 10), @p11='?' (Size = 19), @p12='?' (Size = 26)], CommandType='"Text"', CommandTimeout='30']
INSERT INTO "Breweries" ("Id", "BreweryType", "City", "Country", "LastRefreshedUtc", "Latitude", "Longitude", "Name", "Phone", "PostalCode", "State", "Street", "WebsiteUrl")
VALUES (@p0, @p1, @p2, @p3, @p4, @p5, @p6, @p7, @p8, @p9, @p10, @p11, @p12);
2026-09-05 14:34:21.759 +05:30 [INF] Executed DbCommand (0ms) [Parameters=[@p0='?' (Size = 36), @p1='?' (Size = 7), @p2='?' (Size = 5), @p3='?' (Size = 7), @p4='?' (DbType = DateTimeOffset), @p5='?' (DbType = Double), @p6='?' (DbType = Double), @p7='?' (Size = 21), @p8='?' (Size = 14), @p9='?' (Size = 5), @p10='?' (Size = 17), @p11='?' (Size = 18), @p12='?' (Size = 24)], CommandType='"Text"', CommandTimeout='30']
INSERT INTO "Breweries" ("Id", "BreweryType", "City", "Country", "LastRefreshedUtc", "Latitude", "Longitude", "Name", "Phone", "PostalCode", "State", "Street", "WebsiteUrl")
VALUES (@p0, @p1, @p2, @p3, @p4, @p5, @p6, @p7, @p8, @p9, @p10, @p11, @p12);
2026-09-05 14:34:21.759 +05:30 [INF] Executed DbCommand (0ms) [Parameters=[@p0='?' (Size = 36), @p1='?' (Size = 8), @p2='?' (Size = 7), @p3='?' (Size = 13), @p4='?' (DbType = DateTimeOffset), @p5='?' (DbType = Double), @p6='?' (DbType = Double), @p7='?' (Size = 29), @p8='?', @p9='?' (Size = 5), @p10='?' (Size = 8), @p11='?', @p12='?'], CommandType='"Text"', CommandTimeout='30']
INSERT INTO "Breweries" ("Id", "BreweryType", "City", "Country", "LastRefreshedUtc", "Latitude", "Longitude", "Name", "Phone", "PostalCode", "State", "Street", "WebsiteUrl")
VALUES (@p0, @p1, @p2, @p3, @p4, @p5, @p6, @p7, @p8, @p9, @p10, @p11, @p12);
2026-09-05 14:34:21.760 +05:30 [INF] Executed DbCommand (0ms) [Parameters=[@p0='?' (Size = 36), @p1='?' (Size = 5), @p2='?' (Size = 11), @p3='?' (Size = 13), @p4='?' (DbType = DateTimeOffset), @p5='?' (DbType = Double), @p6='?' (DbType = Double), @p7='?' (Size = 21), @p8='?' (Size = 14), @p9='?' (Size = 10), @p10='?' (Size = 9), @p11='?' (Size = 24), @p12='?' (Size = 34)], CommandType='"Text"', CommandTimeout='30']
INSERT INTO "Breweries" ("Id", "BreweryType", "City", "Country", "LastRefreshedUtc", "Latitude", "Longitude", "Name", "Phone", "PostalCode", "State", "Street", "WebsiteUrl")
VALUES (@p0, @p1, @p2, @p3, @p4, @p5, @p6, @p7, @p8, @p9, @p10, @p11, @p12);
2026-09-05 14:34:21.760 +05:30 [INF] Executed DbCommand (0ms) [Parameters=[@p0='?' (Size = 36), @p1='?' (Size = 5), @p2='?' (Size = 10), @p3='?' (Size = 13), @p4='?' (DbType = DateTimeOffset), @p5='?' (DbType = Double), @p6='?' (DbType = Double), @p7='?' (Size = 40), @p8='?' (Size = 14), @p9='?' (Size = 10), @p10='?' (Size = 8), @p11='?' (Size = 14), @p12='?' (Size = 26)], CommandType='"Text"', CommandTimeout='30']
INSERT INTO "Breweries" ("Id", "BreweryType", "City", "Country", "LastRefreshedUtc", "Latitude", "Longitude", "Name", "Phone", "PostalCode", "State", "Street", "WebsiteUrl")
VALUES (@p0, @p1, @p2, @p3, @p4, @p5, @p6, @p7, @p8, @p9, @p10, @p11, @p12);
2026-09-05 14:34:21.760 +05:30 [INF] Executed DbCommand (0ms) [Parameters=[@p0='?' (Size = 36), @p1='?' (Size = 7), @p2='?' (Size = 6), @p3='?' (Size = 7), @p4='?' (DbType = DateTimeOffset), @p5='?' (DbType = Double), @p6='?' (DbType = Double), @p7='?' (Size = 13), @p8='?' (Size = 14), @p9='?' (Size = 5), @p10='?' (Size = 17), @p11='?' (Size = 12), @p12='?' (Size = 33)], CommandType='"Text"', CommandTimeout='30']
INSERT INTO "Breweries" ("Id", "BreweryType", "City", "Country", "LastRefreshedUtc", "Latitude", "Longitude", "Name", "Phone", "PostalCode", "State", "Street", "WebsiteUrl")
VALUES (@p0, @p1, @p2, @p3, @p4, @p5, @p6, @p7, @p8, @p9, @p10, @p11, @p12);
2026-09-05 14:34:21.761 +05:30 [INF] Executed DbCommand (0ms) [Parameters=[@p0='?' (Size = 36), @p1='?' (Size = 5), @p2='?' (Size = 9), @p3='?' (Size = 11), @p4='?' (DbType = DateTimeOffset), @p5='?' (DbType = Double), @p6='?' (DbType = Double), @p7='?' (Size = 14), @p8='?' (Size = 16), @p9='?' (Size = 7), @p10='?' (Size = 13), @p11='?' (Size = 11), @p12='?' (Size = 63)], CommandType='"Text"', CommandTimeout='30']
INSERT INTO "Breweries" ("Id", "BreweryType", "City", "Country", "LastRefreshedUtc", "Latitude", "Longitude", "Name", "Phone", "PostalCode", "State", "Street", "WebsiteUrl")
VALUES (@p0, @p1, @p2, @p3, @p4, @p5, @p6, @p7, @p8, @p9, @p10, @p11, @p12);
2026-09-05 14:34:21.761 +05:30 [INF] Executed DbCommand (0ms) [Parameters=[@p0='?' (Size = 36), @p1='?' (Size = 5), @p2='?' (Size = 8), @p3='?' (Size = 13), @p4='?' (DbType = DateTimeOffset), @p5='?' (DbType = Double), @p6='?' (DbType = Double), @p7='?' (Size = 16), @p8='?' (Size = 14), @p9='?' (Size = 5), @p10='?' (Size = 13), @p11='?' (Size = 13), @p12='?' (Size = 30)], CommandType='"Text"', CommandTimeout='30']
INSERT INTO "Breweries" ("Id", "BreweryType", "City", "Country", "LastRefreshedUtc", "Latitude", "Longitude", "Name", "Phone", "PostalCode", "State", "Street", "WebsiteUrl")
VALUES (@p0, @p1, @p2, @p3, @p4, @p5, @p6, @p7, @p8, @p9, @p10, @p11, @p12);
2026-09-05 14:34:21.762 +05:30 [INF] Executed DbCommand (0ms) [Parameters=[@p0='?' (Size = 36), @p1='?' (Size = 5), @p2='?' (Size = 8), @p3='?' (Size = 13), @p4='?' (DbType = DateTimeOffset), @p5='?' (DbType = Double), @p6='?' (DbType = Double), @p7='?' (Size = 16), @p8='?' (Size = 14), @p9='?' (Size = 5), @p10='?' (Size = 4), @p11='?' (Size = 13), @p12='?' (Size = 31)], CommandType='"Text"', CommandTimeout='30']
INSERT INTO "Breweries" ("Id", "BreweryType", "City", "Country", "LastRefreshedUtc", "Latitude", "Longitude", "Name", "Phone", "PostalCode", "State", "Street", "WebsiteUrl")
VALUES (@p0, @p1, @p2, @p3, @p4, @p5, @p6, @p7, @p8, @p9, @p10, @p11, @p12);
2026-09-05 14:34:21.762 +05:30 [INF] Executed DbCommand (0ms) [Parameters=[@p0='?' (Size = 36), @p1='?' (Size = 7), @p2='?' (Size = 15), @p3='?' (Size = 7), @p4='?' (DbType = DateTimeOffset), @p5='?' (DbType = Double), @p6='?' (DbType = Double), @p7='?' (Size = 18), @p8='?' (Size = 12), @p9='?' (Size = 5), @p10='?' (Size = 13), @p11='?' (Size = 16), @p12='?' (Size = 32)], CommandType='"Text"', CommandTimeout='30']
INSERT INTO "Breweries" ("Id", "BreweryType", "City", "Country", "LastRefreshedUtc", "Latitude", "Longitude", "Name", "Phone", "PostalCode", "State", "Street", "WebsiteUrl")
VALUES (@p0, @p1, @p2, @p3, @p4, @p5, @p6, @p7, @p8, @p9, @p10, @p11, @p12);
2026-09-05 14:34:21.763 +05:30 [INF] Executed DbCommand (0ms) [Parameters=[@p0='?' (Size = 36), @p1='?' (Size = 5), @p2='?' (Size = 14), @p3='?' (Size = 13), @p4='?' (DbType = DateTimeOffset), @p5='?' (DbType = Double), @p6='?' (DbType = Double), @p7='?' (Size = 19), @p8='?' (Size = 14), @p9='?' (Size = 10), @p10='?' (Size = 10), @p11='?' (Size = 19), @p12='?' (Size = 28)], CommandType='"Text"', CommandTimeout='30']
INSERT INTO "Breweries" ("Id", "BreweryType", "City", "Country", "LastRefreshedUtc", "Latitude", "Longitude", "Name", "Phone", "PostalCode", "State", "Street", "WebsiteUrl")
VALUES (@p0, @p1, @p2, @p3, @p4, @p5, @p6, @p7, @p8, @p9, @p10, @p11, @p12);
2026-09-05 14:34:21.763 +05:30 [INF] Executed DbCommand (0ms) [Parameters=[@p0='?' (Size = 36), @p1='?' (Size = 8), @p2='?' (Size = 10), @p3='?' (Size = 13), @p4='?' (DbType = DateTimeOffset), @p5='?' (DbType = Double), @p6='?' (DbType = Double), @p7='?' (Size = 27), @p8='?' (Size = 14), @p9='?' (Size = 10), @p10='?' (Size = 10), @p11='?', @p12='?'], CommandType='"Text"', CommandTimeout='30']
INSERT INTO "Breweries" ("Id", "BreweryType", "City", "Country", "LastRefreshedUtc", "Latitude", "Longitude", "Name", "Phone", "PostalCode", "State", "Street", "WebsiteUrl")
VALUES (@p0, @p1, @p2, @p3, @p4, @p5, @p6, @p7, @p8, @p9, @p10, @p11, @p12);
2026-09-05 14:34:21.764 +05:30 [INF] Executed DbCommand (0ms) [Parameters=[@p0='?' (Size = 36), @p1='?' (Size = 5), @p2='?' (Size = 8), @p3='?' (Size = 13), @p4='?' (DbType = DateTimeOffset), @p5='?' (DbType = Double), @p6='?' (DbType = Double), @p7='?' (Size = 37), @p8='?' (Size = 14), @p9='?' (Size = 10), @p10='?' (Size = 7), @p11='?' (Size = 22), @p12='?' (Size = 33)], CommandType='"Text"', CommandTimeout='30']
INSERT INTO "Breweries" ("Id", "BreweryType", "City", "Country", "LastRefreshedUtc", "Latitude", "Longitude", "Name", "Phone", "PostalCode", "State", "Street", "WebsiteUrl")
VALUES (@p0, @p1, @p2, @p3, @p4, @p5, @p6, @p7, @p8, @p9, @p10, @p11, @p12);
2026-09-05 14:34:21.764 +05:30 [INF] Executed DbCommand (0ms) [Parameters=[@p0='?' (Size = 36), @p1='?' (Size = 7), @p2='?' (Size = 5), @p3='?' (Size = 6), @p4='?' (DbType = DateTimeOffset), @p5='?' (DbType = Double), @p6='?' (DbType = Double), @p7='?' (Size = 13), @p8='?', @p9='?' (Size = 6), @p10='?' (Size = 12), @p11='?' (Size = 16), @p12='?'], CommandType='"Text"', CommandTimeout='30']
INSERT INTO "Breweries" ("Id", "BreweryType", "City", "Country", "LastRefreshedUtc", "Latitude", "Longitude", "Name", "Phone", "PostalCode", "State", "Street", "WebsiteUrl")
VALUES (@p0, @p1, @p2, @p3, @p4, @p5, @p6, @p7, @p8, @p9, @p10, @p11, @p12);
2026-09-05 14:34:21.765 +05:30 [INF] Executed DbCommand (0ms) [Parameters=[@p0='?' (Size = 36), @p1='?' (Size = 7), @p2='?' (Size = 9), @p3='?' (Size = 13), @p4='?' (DbType = DateTimeOffset), @p5='?' (DbType = Double), @p6='?' (DbType = Double), @p7='?' (Size = 19), @p8='?' (Size = 14), @p9='?' (Size = 10), @p10='?' (Size = 10), @p11='?' (Size = 19), @p12='?' (Size = 28)], CommandType='"Text"', CommandTimeout='30']
INSERT INTO "Breweries" ("Id", "BreweryType", "City", "Country", "LastRefreshedUtc", "Latitude", "Longitude", "Name", "Phone", "PostalCode", "State", "Street", "WebsiteUrl")
VALUES (@p0, @p1, @p2, @p3, @p4, @p5, @p6, @p7, @p8, @p9, @p10, @p11, @p12);
2026-09-05 14:34:21.765 +05:30 [INF] Executed DbCommand (0ms) [Parameters=[@p0='?' (Size = 36), @p1='?' (Size = 7), @p2='?' (Size = 7), @p3='?' (Size = 13), @p4='?' (DbType = DateTimeOffset), @p5='?' (DbType = Double), @p6='?' (DbType = Double), @p7='?' (Size = 16), @p8='?' (Size = 14), @p9='?' (Size = 10), @p10='?' (Size = 13), @p11='?' (Size = 16), @p12='?' (Size = 29)], CommandType='"Text"', CommandTimeout='30']
INSERT INTO "Breweries" ("Id", "BreweryType", "City", "Country", "LastRefreshedUtc", "Latitude", "Longitude", "Name", "Phone", "PostalCode", "State", "Street", "WebsiteUrl")
VALUES (@p0, @p1, @p2, @p3, @p4, @p5, @p6, @p7, @p8, @p9, @p10, @p11, @p12);
2026-09-05 14:34:21.766 +05:30 [INF] Executed DbCommand (0ms) [Parameters=[@p0='?' (Size = 36), @p1='?' (Size = 6), @p2='?' (Size = 7), @p3='?' (Size = 7), @p4='?' (DbType = DateTimeOffset), @p5='?' (DbType = Double), @p6='?' (DbType = Double), @p7='?' (Size = 12), @p8='?' (Size = 15), @p9='?' (Size = 5), @p10='?' (Size = 13), @p11='?' (Size = 15), @p12='?' (Size = 30)], CommandType='"Text"', CommandTimeout='30']
INSERT INTO "Breweries" ("Id", "BreweryType", "City", "Country", "LastRefreshedUtc", "Latitude", "Longitude", "Name", "Phone", "PostalCode", "State", "Street", "WebsiteUrl")
VALUES (@p0, @p1, @p2, @p3, @p4, @p5, @p6, @p7, @p8, @p9, @p10, @p11, @p12);
2026-09-05 14:34:21.766 +05:30 [INF] Executed DbCommand (0ms) [Parameters=[@p0='?' (Size = 36), @p1='?' (Size = 5), @p2='?' (Size = 8), @p3='?' (Size = 13), @p4='?' (DbType = DateTimeOffset), @p5='?' (DbType = Double), @p6='?' (DbType = Double), @p7='?' (Size = 35), @p8='?' (Size = 14), @p9='?' (Size = 5), @p10='?' (Size = 8), @p11='?' (Size = 12), @p12='?' (Size = 37)], CommandType='"Text"', CommandTimeout='30']
INSERT INTO "Breweries" ("Id", "BreweryType", "City", "Country", "LastRefreshedUtc", "Latitude", "Longitude", "Name", "Phone", "PostalCode", "State", "Street", "WebsiteUrl")
VALUES (@p0, @p1, @p2, @p3, @p4, @p5, @p6, @p7, @p8, @p9, @p10, @p11, @p12);
2026-09-05 14:34:21.766 +05:30 [INF] Executed DbCommand (0ms) [Parameters=[@p0='?' (Size = 36), @p1='?' (Size = 5), @p2='?' (Size = 8), @p3='?' (Size = 7), @p4='?' (DbType = DateTimeOffset), @p5='?' (DbType = Double), @p6='?' (DbType = Double), @p7='?' (Size = 16), @p8='?' (Size = 14), @p9='?' (Size = 4), @p10='?' (Size = 10), @p11='?' (Size = 15), @p12='?' (Size = 21)], CommandType='"Text"', CommandTimeout='30']
INSERT INTO "Breweries" ("Id", "BreweryType", "City", "Country", "LastRefreshedUtc", "Latitude", "Longitude", "Name", "Phone", "PostalCode", "State", "Street", "WebsiteUrl")
VALUES (@p0, @p1, @p2, @p3, @p4, @p5, @p6, @p7, @p8, @p9, @p10, @p11, @p12);
2026-09-05 14:34:21.767 +05:30 [INF] Executed DbCommand (0ms) [Parameters=[@p0='?' (Size = 36), @p1='?' (Size = 5), @p2='?' (Size = 4), @p3='?' (Size = 13), @p4='?' (DbType = DateTimeOffset), @p5='?' (DbType = Double), @p6='?' (DbType = Double), @p7='?' (Size = 30), @p8='?' (Size = 14), @p9='?' (Size = 5), @p10='?' (Size = 6), @p11='?' (Size = 11), @p12='?' (Size = 21)], CommandType='"Text"', CommandTimeout='30']
INSERT INTO "Breweries" ("Id", "BreweryType", "City", "Country", "LastRefreshedUtc", "Latitude", "Longitude", "Name", "Phone", "PostalCode", "State", "Street", "WebsiteUrl")
VALUES (@p0, @p1, @p2, @p3, @p4, @p5, @p6, @p7, @p8, @p9, @p10, @p11, @p12);
2026-09-05 14:34:21.767 +05:30 [INF] Executed DbCommand (0ms) [Parameters=[@p0='?' (Size = 36), @p1='?' (Size = 7), @p2='?' (Size = 6), @p3='?' (Size = 13), @p4='?' (DbType = DateTimeOffset), @p5='?' (DbType = Double), @p6='?' (DbType = Double), @p7='?' (Size = 22), @p8='?' (Size = 14), @p9='?' (Size = 10), @p10='?' (Size = 5), @p11='?' (Size = 14), @p12='?' (Size = 27)], CommandType='"Text"', CommandTimeout='30']
INSERT INTO "Breweries" ("Id", "BreweryType", "City", "Country", "LastRefreshedUtc", "Latitude", "Longitude", "Name", "Phone", "PostalCode", "State", "Street", "WebsiteUrl")
VALUES (@p0, @p1, @p2, @p3, @p4, @p5, @p6, @p7, @p8, @p9, @p10, @p11, @p12);
2026-09-05 14:34:21.768 +05:30 [INF] Executed DbCommand (0ms) [Parameters=[@p0='?' (Size = 36), @p1='?' (Size = 5), @p2='?' (Size = 6), @p3='?' (Size = 6), @p4='?' (DbType = DateTimeOffset), @p5='?' (DbType = Double), @p6='?' (DbType = Double), @p7='?' (Size = 19), @p8='?', @p9='?' (Size = 7), @p10='?' (Size = 7), @p11='?' (Size = 13), @p12='?' (Size = 27)], CommandType='"Text"', CommandTimeout='30']
INSERT INTO "Breweries" ("Id", "BreweryType", "City", "Country", "LastRefreshedUtc", "Latitude", "Longitude", "Name", "Phone", "PostalCode", "State", "Street", "WebsiteUrl")
VALUES (@p0, @p1, @p2, @p3, @p4, @p5, @p6, @p7, @p8, @p9, @p10, @p11, @p12);
2026-09-05 14:34:21.769 +05:30 [INF] Executed DbCommand (0ms) [Parameters=[@p0='?' (Size = 36), @p1='?' (Size = 5), @p2='?' (Size = 12), @p3='?' (Size = 9), @p4='?' (DbType = DateTimeOffset), @p5='?' (DbType = Double), @p6='?' (DbType = Double), @p7='?' (Size = 17), @p8='?' (Size = 15), @p9='?' (Size = 4), @p10='?' (Size = 3), @p11='?' (Size = 16), @p12='?' (Size = 33)], CommandType='"Text"', CommandTimeout='30']
INSERT INTO "Breweries" ("Id", "BreweryType", "City", "Country", "LastRefreshedUtc", "Latitude", "Longitude", "Name", "Phone", "PostalCode", "State", "Street", "WebsiteUrl")
VALUES (@p0, @p1, @p2, @p3, @p4, @p5, @p6, @p7, @p8, @p9, @p10, @p11, @p12);
2026-09-05 14:34:21.770 +05:30 [INF] Executed DbCommand (0ms) [Parameters=[@p0='?' (Size = 36), @p1='?' (Size = 7), @p2='?' (Size = 9), @p3='?' (Size = 7), @p4='?' (DbType = DateTimeOffset), @p5='?' (DbType = Double), @p6='?' (DbType = Double), @p7='?' (Size = 8), @p8='?' (Size = 14), @p9='?' (Size = 5), @p10='?' (Size = 6), @p11='?' (Size = 19), @p12='?' (Size = 23)], CommandType='"Text"', CommandTimeout='30']
INSERT INTO "Breweries" ("Id", "BreweryType", "City", "Country", "LastRefreshedUtc", "Latitude", "Longitude", "Name", "Phone", "PostalCode", "State", "Street", "WebsiteUrl")
VALUES (@p0, @p1, @p2, @p3, @p4, @p5, @p6, @p7, @p8, @p9, @p10, @p11, @p12);
2026-09-05 14:34:21.771 +05:30 [INF] Executed DbCommand (0ms) [Parameters=[@p0='?' (Size = 36), @p1='?' (Size = 5), @p2='?' (Size = 5), @p3='?' (Size = 13), @p4='?' (DbType = DateTimeOffset), @p5='?' (DbType = Double), @p6='?' (DbType = Double), @p7='?' (Size = 22), @p8='?' (Size = 14), @p9='?' (Size = 10), @p10='?' (Size = 12), @p11='?' (Size = 25), @p12='?' (Size = 32)], CommandType='"Text"', CommandTimeout='30']
INSERT INTO "Breweries" ("Id", "BreweryType", "City", "Country", "LastRefreshedUtc", "Latitude", "Longitude", "Name", "Phone", "PostalCode", "State", "Street", "WebsiteUrl")
VALUES (@p0, @p1, @p2, @p3, @p4, @p5, @p6, @p7, @p8, @p9, @p10, @p11, @p12);
2026-09-05 14:34:21.772 +05:30 [INF] Executed DbCommand (0ms) [Parameters=[@p0='?' (Size = 36), @p1='?' (Size = 7), @p2='?' (Size = 10), @p3='?' (Size = 7), @p4='?' (DbType = DateTimeOffset), @p5='?' (DbType = Double), @p6='?' (DbType = Double), @p7='?' (Size = 23), @p8='?' (Size = 14), @p9='?' (Size = 5), @p10='?' (Size = 6), @p11='?' (Size = 20), @p12='?' (Size = 34)], CommandType='"Text"', CommandTimeout='30']
INSERT INTO "Breweries" ("Id", "BreweryType", "City", "Country", "LastRefreshedUtc", "Latitude", "Longitude", "Name", "Phone", "PostalCode", "State", "Street", "WebsiteUrl")
VALUES (@p0, @p1, @p2, @p3, @p4, @p5, @p6, @p7, @p8, @p9, @p10, @p11, @p12);
2026-09-05 14:34:21.774 +05:30 [INF] Executed DbCommand (0ms) [Parameters=[@p0='?' (Size = 36), @p1='?' (Size = 7), @p2='?' (Size = 6), @p3='?' (Size = 13), @p4='?' (DbType = DateTimeOffset), @p5='?' (DbType = Double), @p6='?' (DbType = Double), @p7='?' (Size = 20), @p8='?' (Size = 14), @p9='?' (Size = 5), @p10='?' (Size = 9), @p11='?' (Size = 22), @p12='?' (Size = 25)], CommandType='"Text"', CommandTimeout='30']
INSERT INTO "Breweries" ("Id", "BreweryType", "City", "Country", "LastRefreshedUtc", "Latitude", "Longitude", "Name", "Phone", "PostalCode", "State", "Street", "WebsiteUrl")
VALUES (@p0, @p1, @p2, @p3, @p4, @p5, @p6, @p7, @p8, @p9, @p10, @p11, @p12);
2026-09-05 14:34:21.775 +05:30 [INF] Executed DbCommand (0ms) [Parameters=[@p0='?' (Size = 36), @p1='?' (Size = 7), @p2='?' (Size = 12), @p3='?' (Size = 13), @p4='?' (DbType = DateTimeOffset), @p5='?' (DbType = Double), @p6='?' (DbType = Double), @p7='?' (Size = 15), @p8='?' (Size = 14), @p9='?' (Size = 10), @p10='?' (Size = 8), @p11='?' (Size = 16), @p12='?' (Size = 32)], CommandType='"Text"', CommandTimeout='30']
INSERT INTO "Breweries" ("Id", "BreweryType", "City", "Country", "LastRefreshedUtc", "Latitude", "Longitude", "Name", "Phone", "PostalCode", "State", "Street", "WebsiteUrl")
VALUES (@p0, @p1, @p2, @p3, @p4, @p5, @p6, @p7, @p8, @p9, @p10, @p11, @p12);
2026-09-05 14:34:21.775 +05:30 [INF] Executed DbCommand (0ms) [Parameters=[@p0='?' (Size = 36), @p1='?' (Size = 6), @p2='?' (Size = 12), @p3='?' (Size = 11), @p4='?' (DbType = DateTimeOffset), @p5='?' (DbType = Double), @p6='?' (DbType = Double), @p7='?' (Size = 6), @p8='?' (Size = 15), @p9='?' (Size = 4), @p10='?' (Size = 17), @p11='?' (Size = 17), @p12='?' (Size = 39)], CommandType='"Text"', CommandTimeout='30']
INSERT INTO "Breweries" ("Id", "BreweryType", "City", "Country", "LastRefreshedUtc", "Latitude", "Longitude", "Name", "Phone", "PostalCode", "State", "Street", "WebsiteUrl")
VALUES (@p0, @p1, @p2, @p3, @p4, @p5, @p6, @p7, @p8, @p9, @p10, @p11, @p12);
2026-09-05 14:34:21.776 +05:30 [INF] Executed DbCommand (0ms) [Parameters=[@p0='?' (Size = 36), @p1='?' (Size = 5), @p2='?' (Size = 8), @p3='?' (Size = 13), @p4='?' (DbType = DateTimeOffset), @p5='?' (DbType = Double), @p6='?' (DbType = Double), @p7='?' (Size = 29), @p8='?' (Size = 14), @p9='?' (Size = 10), @p10='?' (Size = 13), @p11='?' (Size = 17), @p12='?' (Size = 34)], CommandType='"Text"', CommandTimeout='30']
INSERT INTO "Breweries" ("Id", "BreweryType", "City", "Country", "LastRefreshedUtc", "Latitude", "Longitude", "Name", "Phone", "PostalCode", "State", "Street", "WebsiteUrl")
VALUES (@p0, @p1, @p2, @p3, @p4, @p5, @p6, @p7, @p8, @p9, @p10, @p11, @p12);
2026-09-05 14:34:21.776 +05:30 [INF] Executed DbCommand (0ms) [Parameters=[@p0='?' (Size = 36), @p1='?' (Size = 5), @p2='?' (Size = 8), @p3='?' (Size = 13), @p4='?' (DbType = DateTimeOffset), @p5='?' (DbType = Double), @p6='?' (DbType = Double), @p7='?' (Size = 29), @p8='?' (Size = 14), @p9='?' (Size = 10), @p10='?' (Size = 4), @p11='?' (Size = 14), @p12='?'], CommandType='"Text"', CommandTimeout='30']
INSERT INTO "Breweries" ("Id", "BreweryType", "City", "Country", "LastRefreshedUtc", "Latitude", "Longitude", "Name", "Phone", "PostalCode", "State", "Street", "WebsiteUrl")
VALUES (@p0, @p1, @p2, @p3, @p4, @p5, @p6, @p7, @p8, @p9, @p10, @p11, @p12);
2026-09-05 14:34:21.777 +05:30 [INF] Executed DbCommand (0ms) [Parameters=[@p0='?' (Size = 36), @p1='?' (Size = 8), @p2='?' (Size = 6), @p3='?' (Size = 13), @p4='?' (DbType = DateTimeOffset), @p5='?' (DbType = Double), @p6='?' (DbType = Double), @p7='?' (Size = 24), @p8='?' (Size = 14), @p9='?' (Size = 10), @p10='?' (Size = 7), @p11='?', @p12='?' (Size = 19)], CommandType='"Text"', CommandTimeout='30']
INSERT INTO "Breweries" ("Id", "BreweryType", "City", "Country", "LastRefreshedUtc", "Latitude", "Longitude", "Name", "Phone", "PostalCode", "State", "Street", "WebsiteUrl")
VALUES (@p0, @p1, @p2, @p3, @p4, @p5, @p6, @p7, @p8, @p9, @p10, @p11, @p12);
2026-09-05 14:34:21.777 +05:30 [INF] Executed DbCommand (0ms) [Parameters=[@p0='?' (Size = 36), @p1='?' (Size = 7), @p2='?' (Size = 8), @p3='?' (Size = 13), @p4='?' (DbType = DateTimeOffset), @p5='?' (DbType = Double), @p6='?' (DbType = Double), @p7='?' (Size = 17), @p8='?' (Size = 14), @p9='?' (Size = 10), @p10='?' (Size = 8), @p11='?' (Size = 21), @p12='?' (Size = 31)], CommandType='"Text"', CommandTimeout='30']
INSERT INTO "Breweries" ("Id", "BreweryType", "City", "Country", "LastRefreshedUtc", "Latitude", "Longitude", "Name", "Phone", "PostalCode", "State", "Street", "WebsiteUrl")
VALUES (@p0, @p1, @p2, @p3, @p4, @p5, @p6, @p7, @p8, @p9, @p10, @p11, @p12);
2026-09-05 14:34:21.777 +05:30 [INF] Executed DbCommand (0ms) [Parameters=[@p0='?' (Size = 36), @p1='?' (Size = 7), @p2='?' (Size = 9), @p3='?' (Size = 7), @p4='?' (DbType = DateTimeOffset), @p5='?' (DbType = Double), @p6='?' (DbType = Double), @p7='?' (Size = 20), @p8='?', @p9='?' (Size = 5), @p10='?' (Size = 19), @p11='?' (Size = 11), @p12='?' (Size = 34)], CommandType='"Text"', CommandTimeout='30']
INSERT INTO "Breweries" ("Id", "BreweryType", "City", "Country", "LastRefreshedUtc", "Latitude", "Longitude", "Name", "Phone", "PostalCode", "State", "Street", "WebsiteUrl")
VALUES (@p0, @p1, @p2, @p3, @p4, @p5, @p6, @p7, @p8, @p9, @p10, @p11, @p12);
2026-09-05 14:34:21.778 +05:30 [INF] Executed DbCommand (0ms) [Parameters=[@p0='?' (Size = 36), @p1='?' (Size = 7), @p2='?' (Size = 6), @p3='?' (Size = 13), @p4='?' (DbType = DateTimeOffset), @p5='?' (DbType = Double), @p6='?' (DbType = Double), @p7='?' (Size = 27), @p8='?' (Size = 14), @p9='?' (Size = 10), @p10='?' (Size = 12), @p11='?' (Size = 11), @p12='?' (Size = 44)], CommandType='"Text"', CommandTimeout='30']
INSERT INTO "Breweries" ("Id", "BreweryType", "City", "Country", "LastRefreshedUtc", "Latitude", "Longitude", "Name", "Phone", "PostalCode", "State", "Street", "WebsiteUrl")
VALUES (@p0, @p1, @p2, @p3, @p4, @p5, @p6, @p7, @p8, @p9, @p10, @p11, @p12);
2026-09-05 14:34:21.778 +05:30 [INF] Executed DbCommand (0ms) [Parameters=[@p0='?' (Size = 36), @p1='?' (Size = 7), @p2='?' (Size = 11), @p3='?' (Size = 13), @p4='?' (DbType = DateTimeOffset), @p5='?' (DbType = Double), @p6='?' (DbType = Double), @p7='?' (Size = 26), @p8='?' (Size = 14), @p9='?' (Size = 5), @p10='?' (Size = 8), @p11='?' (Size = 12), @p12='?' (Size = 32)], CommandType='"Text"', CommandTimeout='30']
INSERT INTO "Breweries" ("Id", "BreweryType", "City", "Country", "LastRefreshedUtc", "Latitude", "Longitude", "Name", "Phone", "PostalCode", "State", "Street", "WebsiteUrl")
VALUES (@p0, @p1, @p2, @p3, @p4, @p5, @p6, @p7, @p8, @p9, @p10, @p11, @p12);
2026-09-05 14:34:21.779 +05:30 [INF] Executed DbCommand (0ms) [Parameters=[@p0='?' (Size = 36), @p1='?' (Size = 7), @p2='?' (Size = 9), @p3='?' (Size = 13), @p4='?' (DbType = DateTimeOffset), @p5='?' (DbType = Double), @p6='?' (DbType = Double), @p7='?' (Size = 16), @p8='?' (Size = 14), @p9='?' (Size = 10), @p10='?' (Size = 8), @p11='?' (Size = 19), @p12='?' (Size = 27)], CommandType='"Text"', CommandTimeout='30']
INSERT INTO "Breweries" ("Id", "BreweryType", "City", "Country", "LastRefreshedUtc", "Latitude", "Longitude", "Name", "Phone", "PostalCode", "State", "Street", "WebsiteUrl")
VALUES (@p0, @p1, @p2, @p3, @p4, @p5, @p6, @p7, @p8, @p9, @p10, @p11, @p12);
2026-09-05 14:34:21.779 +05:30 [INF] Executed DbCommand (0ms) [Parameters=[@p0='?' (Size = 36), @p1='?' (Size = 6), @p2='?' (Size = 7), @p3='?' (Size = 13), @p4='?' (DbType = DateTimeOffset), @p5='?' (DbType = Double), @p6='?' (DbType = Double), @p7='?' (Size = 23), @p8='?' (Size = 14), @p9='?' (Size = 5), @p10='?' (Size = 10), @p11='?' (Size = 15), @p12='?' (Size = 32)], CommandType='"Text"', CommandTimeout='30']
INSERT INTO "Breweries" ("Id", "BreweryType", "City", "Country", "LastRefreshedUtc", "Latitude", "Longitude", "Name", "Phone", "PostalCode", "State", "Street", "WebsiteUrl")
VALUES (@p0, @p1, @p2, @p3, @p4, @p5, @p6, @p7, @p8, @p9, @p10, @p11, @p12);
2026-09-05 14:34:21.779 +05:30 [INF] Executed DbCommand (0ms) [Parameters=[@p0='?' (Size = 36), @p1='?' (Size = 5), @p2='?' (Size = 13), @p3='?' (Size = 13), @p4='?' (DbType = DateTimeOffset), @p5='?' (DbType = Double), @p6='?' (DbType = Double), @p7='?' (Size = 17), @p8='?' (Size = 14), @p9='?' (Size = 10), @p10='?' (Size = 10), @p11='?' (Size = 16), @p12='?' (Size = 28)], CommandType='"Text"', CommandTimeout='30']
INSERT INTO "Breweries" ("Id", "BreweryType", "City", "Country", "LastRefreshedUtc", "Latitude", "Longitude", "Name", "Phone", "PostalCode", "State", "Street", "WebsiteUrl")
VALUES (@p0, @p1, @p2, @p3, @p4, @p5, @p6, @p7, @p8, @p9, @p10, @p11, @p12);
2026-09-05 14:34:21.780 +05:30 [INF] Executed DbCommand (0ms) [Parameters=[@p0='?' (Size = 36), @p1='?' (Size = 7), @p2='?' (Size = 10), @p3='?' (Size = 13), @p4='?' (DbType = DateTimeOffset), @p5='?' (DbType = Double), @p6='?' (DbType = Double), @p7='?' (Size = 19), @p8='?' (Size = 14), @p9='?' (Size = 5), @p10='?' (Size = 8), @p11='?' (Size = 16), @p12='?' (Size = 33)], CommandType='"Text"', CommandTimeout='30']
INSERT INTO "Breweries" ("Id", "BreweryType", "City", "Country", "LastRefreshedUtc", "Latitude", "Longitude", "Name", "Phone", "PostalCode", "State", "Street", "WebsiteUrl")
VALUES (@p0, @p1, @p2, @p3, @p4, @p5, @p6, @p7, @p8, @p9, @p10, @p11, @p12);
2026-09-05 14:34:21.780 +05:30 [INF] Executed DbCommand (0ms) [Parameters=[@p0='?' (Size = 36), @p1='?' (Size = 5), @p2='?' (Size = 8), @p3='?' (Size = 13), @p4='?' (DbType = DateTimeOffset), @p5='?' (DbType = Double), @p6='?' (DbType = Double), @p7='?' (Size = 15), @p8='?' (Size = 14), @p9='?' (Size = 10), @p10='?' (Size = 5), @p11='?' (Size = 12), @p12='?' (Size = 28)], CommandType='"Text"', CommandTimeout='30']
INSERT INTO "Breweries" ("Id", "BreweryType", "City", "Country", "LastRefreshedUtc", "Latitude", "Longitude", "Name", "Phone", "PostalCode", "State", "Street", "WebsiteUrl")
VALUES (@p0, @p1, @p2, @p3, @p4, @p5, @p6, @p7, @p8, @p9, @p10, @p11, @p12);
2026-09-05 14:34:21.781 +05:30 [INF] Executed DbCommand (0ms) [Parameters=[@p0='?' (Size = 36), @p1='?' (Size = 7), @p2='?' (Size = 6), @p3='?' (Size = 13), @p4='?' (DbType = DateTimeOffset), @p5='?' (DbType = Double), @p6='?' (DbType = Double), @p7='?' (Size = 29), @p8='?' (Size = 14), @p9='?' (Size = 10), @p10='?' (Size = 8), @p11='?' (Size = 15), @p12='?' (Size = 31)], CommandType='"Text"', CommandTimeout='30']
INSERT INTO "Breweries" ("Id", "BreweryType", "City", "Country", "LastRefreshedUtc", "Latitude", "Longitude", "Name", "Phone", "PostalCode", "State", "Street", "WebsiteUrl")
VALUES (@p0, @p1, @p2, @p3, @p4, @p5, @p6, @p7, @p8, @p9, @p10, @p11, @p12);
2026-09-05 14:34:21.781 +05:30 [INF] Executed DbCommand (0ms) [Parameters=[@p0='?' (Size = 36), @p1='?' (Size = 7), @p2='?' (Size = 14), @p3='?' (Size = 7), @p4='?' (DbType = DateTimeOffset), @p5='?' (DbType = Double), @p6='?' (DbType = Double), @p7='?' (Size = 17), @p8='?' (Size = 12), @p9='?' (Size = 5), @p10='?' (Size = 17), @p11='?' (Size = 13), @p12='?' (Size = 31)], CommandType='"Text"', CommandTimeout='30']
INSERT INTO "Breweries" ("Id", "BreweryType", "City", "Country", "LastRefreshedUtc", "Latitude", "Longitude", "Name", "Phone", "PostalCode", "State", "Street", "WebsiteUrl")
VALUES (@p0, @p1, @p2, @p3, @p4, @p5, @p6, @p7, @p8, @p9, @p10, @p11, @p12);
2026-09-05 14:34:21.781 +05:30 [INF] Executed DbCommand (0ms) [Parameters=[@p0='?' (Size = 36), @p1='?' (Size = 5), @p2='?' (Size = 5), @p3='?' (Size = 13), @p4='?' (DbType = DateTimeOffset), @p5='?' (DbType = Double), @p6='?' (DbType = Double), @p7='?' (Size = 21), @p8='?' (Size = 9), @p9='?' (Size = 5), @p10='?' (Size = 7), @p11='?' (Size = 24), @p12='?'], CommandType='"Text"', CommandTimeout='30']
INSERT INTO "Breweries" ("Id", "BreweryType", "City", "Country", "LastRefreshedUtc", "Latitude", "Longitude", "Name", "Phone", "PostalCode", "State", "Street", "WebsiteUrl")
VALUES (@p0, @p1, @p2, @p3, @p4, @p5, @p6, @p7, @p8, @p9, @p10, @p11, @p12);
2026-09-05 14:34:21.782 +05:30 [INF] Executed DbCommand (0ms) [Parameters=[@p0='?' (Size = 36), @p1='?' (Size = 5), @p2='?' (Size = 16), @p3='?' (Size = 13), @p4='?' (DbType = DateTimeOffset), @p5='?' (DbType = Double), @p6='?' (DbType = Double), @p7='?' (Size = 21), @p8='?' (Size = 14), @p9='?' (Size = 5), @p10='?' (Size = 8), @p11='?' (Size = 24), @p12='?' (Size = 29)], CommandType='"Text"', CommandTimeout='30']
INSERT INTO "Breweries" ("Id", "BreweryType", "City", "Country", "LastRefreshedUtc", "Latitude", "Longitude", "Name", "Phone", "PostalCode", "State", "Street", "WebsiteUrl")
VALUES (@p0, @p1, @p2, @p3, @p4, @p5, @p6, @p7, @p8, @p9, @p10, @p11, @p12);
2026-09-05 14:34:21.782 +05:30 [INF] Executed DbCommand (0ms) [Parameters=[@p0='?' (Size = 36), @p1='?' (Size = 7), @p2='?' (Size = 13), @p3='?' (Size = 13), @p4='?' (DbType = DateTimeOffset), @p5='?' (DbType = Double), @p6='?' (DbType = Double), @p7='?' (Size = 21), @p8='?' (Size = 14), @p9='?' (Size = 10), @p10='?' (Size = 10), @p11='?' (Size = 14), @p12='?' (Size = 27)], CommandType='"Text"', CommandTimeout='30']
INSERT INTO "Breweries" ("Id", "BreweryType", "City", "Country", "LastRefreshedUtc", "Latitude", "Longitude", "Name", "Phone", "PostalCode", "State", "Street", "WebsiteUrl")
VALUES (@p0, @p1, @p2, @p3, @p4, @p5, @p6, @p7, @p8, @p9, @p10, @p11, @p12);
2026-09-05 14:34:21.783 +05:30 [INF] Executed DbCommand (0ms) [Parameters=[@p0='?' (Size = 36), @p1='?' (Size = 6), @p2='?' (Size = 7), @p3='?' (Size = 7), @p4='?' (DbType = DateTimeOffset), @p5='?' (DbType = Double), @p6='?' (DbType = Double), @p7='?' (Size = 18), @p8='?' (Size = 15), @p9='?' (Size = 5), @p10='?' (Size = 7), @p11='?' (Size = 20), @p12='?' (Size = 32)], CommandType='"Text"', CommandTimeout='30']
INSERT INTO "Breweries" ("Id", "BreweryType", "City", "Country", "LastRefreshedUtc", "Latitude", "Longitude", "Name", "Phone", "PostalCode", "State", "Street", "WebsiteUrl")
VALUES (@p0, @p1, @p2, @p3, @p4, @p5, @p6, @p7, @p8, @p9, @p10, @p11, @p12);
2026-09-05 14:34:21.783 +05:30 [INF] Executed DbCommand (0ms) [Parameters=[@p0='?' (Size = 36), @p1='?' (Size = 7), @p2='?' (Size = 9), @p3='?' (Size = 13), @p4='?' (DbType = DateTimeOffset), @p5='?' (DbType = Double), @p6='?' (DbType = Double), @p7='?' (Size = 13), @p8='?' (Size = 14), @p9='?' (Size = 10), @p10='?' (Size = 5), @p11='?' (Size = 18), @p12='?' (Size = 29)], CommandType='"Text"', CommandTimeout='30']
INSERT INTO "Breweries" ("Id", "BreweryType", "City", "Country", "LastRefreshedUtc", "Latitude", "Longitude", "Name", "Phone", "PostalCode", "State", "Street", "WebsiteUrl")
VALUES (@p0, @p1, @p2, @p3, @p4, @p5, @p6, @p7, @p8, @p9, @p10, @p11, @p12);
2026-09-05 14:34:21.783 +05:30 [INF] Executed DbCommand (0ms) [Parameters=[@p0='?' (Size = 36), @p1='?' (Size = 5), @p2='?' (Size = 7), @p3='?' (Size = 13), @p4='?' (DbType = DateTimeOffset), @p5='?' (DbType = Double), @p6='?' (DbType = Double), @p7='?' (Size = 17), @p8='?' (Size = 14), @p9='?' (Size = 10), @p10='?' (Size = 12), @p11='?' (Size = 13), @p12='?' (Size = 28)], CommandType='"Text"', CommandTimeout='30']
INSERT INTO "Breweries" ("Id", "BreweryType", "City", "Country", "LastRefreshedUtc", "Latitude", "Longitude", "Name", "Phone", "PostalCode", "State", "Street", "WebsiteUrl")
VALUES (@p0, @p1, @p2, @p3, @p4, @p5, @p6, @p7, @p8, @p9, @p10, @p11, @p12);
2026-09-05 14:34:21.784 +05:30 [INF] Executed DbCommand (0ms) [Parameters=[@p0='?' (Size = 36), @p1='?' (Size = 7), @p2='?' (Size = 12), @p3='?' (Size = 13), @p4='?' (DbType = DateTimeOffset), @p5='?' (DbType = Double), @p6='?' (DbType = Double), @p7='?' (Size = 36), @p8='?' (Size = 14), @p9='?' (Size = 10), @p10='?' (Size = 8), @p11='?' (Size = 17), @p12='?' (Size = 31)], CommandType='"Text"', CommandTimeout='30']
INSERT INTO "Breweries" ("Id", "BreweryType", "City", "Country", "LastRefreshedUtc", "Latitude", "Longitude", "Name", "Phone", "PostalCode", "State", "Street", "WebsiteUrl")
VALUES (@p0, @p1, @p2, @p3, @p4, @p5, @p6, @p7, @p8, @p9, @p10, @p11, @p12);
2026-09-05 14:34:21.784 +05:30 [INF] Executed DbCommand (0ms) [Parameters=[@p0='?' (Size = 36), @p1='?' (Size = 5), @p2='?' (Size = 12), @p3='?' (Size = 13), @p4='?' (DbType = DateTimeOffset), @p5='?' (DbType = Double), @p6='?' (DbType = Double), @p7='?' (Size = 18), @p8='?', @p9='?' (Size = 5), @p10='?' (Size = 8), @p11='?' (Size = 16), @p12='?'], CommandType='"Text"', CommandTimeout='30']
INSERT INTO "Breweries" ("Id", "BreweryType", "City", "Country", "LastRefreshedUtc", "Latitude", "Longitude", "Name", "Phone", "PostalCode", "State", "Street", "WebsiteUrl")
VALUES (@p0, @p1, @p2, @p3, @p4, @p5, @p6, @p7, @p8, @p9, @p10, @p11, @p12);
2026-09-05 14:34:21.785 +05:30 [INF] Executed DbCommand (0ms) [Parameters=[@p0='?' (Size = 36), @p1='?' (Size = 5), @p2='?' (Size = 12), @p3='?' (Size = 13), @p4='?' (DbType = DateTimeOffset), @p5='?' (DbType = Double), @p6='?' (DbType = Double), @p7='?' (Size = 33), @p8='?' (Size = 14), @p9='?' (Size = 10), @p10='?' (Size = 8), @p11='?' (Size = 19), @p12='?' (Size = 29)], CommandType='"Text"', CommandTimeout='30']
INSERT INTO "Breweries" ("Id", "BreweryType", "City", "Country", "LastRefreshedUtc", "Latitude", "Longitude", "Name", "Phone", "PostalCode", "State", "Street", "WebsiteUrl")
VALUES (@p0, @p1, @p2, @p3, @p4, @p5, @p6, @p7, @p8, @p9, @p10, @p11, @p12);
2026-09-05 14:34:21.785 +05:30 [INF] Executed DbCommand (0ms) [Parameters=[@p0='?' (Size = 36), @p1='?' (Size = 7), @p2='?' (Size = 4), @p3='?' (Size = 7), @p4='?' (DbType = DateTimeOffset), @p5='?' (DbType = Double), @p6='?' (DbType = Double), @p7='?' (Size = 8), @p8='?' (Size = 15), @p9='?' (Size = 5), @p10='?' (Size = 6), @p11='?' (Size = 13), @p12='?' (Size = 23)], CommandType='"Text"', CommandTimeout='30']
INSERT INTO "Breweries" ("Id", "BreweryType", "City", "Country", "LastRefreshedUtc", "Latitude", "Longitude", "Name", "Phone", "PostalCode", "State", "Street", "WebsiteUrl")
VALUES (@p0, @p1, @p2, @p3, @p4, @p5, @p6, @p7, @p8, @p9, @p10, @p11, @p12);
2026-09-05 14:34:21.786 +05:30 [INF] Executed DbCommand (0ms) [Parameters=[@p0='?' (Size = 36), @p1='?' (Size = 5), @p2='?' (Size = 10), @p3='?' (Size = 13), @p4='?' (DbType = DateTimeOffset), @p5='?' (DbType = Double), @p6='?' (DbType = Double), @p7='?' (Size = 18), @p8='?' (Size = 14), @p9='?' (Size = 10), @p10='?' (Size = 8), @p11='?' (Size = 16), @p12='?' (Size = 28)], CommandType='"Text"', CommandTimeout='30']
INSERT INTO "Breweries" ("Id", "BreweryType", "City", "Country", "LastRefreshedUtc", "Latitude", "Longitude", "Name", "Phone", "PostalCode", "State", "Street", "WebsiteUrl")
VALUES (@p0, @p1, @p2, @p3, @p4, @p5, @p6, @p7, @p8, @p9, @p10, @p11, @p12);
2026-09-05 14:34:21.786 +05:30 [INF] Executed DbCommand (0ms) [Parameters=[@p0='?' (Size = 36), @p1='?' (Size = 5), @p2='?' (Size = 6), @p3='?' (Size = 13), @p4='?' (DbType = DateTimeOffset), @p5='?' (DbType = Double), @p6='?' (DbType = Double), @p7='?' (Size = 27), @p8='?' (Size = 14), @p9='?' (Size = 10), @p10='?' (Size = 10), @p11='?' (Size = 17), @p12='?' (Size = 32)], CommandType='"Text"', CommandTimeout='30']
INSERT INTO "Breweries" ("Id", "BreweryType", "City", "Country", "LastRefreshedUtc", "Latitude", "Longitude", "Name", "Phone", "PostalCode", "State", "Street", "WebsiteUrl")
VALUES (@p0, @p1, @p2, @p3, @p4, @p5, @p6, @p7, @p8, @p9, @p10, @p11, @p12);
2026-09-05 14:34:21.787 +05:30 [INF] Executed DbCommand (0ms) [Parameters=[@p0='?' (Size = 36), @p1='?' (Size = 7), @p2='?' (Size = 6), @p3='?' (Size = 8), @p4='?' (DbType = DateTimeOffset), @p5='?' (DbType = Double), @p6='?' (DbType = Double), @p7='?' (Size = 8), @p8='?', @p9='?' (Size = 8), @p10='?' (Size = 6), @p11='?' (Size = 20), @p12='?'], CommandType='"Text"', CommandTimeout='30']
INSERT INTO "Breweries" ("Id", "BreweryType", "City", "Country", "LastRefreshedUtc", "Latitude", "Longitude", "Name", "Phone", "PostalCode", "State", "Street", "WebsiteUrl")
VALUES (@p0, @p1, @p2, @p3, @p4, @p5, @p6, @p7, @p8, @p9, @p10, @p11, @p12);
2026-09-05 14:34:21.788 +05:30 [INF] Executed DbCommand (0ms) [Parameters=[@p0='?' (Size = 36), @p1='?' (Size = 7), @p2='?' (Size = 12), @p3='?' (Size = 13), @p4='?' (DbType = DateTimeOffset), @p5='?' (DbType = Double), @p6='?' (DbType = Double), @p7='?' (Size = 22), @p8='?' (Size = 14), @p9='?' (Size = 10), @p10='?' (Size = 13), @p11='?' (Size = 19), @p12='?' (Size = 35)], CommandType='"Text"', CommandTimeout='30']
INSERT INTO "Breweries" ("Id", "BreweryType", "City", "Country", "LastRefreshedUtc", "Latitude", "Longitude", "Name", "Phone", "PostalCode", "State", "Street", "WebsiteUrl")
VALUES (@p0, @p1, @p2, @p3, @p4, @p5, @p6, @p7, @p8, @p9, @p10, @p11, @p12);
2026-09-05 14:34:21.788 +05:30 [INF] Executed DbCommand (0ms) [Parameters=[@p0='?' (Size = 36), @p1='?' (Size = 5), @p2='?' (Size = 9), @p3='?' (Size = 13), @p4='?' (DbType = DateTimeOffset), @p5='?' (DbType = Double), @p6='?' (DbType = Double), @p7='?' (Size = 18), @p8='?' (Size = 14), @p9='?' (Size = 5), @p10='?' (Size = 8), @p11='?', @p12='?'], CommandType='"Text"', CommandTimeout='30']
INSERT INTO "Breweries" ("Id", "BreweryType", "City", "Country", "LastRefreshedUtc", "Latitude", "Longitude", "Name", "Phone", "PostalCode", "State", "Street", "WebsiteUrl")
VALUES (@p0, @p1, @p2, @p3, @p4, @p5, @p6, @p7, @p8, @p9, @p10, @p11, @p12);
2026-09-05 14:34:21.789 +05:30 [INF] Executed DbCommand (0ms) [Parameters=[@p0='?' (Size = 36), @p1='?' (Size = 5), @p2='?' (Size = 8), @p3='?' (Size = 13), @p4='?' (DbType = DateTimeOffset), @p5='?' (DbType = Double), @p6='?' (DbType = Double), @p7='?' (Size = 17), @p8='?' (Size = 14), @p9='?' (Size = 10), @p10='?' (Size = 7), @p11='?' (Size = 22), @p12='?' (Size = 25)], CommandType='"Text"', CommandTimeout='30']
INSERT INTO "Breweries" ("Id", "BreweryType", "City", "Country", "LastRefreshedUtc", "Latitude", "Longitude", "Name", "Phone", "PostalCode", "State", "Street", "WebsiteUrl")
VALUES (@p0, @p1, @p2, @p3, @p4, @p5, @p6, @p7, @p8, @p9, @p10, @p11, @p12);
2026-09-05 14:34:21.789 +05:30 [INF] Executed DbCommand (0ms) [Parameters=[@p0='?' (Size = 36), @p1='?' (Size = 5), @p2='?' (Size = 8), @p3='?' (Size = 13), @p4='?' (DbType = DateTimeOffset), @p5='?' (DbType = Double), @p6='?' (DbType = Double), @p7='?' (Size = 14), @p8='?' (Size = 14), @p9='?' (Size = 10), @p10='?' (Size = 13), @p11='?' (Size = 14), @p12='?' (Size = 27)], CommandType='"Text"', CommandTimeout='30']
INSERT INTO "Breweries" ("Id", "BreweryType", "City", "Country", "LastRefreshedUtc", "Latitude", "Longitude", "Name", "Phone", "PostalCode", "State", "Street", "WebsiteUrl")
VALUES (@p0, @p1, @p2, @p3, @p4, @p5, @p6, @p7, @p8, @p9, @p10, @p11, @p12);
2026-09-05 14:34:21.790 +05:30 [INF] Executed DbCommand (0ms) [Parameters=[@p0='?' (Size = 36), @p1='?' (Size = 8), @p2='?' (Size = 7), @p3='?' (Size = 5), @p4='?' (DbType = DateTimeOffset), @p5='?' (DbType = Double), @p6='?' (DbType = Double), @p7='?' (Size = 6), @p8='?' (Size = 16), @p9='?' (Size = 5), @p10='?' (Size = 7), @p11='?' (Size = 20), @p12='?' (Size = 31)], CommandType='"Text"', CommandTimeout='30']
INSERT INTO "Breweries" ("Id", "BreweryType", "City", "Country", "LastRefreshedUtc", "Latitude", "Longitude", "Name", "Phone", "PostalCode", "State", "Street", "WebsiteUrl")
VALUES (@p0, @p1, @p2, @p3, @p4, @p5, @p6, @p7, @p8, @p9, @p10, @p11, @p12);
2026-09-05 14:34:21.790 +05:30 [INF] Executed DbCommand (0ms) [Parameters=[@p0='?' (Size = 36), @p1='?' (Size = 5), @p2='?' (Size = 10), @p3='?' (Size = 13), @p4='?' (DbType = DateTimeOffset), @p5='?' (DbType = Double), @p6='?' (DbType = Double), @p7='?' (Size = 17), @p8='?' (Size = 14), @p9='?' (Size = 5), @p10='?' (Size = 8), @p11='?' (Size = 13), @p12='?' (Size = 28)], CommandType='"Text"', CommandTimeout='30']
INSERT INTO "Breweries" ("Id", "BreweryType", "City", "Country", "LastRefreshedUtc", "Latitude", "Longitude", "Name", "Phone", "PostalCode", "State", "Street", "WebsiteUrl")
VALUES (@p0, @p1, @p2, @p3, @p4, @p5, @p6, @p7, @p8, @p9, @p10, @p11, @p12);
2026-09-05 14:34:21.791 +05:30 [INF] Executed DbCommand (0ms) [Parameters=[@p0='?' (Size = 36), @p1='?' (Size = 6), @p2='?' (Size = 7), @p3='?' (Size = 13), @p4='?' (DbType = DateTimeOffset), @p5='?' (DbType = Double), @p6='?' (DbType = Double), @p7='?' (Size = 16), @p8='?' (Size = 14), @p9='?' (Size = 10), @p10='?' (Size = 10), @p11='?' (Size = 17), @p12='?' (Size = 36)], CommandType='"Text"', CommandTimeout='30']
INSERT INTO "Breweries" ("Id", "BreweryType", "City", "Country", "LastRefreshedUtc", "Latitude", "Longitude", "Name", "Phone", "PostalCode", "State", "Street", "WebsiteUrl")
VALUES (@p0, @p1, @p2, @p3, @p4, @p5, @p6, @p7, @p8, @p9, @p10, @p11, @p12);
2026-09-05 14:34:21.791 +05:30 [INF] Executed DbCommand (0ms) [Parameters=[@p0='?' (Size = 36), @p1='?' (Size = 6), @p2='?' (Size = 7), @p3='?' (Size = 13), @p4='?' (DbType = DateTimeOffset), @p5='?' (DbType = Double), @p6='?' (DbType = Double), @p7='?' (Size = 24), @p8='?' (Size = 14), @p9='?' (Size = 10), @p10='?' (Size = 10), @p11='?' (Size = 23), @p12='?' (Size = 30)], CommandType='"Text"', CommandTimeout='30']
INSERT INTO "Breweries" ("Id", "BreweryType", "City", "Country", "LastRefreshedUtc", "Latitude", "Longitude", "Name", "Phone", "PostalCode", "State", "Street", "WebsiteUrl")
VALUES (@p0, @p1, @p2, @p3, @p4, @p5, @p6, @p7, @p8, @p9, @p10, @p11, @p12);
2026-09-05 14:34:21.792 +05:30 [INF] Executed DbCommand (0ms) [Parameters=[@p0='?' (Size = 36), @p1='?' (Size = 5), @p2='?' (Size = 9), @p3='?' (Size = 11), @p4='?' (DbType = DateTimeOffset), @p5='?' (DbType = Double), @p6='?' (DbType = Double), @p7='?' (Size = 7), @p8='?' (Size = 14), @p9='?' (Size = 4), @p10='?' (Size = 8), @p11='?' (Size = 17), @p12='?' (Size = 20)], CommandType='"Text"', CommandTimeout='30']
INSERT INTO "Breweries" ("Id", "BreweryType", "City", "Country", "LastRefreshedUtc", "Latitude", "Longitude", "Name", "Phone", "PostalCode", "State", "Street", "WebsiteUrl")
VALUES (@p0, @p1, @p2, @p3, @p4, @p5, @p6, @p7, @p8, @p9, @p10, @p11, @p12);
2026-09-05 14:34:21.792 +05:30 [INF] Executed DbCommand (0ms) [Parameters=[@p0='?' (Size = 36), @p1='?' (Size = 8), @p2='?' (Size = 12), @p3='?' (Size = 13), @p4='?' (DbType = DateTimeOffset), @p5='?' (DbType = Double), @p6='?' (DbType = Double), @p7='?' (Size = 20), @p8='?' (Size = 14), @p9='?' (Size = 10), @p10='?' (Size = 7), @p11='?', @p12='?' (Size = 25)], CommandType='"Text"', CommandTimeout='30']
INSERT INTO "Breweries" ("Id", "BreweryType", "City", "Country", "LastRefreshedUtc", "Latitude", "Longitude", "Name", "Phone", "PostalCode", "State", "Street", "WebsiteUrl")
VALUES (@p0, @p1, @p2, @p3, @p4, @p5, @p6, @p7, @p8, @p9, @p10, @p11, @p12);
2026-09-05 14:34:21.792 +05:30 [INF] Executed DbCommand (0ms) [Parameters=[@p0='?' (Size = 36), @p1='?' (Size = 6), @p2='?' (Size = 6), @p3='?' (Size = 7), @p4='?' (DbType = DateTimeOffset), @p5='?' (DbType = Double), @p6='?' (DbType = Double), @p7='?' (Size = 19), @p8='?', @p9='?' (Size = 4), @p10='?' (Size = 10), @p11='?' (Size = 11), @p12='?' (Size = 109)], CommandType='"Text"', CommandTimeout='30']
INSERT INTO "Breweries" ("Id", "BreweryType", "City", "Country", "LastRefreshedUtc", "Latitude", "Longitude", "Name", "Phone", "PostalCode", "State", "Street", "WebsiteUrl")
VALUES (@p0, @p1, @p2, @p3, @p4, @p5, @p6, @p7, @p8, @p9, @p10, @p11, @p12);
2026-09-05 14:34:21.793 +05:30 [INF] Executed DbCommand (0ms) [Parameters=[@p0='?' (Size = 36), @p1='?' (Size = 5), @p2='?' (Size = 7), @p3='?' (Size = 13), @p4='?' (DbType = DateTimeOffset), @p5='?' (DbType = Double), @p6='?' (DbType = Double), @p7='?' (Size = 11), @p8='?' (Size = 14), @p9='?' (Size = 10), @p10='?' (Size = 5), @p11='?' (Size = 13), @p12='?' (Size = 25)], CommandType='"Text"', CommandTimeout='30']
INSERT INTO "Breweries" ("Id", "BreweryType", "City", "Country", "LastRefreshedUtc", "Latitude", "Longitude", "Name", "Phone", "PostalCode", "State", "Street", "WebsiteUrl")
VALUES (@p0, @p1, @p2, @p3, @p4, @p5, @p6, @p7, @p8, @p9, @p10, @p11, @p12);
2026-09-05 14:34:21.793 +05:30 [INF] Executed DbCommand (0ms) [Parameters=[@p0='?' (Size = 36), @p1='?' (Size = 5), @p2='?' (Size = 9), @p3='?' (Size = 13), @p4='?' (DbType = DateTimeOffset), @p5='?' (DbType = Double), @p6='?' (DbType = Double), @p7='?' (Size = 20), @p8='?' (Size = 14), @p9='?' (Size = 10), @p10='?' (Size = 8), @p11='?' (Size = 14), @p12='?' (Size = 29)], CommandType='"Text"', CommandTimeout='30']
INSERT INTO "Breweries" ("Id", "BreweryType", "City", "Country", "LastRefreshedUtc", "Latitude", "Longitude", "Name", "Phone", "PostalCode", "State", "Street", "WebsiteUrl")
VALUES (@p0, @p1, @p2, @p3, @p4, @p5, @p6, @p7, @p8, @p9, @p10, @p11, @p12);
2026-09-05 14:34:21.794 +05:30 [INF] Executed DbCommand (0ms) [Parameters=[@p0='?' (Size = 36), @p1='?' (Size = 7), @p2='?' (Size = 6), @p3='?' (Size = 13), @p4='?' (DbType = DateTimeOffset), @p5='?' (DbType = Double), @p6='?' (DbType = Double), @p7='?' (Size = 26), @p8='?' (Size = 14), @p9='?' (Size = 10), @p10='?' (Size = 8), @p11='?' (Size = 14), @p12='?' (Size = 27)], CommandType='"Text"', CommandTimeout='30']
INSERT INTO "Breweries" ("Id", "BreweryType", "City", "Country", "LastRefreshedUtc", "Latitude", "Longitude", "Name", "Phone", "PostalCode", "State", "Street", "WebsiteUrl")
VALUES (@p0, @p1, @p2, @p3, @p4, @p5, @p6, @p7, @p8, @p9, @p10, @p11, @p12);
2026-09-05 14:34:21.794 +05:30 [INF] Executed DbCommand (0ms) [Parameters=[@p0='?' (Size = 36), @p1='?' (Size = 7), @p2='?' (Size = 7), @p3='?' (Size = 13), @p4='?' (DbType = DateTimeOffset), @p5='?' (DbType = Double), @p6='?' (DbType = Double), @p7='?' (Size = 15), @p8='?' (Size = 14), @p9='?' (Size = 10), @p10='?' (Size = 8), @p11='?' (Size = 21), @p12='?' (Size = 24)], CommandType='"Text"', CommandTimeout='30']
INSERT INTO "Breweries" ("Id", "BreweryType", "City", "Country", "LastRefreshedUtc", "Latitude", "Longitude", "Name", "Phone", "PostalCode", "State", "Street", "WebsiteUrl")
VALUES (@p0, @p1, @p2, @p3, @p4, @p5, @p6, @p7, @p8, @p9, @p10, @p11, @p12);
2026-09-05 14:34:21.794 +05:30 [INF] Executed DbCommand (0ms) [Parameters=[@p0='?' (Size = 36), @p1='?' (Size = 5), @p2='?' (Size = 5), @p3='?' (Size = 13), @p4='?' (DbType = DateTimeOffset), @p5='?' (DbType = Double), @p6='?' (DbType = Double), @p7='?' (Size = 25), @p8='?', @p9='?' (Size = 5), @p10='?' (Size = 10), @p11='?' (Size = 22), @p12='?' (Size = 32)], CommandType='"Text"', CommandTimeout='30']
INSERT INTO "Breweries" ("Id", "BreweryType", "City", "Country", "LastRefreshedUtc", "Latitude", "Longitude", "Name", "Phone", "PostalCode", "State", "Street", "WebsiteUrl")
VALUES (@p0, @p1, @p2, @p3, @p4, @p5, @p6, @p7, @p8, @p9, @p10, @p11, @p12);
2026-09-05 14:34:21.795 +05:30 [INF] Executed DbCommand (0ms) [Parameters=[@p0='?' (Size = 36), @p1='?' (Size = 5), @p2='?' (Size = 14), @p3='?' (Size = 13), @p4='?' (DbType = DateTimeOffset), @p5='?' (DbType = Double), @p6='?' (DbType = Double), @p7='?' (Size = 24), @p8='?' (Size = 14), @p9='?' (Size = 10), @p10='?' (Size = 8), @p11='?' (Size = 15), @p12='?' (Size = 31)], CommandType='"Text"', CommandTimeout='30']
INSERT INTO "Breweries" ("Id", "BreweryType", "City", "Country", "LastRefreshedUtc", "Latitude", "Longitude", "Name", "Phone", "PostalCode", "State", "Street", "WebsiteUrl")
VALUES (@p0, @p1, @p2, @p3, @p4, @p5, @p6, @p7, @p8, @p9, @p10, @p11, @p12);
2026-09-05 14:34:21.795 +05:30 [INF] Executed DbCommand (0ms) [Parameters=[@p0='?' (Size = 36), @p1='?' (Size = 5), @p2='?' (Size = 10), @p3='?' (Size = 13), @p4='?' (DbType = DateTimeOffset), @p5='?' (DbType = Double), @p6='?' (DbType = Double), @p7='?' (Size = 25), @p8='?' (Size = 14), @p9='?' (Size = 10), @p10='?' (Size = 5), @p11='?' (Size = 14), @p12='?' (Size = 32)], CommandType='"Text"', CommandTimeout='30']
INSERT INTO "Breweries" ("Id", "BreweryType", "City", "Country", "LastRefreshedUtc", "Latitude", "Longitude", "Name", "Phone", "PostalCode", "State", "Street", "WebsiteUrl")
VALUES (@p0, @p1, @p2, @p3, @p4, @p5, @p6, @p7, @p8, @p9, @p10, @p11, @p12);
2026-09-05 14:34:21.796 +05:30 [INF] Executed DbCommand (0ms) [Parameters=[@p0='?' (Size = 36), @p1='?' (Size = 5), @p2='?' (Size = 7), @p3='?' (Size = 13), @p4='?' (DbType = DateTimeOffset), @p5='?' (DbType = Double), @p6='?' (DbType = Double), @p7='?' (Size = 24), @p8='?' (Size = 14), @p9='?' (Size = 10), @p10='?' (Size = 5), @p11='?' (Size = 30), @p12='?' (Size = 29)], CommandType='"Text"', CommandTimeout='30']
INSERT INTO "Breweries" ("Id", "BreweryType", "City", "Country", "LastRefreshedUtc", "Latitude", "Longitude", "Name", "Phone", "PostalCode", "State", "Street", "WebsiteUrl")
VALUES (@p0, @p1, @p2, @p3, @p4, @p5, @p6, @p7, @p8, @p9, @p10, @p11, @p12);
2026-09-05 14:34:21.796 +05:30 [INF] Executed DbCommand (0ms) [Parameters=[@p0='?' (Size = 36), @p1='?' (Size = 5), @p2='?' (Size = 9), @p3='?' (Size = 9), @p4='?' (DbType = DateTimeOffset), @p5='?' (DbType = Double), @p6='?' (DbType = Double), @p7='?' (Size = 14), @p8='?' (Size = 16), @p9='?' (Size = 4), @p10='?' (Size = 3), @p11='?' (Size = 15), @p12='?' (Size = 32)], CommandType='"Text"', CommandTimeout='30']
INSERT INTO "Breweries" ("Id", "BreweryType", "City", "Country", "LastRefreshedUtc", "Latitude", "Longitude", "Name", "Phone", "PostalCode", "State", "Street", "WebsiteUrl")
VALUES (@p0, @p1, @p2, @p3, @p4, @p5, @p6, @p7, @p8, @p9, @p10, @p11, @p12);
2026-09-05 14:34:21.796 +05:30 [INF] Executed DbCommand (0ms) [Parameters=[@p0='?' (Size = 36), @p1='?' (Size = 7), @p2='?' (Size = 9), @p3='?' (Size = 13), @p4='?' (DbType = DateTimeOffset), @p5='?' (DbType = Double), @p6='?' (DbType = Double), @p7='?' (Size = 19), @p8='?' (Size = 14), @p9='?' (Size = 10), @p10='?' (Size = 9), @p11='?' (Size = 13), @p12='?' (Size = 31)], CommandType='"Text"', CommandTimeout='30']
INSERT INTO "Breweries" ("Id", "BreweryType", "City", "Country", "LastRefreshedUtc", "Latitude", "Longitude", "Name", "Phone", "PostalCode", "State", "Street", "WebsiteUrl")
VALUES (@p0, @p1, @p2, @p3, @p4, @p5, @p6, @p7, @p8, @p9, @p10, @p11, @p12);
2026-09-05 14:34:21.797 +05:30 [INF] Executed DbCommand (0ms) [Parameters=[@p0='?' (Size = 36), @p1='?' (Size = 5), @p2='?' (Size = 10), @p3='?' (Size = 13), @p4='?' (DbType = DateTimeOffset), @p5='?' (DbType = Double), @p6='?' (DbType = Double), @p7='?' (Size = 16), @p8='?', @p9='?' (Size = 10), @p10='?' (Size = 8), @p11='?' (Size = 19), @p12='?' (Size = 29)], CommandType='"Text"', CommandTimeout='30']
INSERT INTO "Breweries" ("Id", "BreweryType", "City", "Country", "LastRefreshedUtc", "Latitude", "Longitude", "Name", "Phone", "PostalCode", "State", "Street", "WebsiteUrl")
VALUES (@p0, @p1, @p2, @p3, @p4, @p5, @p6, @p7, @p8, @p9, @p10, @p11, @p12);
2026-09-05 14:34:21.797 +05:30 [INF] Executed DbCommand (0ms) [Parameters=[@p0='?' (Size = 36), @p1='?' (Size = 5), @p2='?' (Size = 5), @p3='?' (Size = 13), @p4='?' (DbType = DateTimeOffset), @p5='?' (DbType = Double), @p6='?' (DbType = Double), @p7='?' (Size = 36), @p8='?' (Size = 14), @p9='?' (Size = 10), @p10='?' (Size = 5), @p11='?' (Size = 14), @p12='?' (Size = 28)], CommandType='"Text"', CommandTimeout='30']
INSERT INTO "Breweries" ("Id", "BreweryType", "City", "Country", "LastRefreshedUtc", "Latitude", "Longitude", "Name", "Phone", "PostalCode", "State", "Street", "WebsiteUrl")
VALUES (@p0, @p1, @p2, @p3, @p4, @p5, @p6, @p7, @p8, @p9, @p10, @p11, @p12);
2026-09-05 14:34:21.798 +05:30 [INF] Executed DbCommand (0ms) [Parameters=[@p0='?' (Size = 36), @p1='?' (Size = 5), @p2='?' (Size = 8), @p3='?' (Size = 13), @p4='?' (DbType = DateTimeOffset), @p5='?' (DbType = Double), @p6='?' (DbType = Double), @p7='?' (Size = 23), @p8='?' (Size = 14), @p9='?' (Size = 10), @p10='?' (Size = 5), @p11='?' (Size = 16), @p12='?' (Size = 29)], CommandType='"Text"', CommandTimeout='30']
INSERT INTO "Breweries" ("Id", "BreweryType", "City", "Country", "LastRefreshedUtc", "Latitude", "Longitude", "Name", "Phone", "PostalCode", "State", "Street", "WebsiteUrl")
VALUES (@p0, @p1, @p2, @p3, @p4, @p5, @p6, @p7, @p8, @p9, @p10, @p11, @p12);
2026-09-05 14:34:21.798 +05:30 [INF] Executed DbCommand (0ms) [Parameters=[@p0='?' (Size = 36), @p1='?' (Size = 7), @p2='?' (Size = 8), @p3='?' (Size = 7), @p4='?' (DbType = DateTimeOffset), @p5='?' (DbType = Double), @p6='?' (DbType = Double), @p7='?' (Size = 10), @p8='?' (Size = 14), @p9='?' (Size = 5), @p10='?' (Size = 6), @p11='?' (Size = 22), @p12='?' (Size = 33)], CommandType='"Text"', CommandTimeout='30']
INSERT INTO "Breweries" ("Id", "BreweryType", "City", "Country", "LastRefreshedUtc", "Latitude", "Longitude", "Name", "Phone", "PostalCode", "State", "Street", "WebsiteUrl")
VALUES (@p0, @p1, @p2, @p3, @p4, @p5, @p6, @p7, @p8, @p9, @p10, @p11, @p12);
2026-09-05 14:34:21.799 +05:30 [INF] Executed DbCommand (0ms) [Parameters=[@p0='?' (Size = 36), @p1='?' (Size = 7), @p2='?' (Size = 8), @p3='?' (Size = 13), @p4='?' (DbType = DateTimeOffset), @p5='?' (DbType = Double), @p6='?' (DbType = Double), @p7='?' (Size = 24), @p8='?', @p9='?' (Size = 10), @p10='?' (Size = 8), @p11='?' (Size = 18), @p12='?' (Size = 29)], CommandType='"Text"', CommandTimeout='30']
INSERT INTO "Breweries" ("Id", "BreweryType", "City", "Country", "LastRefreshedUtc", "Latitude", "Longitude", "Name", "Phone", "PostalCode", "State", "Street", "WebsiteUrl")
VALUES (@p0, @p1, @p2, @p3, @p4, @p5, @p6, @p7, @p8, @p9, @p10, @p11, @p12);
2026-09-05 14:34:21.799 +05:30 [INF] Executed DbCommand (0ms) [Parameters=[@p0='?' (Size = 36), @p1='?' (Size = 5), @p2='?' (Size = 9), @p3='?' (Size = 13), @p4='?' (DbType = DateTimeOffset), @p5='?' (DbType = Double), @p6='?' (DbType = Double), @p7='?' (Size = 30), @p8='?' (Size = 14), @p9='?' (Size = 10), @p10='?' (Size = 10), @p11='?' (Size = 13), @p12='?'], CommandType='"Text"', CommandTimeout='30']
INSERT INTO "Breweries" ("Id", "BreweryType", "City", "Country", "LastRefreshedUtc", "Latitude", "Longitude", "Name", "Phone", "PostalCode", "State", "Street", "WebsiteUrl")
VALUES (@p0, @p1, @p2, @p3, @p4, @p5, @p6, @p7, @p8, @p9, @p10, @p11, @p12);
2026-09-05 14:34:21.800 +05:30 [INF] Executed DbCommand (0ms) [Parameters=[@p0='?' (Size = 36), @p1='?' (Size = 6), @p2='?' (Size = 9), @p3='?' (Size = 13), @p4='?' (DbType = DateTimeOffset), @p5='?' (DbType = Double), @p6='?' (DbType = Double), @p7='?' (Size = 32), @p8='?' (Size = 14), @p9='?' (Size = 10), @p10='?' (Size = 10), @p11='?' (Size = 22), @p12='?' (Size = 27)], CommandType='"Text"', CommandTimeout='30']
INSERT INTO "Breweries" ("Id", "BreweryType", "City", "Country", "LastRefreshedUtc", "Latitude", "Longitude", "Name", "Phone", "PostalCode", "State", "Street", "WebsiteUrl")
VALUES (@p0, @p1, @p2, @p3, @p4, @p5, @p6, @p7, @p8, @p9, @p10, @p11, @p12);
2026-09-05 14:34:21.800 +05:30 [INF] Executed DbCommand (0ms) [Parameters=[@p0='?' (Size = 36), @p1='?' (Size = 5), @p2='?' (Size = 11), @p3='?' (Size = 13), @p4='?' (DbType = DateTimeOffset), @p5='?' (DbType = Double), @p6='?' (DbType = Double), @p7='?' (Size = 21), @p8='?' (Size = 14), @p9='?' (Size = 10), @p10='?' (Size = 10), @p11='?' (Size = 16), @p12='?' (Size = 25)], CommandType='"Text"', CommandTimeout='30']
INSERT INTO "Breweries" ("Id", "BreweryType", "City", "Country", "LastRefreshedUtc", "Latitude", "Longitude", "Name", "Phone", "PostalCode", "State", "Street", "WebsiteUrl")
VALUES (@p0, @p1, @p2, @p3, @p4, @p5, @p6, @p7, @p8, @p9, @p10, @p11, @p12);
2026-09-05 14:34:21.800 +05:30 [INF] Executed DbCommand (0ms) [Parameters=[@p0='?' (Size = 36), @p1='?' (Size = 5), @p2='?' (Size = 9), @p3='?' (Size = 13), @p4='?' (DbType = DateTimeOffset), @p5='?' (DbType = Double), @p6='?' (DbType = Double), @p7='?' (Size = 18), @p8='?' (Size = 14), @p9='?' (Size = 10), @p10='?' (Size = 8), @p11='?' (Size = 18), @p12='?' (Size = 26)], CommandType='"Text"', CommandTimeout='30']
INSERT INTO "Breweries" ("Id", "BreweryType", "City", "Country", "LastRefreshedUtc", "Latitude", "Longitude", "Name", "Phone", "PostalCode", "State", "Street", "WebsiteUrl")
VALUES (@p0, @p1, @p2, @p3, @p4, @p5, @p6, @p7, @p8, @p9, @p10, @p11, @p12);
2026-09-05 14:34:21.801 +05:30 [INF] Executed DbCommand (0ms) [Parameters=[@p0='?' (Size = 36), @p1='?' (Size = 7), @p2='?' (Size = 6), @p3='?' (Size = 13), @p4='?' (DbType = DateTimeOffset), @p5='?' (DbType = Double), @p6='?' (DbType = Double), @p7='?' (Size = 22), @p8='?' (Size = 14), @p9='?' (Size = 10), @p10='?' (Size = 6), @p11='?' (Size = 13), @p12='?' (Size = 30)], CommandType='"Text"', CommandTimeout='30']
INSERT INTO "Breweries" ("Id", "BreweryType", "City", "Country", "LastRefreshedUtc", "Latitude", "Longitude", "Name", "Phone", "PostalCode", "State", "Street", "WebsiteUrl")
VALUES (@p0, @p1, @p2, @p3, @p4, @p5, @p6, @p7, @p8, @p9, @p10, @p11, @p12);
2026-09-05 14:34:21.801 +05:30 [INF] Executed DbCommand (0ms) [Parameters=[@p0='?' (Size = 36), @p1='?' (Size = 7), @p2='?' (Size = 6), @p3='?' (Size = 13), @p4='?' (DbType = DateTimeOffset), @p5='?' (DbType = Double), @p6='?' (DbType = Double), @p7='?' (Size = 13), @p8='?' (Size = 14), @p9='?' (Size = 5), @p10='?' (Size = 8), @p11='?' (Size = 21), @p12='?' (Size = 27)], CommandType='"Text"', CommandTimeout='30']
INSERT INTO "Breweries" ("Id", "BreweryType", "City", "Country", "LastRefreshedUtc", "Latitude", "Longitude", "Name", "Phone", "PostalCode", "State", "Street", "WebsiteUrl")
VALUES (@p0, @p1, @p2, @p3, @p4, @p5, @p6, @p7, @p8, @p9, @p10, @p11, @p12);
2026-09-05 14:34:21.802 +05:30 [INF] Executed DbCommand (0ms) [Parameters=[@p0='?' (Size = 36), @p1='?' (Size = 5), @p2='?' (Size = 6), @p3='?' (Size = 13), @p4='?' (DbType = DateTimeOffset), @p5='?' (DbType = Double), @p6='?' (DbType = Double), @p7='?' (Size = 17), @p8='?' (Size = 14), @p9='?' (Size = 10), @p10='?' (Size = 10), @p11='?' (Size = 19), @p12='?' (Size = 28)], CommandType='"Text"', CommandTimeout='30']
INSERT INTO "Breweries" ("Id", "BreweryType", "City", "Country", "LastRefreshedUtc", "Latitude", "Longitude", "Name", "Phone", "PostalCode", "State", "Street", "WebsiteUrl")
VALUES (@p0, @p1, @p2, @p3, @p4, @p5, @p6, @p7, @p8, @p9, @p10, @p11, @p12);
2026-09-05 14:34:21.802 +05:30 [INF] Executed DbCommand (0ms) [Parameters=[@p0='?' (Size = 36), @p1='?' (Size = 5), @p2='?' (Size = 6), @p3='?' (Size = 7), @p4='?' (DbType = DateTimeOffset), @p5='?' (DbType = Double), @p6='?' (DbType = Double), @p7='?' (Size = 16), @p8='?' (Size = 14), @p9='?' (Size = 5), @p10='?' (Size = 13), @p11='?' (Size = 20), @p12='?' (Size = 30)], CommandType='"Text"', CommandTimeout='30']
INSERT INTO "Breweries" ("Id", "BreweryType", "City", "Country", "LastRefreshedUtc", "Latitude", "Longitude", "Name", "Phone", "PostalCode", "State", "Street", "WebsiteUrl")
VALUES (@p0, @p1, @p2, @p3, @p4, @p5, @p6, @p7, @p8, @p9, @p10, @p11, @p12);
2026-09-05 14:34:21.803 +05:30 [INF] Executed DbCommand (0ms) [Parameters=[@p0='?' (Size = 36), @p1='?' (Size = 5), @p2='?' (Size = 11), @p3='?' (Size = 13), @p4='?' (DbType = DateTimeOffset), @p5='?' (DbType = Double), @p6='?' (DbType = Double), @p7='?' (Size = 26), @p8='?' (Size = 14), @p9='?' (Size = 10), @p10='?' (Size = 9), @p11='?' (Size = 17), @p12='?' (Size = 23)], CommandType='"Text"', CommandTimeout='30']
INSERT INTO "Breweries" ("Id", "BreweryType", "City", "Country", "LastRefreshedUtc", "Latitude", "Longitude", "Name", "Phone", "PostalCode", "State", "Street", "WebsiteUrl")
VALUES (@p0, @p1, @p2, @p3, @p4, @p5, @p6, @p7, @p8, @p9, @p10, @p11, @p12);
2026-09-05 14:34:21.804 +05:30 [INF] Executed DbCommand (0ms) [Parameters=[@p0='?' (Size = 36), @p1='?' (Size = 7), @p2='?' (Size = 10), @p3='?' (Size = 13), @p4='?' (DbType = DateTimeOffset), @p5='?' (DbType = Double), @p6='?' (DbType = Double), @p7='?' (Size = 21), @p8='?' (Size = 14), @p9='?' (Size = 10), @p10='?' (Size = 8), @p11='?' (Size = 15), @p12='?' (Size = 31)], CommandType='"Text"', CommandTimeout='30']
INSERT INTO "Breweries" ("Id", "BreweryType", "City", "Country", "LastRefreshedUtc", "Latitude", "Longitude", "Name", "Phone", "PostalCode", "State", "Street", "WebsiteUrl")
VALUES (@p0, @p1, @p2, @p3, @p4, @p5, @p6, @p7, @p8, @p9, @p10, @p11, @p12);
2026-09-05 14:34:21.804 +05:30 [INF] Executed DbCommand (0ms) [Parameters=[@p0='?' (Size = 36), @p1='?' (Size = 5), @p2='?' (Size = 10), @p3='?' (Size = 13), @p4='?' (DbType = DateTimeOffset), @p5='?' (DbType = Double), @p6='?' (DbType = Double), @p7='?' (Size = 12), @p8='?' (Size = 14), @p9='?' (Size = 5), @p10='?' (Size = 8), @p11='?' (Size = 19), @p12='?' (Size = 23)], CommandType='"Text"', CommandTimeout='30']
INSERT INTO "Breweries" ("Id", "BreweryType", "City", "Country", "LastRefreshedUtc", "Latitude", "Longitude", "Name", "Phone", "PostalCode", "State", "Street", "WebsiteUrl")
VALUES (@p0, @p1, @p2, @p3, @p4, @p5, @p6, @p7, @p8, @p9, @p10, @p11, @p12);
2026-09-05 14:34:21.805 +05:30 [INF] Executed DbCommand (0ms) [Parameters=[@p0='?' (Size = 36), @p1='?' (Size = 7), @p2='?' (Size = 9), @p3='?' (Size = 13), @p4='?' (DbType = DateTimeOffset), @p5='?' (DbType = Double), @p6='?' (DbType = Double), @p7='?' (Size = 43), @p8='?' (Size = 14), @p9='?' (Size = 10), @p10='?' (Size = 10), @p11='?' (Size = 14), @p12='?' (Size = 33)], CommandType='"Text"', CommandTimeout='30']
INSERT INTO "Breweries" ("Id", "BreweryType", "City", "Country", "LastRefreshedUtc", "Latitude", "Longitude", "Name", "Phone", "PostalCode", "State", "Street", "WebsiteUrl")
VALUES (@p0, @p1, @p2, @p3, @p4, @p5, @p6, @p7, @p8, @p9, @p10, @p11, @p12);
2026-09-05 14:34:21.806 +05:30 [INF] Executed DbCommand (0ms) [Parameters=[@p0='?' (Size = 36), @p1='?' (Size = 5), @p2='?' (Size = 4), @p3='?' (Size = 13), @p4='?' (DbType = DateTimeOffset), @p5='?' (DbType = Double), @p6='?' (DbType = Double), @p7='?' (Size = 20), @p8='?' (Size = 14), @p9='?' (Size = 5), @p10='?' (Size = 8), @p11='?' (Size = 13), @p12='?' (Size = 33)], CommandType='"Text"', CommandTimeout='30']
INSERT INTO "Breweries" ("Id", "BreweryType", "City", "Country", "LastRefreshedUtc", "Latitude", "Longitude", "Name", "Phone", "PostalCode", "State", "Street", "WebsiteUrl")
VALUES (@p0, @p1, @p2, @p3, @p4, @p5, @p6, @p7, @p8, @p9, @p10, @p11, @p12);
2026-09-05 14:34:21.806 +05:30 [INF] Executed DbCommand (0ms) [Parameters=[@p0='?' (Size = 36), @p1='?' (Size = 7), @p2='?' (Size = 13), @p3='?' (Size = 7), @p4='?' (DbType = DateTimeOffset), @p5='?' (DbType = Double), @p6='?' (DbType = Double), @p7='?' (Size = 17), @p8='?' (Size = 14), @p9='?' (Size = 5), @p10='?' (Size = 6), @p11='?' (Size = 21), @p12='?' (Size = 32)], CommandType='"Text"', CommandTimeout='30']
INSERT INTO "Breweries" ("Id", "BreweryType", "City", "Country", "LastRefreshedUtc", "Latitude", "Longitude", "Name", "Phone", "PostalCode", "State", "Street", "WebsiteUrl")
VALUES (@p0, @p1, @p2, @p3, @p4, @p5, @p6, @p7, @p8, @p9, @p10, @p11, @p12);
2026-09-05 14:34:21.806 +05:30 [INF] Executed DbCommand (0ms) [Parameters=[@p0='?' (Size = 36), @p1='?' (Size = 7), @p2='?' (Size = 7), @p3='?' (Size = 13), @p4='?' (DbType = DateTimeOffset), @p5='?' (DbType = Double), @p6='?' (DbType = Double), @p7='?' (Size = 18), @p8='?' (Size = 14), @p9='?' (Size = 10), @p10='?' (Size = 9), @p11='?' (Size = 16), @p12='?' (Size = 30)], CommandType='"Text"', CommandTimeout='30']
INSERT INTO "Breweries" ("Id", "BreweryType", "City", "Country", "LastRefreshedUtc", "Latitude", "Longitude", "Name", "Phone", "PostalCode", "State", "Street", "WebsiteUrl")
VALUES (@p0, @p1, @p2, @p3, @p4, @p5, @p6, @p7, @p8, @p9, @p10, @p11, @p12);
2026-09-05 14:34:21.807 +05:30 [INF] Executed DbCommand (0ms) [Parameters=[@p0='?' (Size = 36), @p1='?' (Size = 7), @p2='?' (Size = 11), @p3='?' (Size = 13), @p4='?' (DbType = DateTimeOffset), @p5='?' (DbType = Double), @p6='?' (DbType = Double), @p7='?' (Size = 20), @p8='?' (Size = 14), @p9='?' (Size = 5), @p10='?' (Size = 8), @p11='?' (Size = 17), @p12='?' (Size = 24)], CommandType='"Text"', CommandTimeout='30']
INSERT INTO "Breweries" ("Id", "BreweryType", "City", "Country", "LastRefreshedUtc", "Latitude", "Longitude", "Name", "Phone", "PostalCode", "State", "Street", "WebsiteUrl")
VALUES (@p0, @p1, @p2, @p3, @p4, @p5, @p6, @p7, @p8, @p9, @p10, @p11, @p12);
2026-09-05 14:34:21.807 +05:30 [INF] Executed DbCommand (0ms) [Parameters=[@p0='?' (Size = 36), @p1='?' (Size = 4), @p2='?' (Size = 9), @p3='?' (Size = 13), @p4='?' (DbType = DateTimeOffset), @p5='?' (DbType = Double), @p6='?' (DbType = Double), @p7='?' (Size = 19), @p8='?' (Size = 14), @p9='?' (Size = 10), @p10='?' (Size = 10), @p11='?' (Size = 18), @p12='?' (Size = 29)], CommandType='"Text"', CommandTimeout='30']
INSERT INTO "Breweries" ("Id", "BreweryType", "City", "Country", "LastRefreshedUtc", "Latitude", "Longitude", "Name", "Phone", "PostalCode", "State", "Street", "WebsiteUrl")
VALUES (@p0, @p1, @p2, @p3, @p4, @p5, @p6, @p7, @p8, @p9, @p10, @p11, @p12);
2026-09-05 14:34:21.808 +05:30 [INF] Executed DbCommand (0ms) [Parameters=[@p0='?' (Size = 36), @p1='?' (Size = 5), @p2='?' (Size = 8), @p3='?' (Size = 13), @p4='?' (DbType = DateTimeOffset), @p5='?' (DbType = Double), @p6='?' (DbType = Double), @p7='?' (Size = 21), @p8='?' (Size = 14), @p9='?' (Size = 10), @p10='?' (Size = 10), @p11='?' (Size = 31), @p12='?' (Size = 34)], CommandType='"Text"', CommandTimeout='30']
INSERT INTO "Breweries" ("Id", "BreweryType", "City", "Country", "LastRefreshedUtc", "Latitude", "Longitude", "Name", "Phone", "PostalCode", "State", "Street", "WebsiteUrl")
VALUES (@p0, @p1, @p2, @p3, @p4, @p5, @p6, @p7, @p8, @p9, @p10, @p11, @p12);
2026-09-05 14:34:21.808 +05:30 [INF] Executed DbCommand (0ms) [Parameters=[@p0='?' (Size = 36), @p1='?' (Size = 7), @p2='?' (Size = 10), @p3='?' (Size = 7), @p4='?' (DbType = DateTimeOffset), @p5='?' (DbType = Double), @p6='?' (DbType = Double), @p7='?' (Size = 24), @p8='?' (Size = 12), @p9='?' (Size = 5), @p10='?' (Size = 17), @p11='?' (Size = 12), @p12='?' (Size = 26)], CommandType='"Text"', CommandTimeout='30']
INSERT INTO "Breweries" ("Id", "BreweryType", "City", "Country", "LastRefreshedUtc", "Latitude", "Longitude", "Name", "Phone", "PostalCode", "State", "Street", "WebsiteUrl")
VALUES (@p0, @p1, @p2, @p3, @p4, @p5, @p6, @p7, @p8, @p9, @p10, @p11, @p12);
2026-09-05 14:34:21.808 +05:30 [INF] Executed DbCommand (0ms) [Parameters=[@p0='?' (Size = 36), @p1='?' (Size = 7), @p2='?' (Size = 9), @p3='?' (Size = 13), @p4='?' (DbType = DateTimeOffset), @p5='?' (DbType = Double), @p6='?' (DbType = Double), @p7='?' (Size = 32), @p8='?' (Size = 14), @p9='?' (Size = 10), @p10='?' (Size = 10), @p11='?' (Size = 18), @p12='?' (Size = 32)], CommandType='"Text"', CommandTimeout='30']
INSERT INTO "Breweries" ("Id", "BreweryType", "City", "Country", "LastRefreshedUtc", "Latitude", "Longitude", "Name", "Phone", "PostalCode", "State", "Street", "WebsiteUrl")
VALUES (@p0, @p1, @p2, @p3, @p4, @p5, @p6, @p7, @p8, @p9, @p10, @p11, @p12);
2026-09-05 14:34:21.809 +05:30 [INF] Executed DbCommand (0ms) [Parameters=[@p0='?' (Size = 36), @p1='?' (Size = 5), @p2='?' (Size = 7), @p3='?' (Size = 13), @p4='?' (DbType = DateTimeOffset), @p5='?' (DbType = Double), @p6='?' (DbType = Double), @p7='?' (Size = 28), @p8='?' (Size = 14), @p9='?' (Size = 10), @p10='?' (Size = 5), @p11='?' (Size = 15), @p12='?'], CommandType='"Text"', CommandTimeout='30']
INSERT INTO "Breweries" ("Id", "BreweryType", "City", "Country", "LastRefreshedUtc", "Latitude", "Longitude", "Name", "Phone", "PostalCode", "State", "Street", "WebsiteUrl")
VALUES (@p0, @p1, @p2, @p3, @p4, @p5, @p6, @p7, @p8, @p9, @p10, @p11, @p12);
2026-09-05 14:34:21.809 +05:30 [INF] Executed DbCommand (0ms) [Parameters=[@p0='?' (Size = 36), @p1='?' (Size = 5), @p2='?' (Size = 14), @p3='?' (Size = 13), @p4='?' (DbType = DateTimeOffset), @p5='?' (DbType = Double), @p6='?' (DbType = Double), @p7='?' (Size = 23), @p8='?' (Size = 14), @p9='?' (Size = 10), @p10='?' (Size = 9), @p11='?' (Size = 19), @p12='?' (Size = 28)], CommandType='"Text"', CommandTimeout='30']
INSERT INTO "Breweries" ("Id", "BreweryType", "City", "Country", "LastRefreshedUtc", "Latitude", "Longitude", "Name", "Phone", "PostalCode", "State", "Street", "WebsiteUrl")
VALUES (@p0, @p1, @p2, @p3, @p4, @p5, @p6, @p7, @p8, @p9, @p10, @p11, @p12);
2026-09-05 14:34:21.810 +05:30 [INF] Executed DbCommand (0ms) [Parameters=[@p0='?' (Size = 36), @p1='?' (Size = 7), @p2='?' (Size = 7), @p3='?' (Size = 6), @p4='?' (DbType = DateTimeOffset), @p5='?' (DbType = Double), @p6='?' (DbType = Double), @p7='?' (Size = 22), @p8='?' (Size = 14), @p9='?' (Size = 6), @p10='?' (Size = 7), @p11='?' (Size = 14), @p12='?' (Size = 29)], CommandType='"Text"', CommandTimeout='30']
INSERT INTO "Breweries" ("Id", "BreweryType", "City", "Country", "LastRefreshedUtc", "Latitude", "Longitude", "Name", "Phone", "PostalCode", "State", "Street", "WebsiteUrl")
VALUES (@p0, @p1, @p2, @p3, @p4, @p5, @p6, @p7, @p8, @p9, @p10, @p11, @p12);
2026-09-05 14:34:21.810 +05:30 [INF] Executed DbCommand (0ms) [Parameters=[@p0='?' (Size = 36), @p1='?' (Size = 7), @p2='?' (Size = 6), @p3='?' (Size = 8), @p4='?' (DbType = DateTimeOffset), @p5='?' (DbType = Double), @p6='?' (DbType = Double), @p7='?' (Size = 6), @p8='?', @p9='?' (Size = 8), @p10='?' (Size = 6), @p11='?' (Size = 23), @p12='?' (Size = 27)], CommandType='"Text"', CommandTimeout='30']
INSERT INTO "Breweries" ("Id", "BreweryType", "City", "Country", "LastRefreshedUtc", "Latitude", "Longitude", "Name", "Phone", "PostalCode", "State", "Street", "WebsiteUrl")
VALUES (@p0, @p1, @p2, @p3, @p4, @p5, @p6, @p7, @p8, @p9, @p10, @p11, @p12);
2026-09-05 14:34:21.810 +05:30 [INF] Executed DbCommand (0ms) [Parameters=[@p0='?' (Size = 36), @p1='?' (Size = 5), @p2='?' (Size = 7), @p3='?' (Size = 13), @p4='?' (DbType = DateTimeOffset), @p5='?' (DbType = Double), @p6='?' (DbType = Double), @p7='?' (Size = 33), @p8='?' (Size = 14), @p9='?' (Size = 10), @p10='?' (Size = 7), @p11='?' (Size = 12), @p12='?' (Size = 64)], CommandType='"Text"', CommandTimeout='30']
INSERT INTO "Breweries" ("Id", "BreweryType", "City", "Country", "LastRefreshedUtc", "Latitude", "Longitude", "Name", "Phone", "PostalCode", "State", "Street", "WebsiteUrl")
VALUES (@p0, @p1, @p2, @p3, @p4, @p5, @p6, @p7, @p8, @p9, @p10, @p11, @p12);
2026-09-05 14:34:21.811 +05:30 [INF] Executed DbCommand (0ms) [Parameters=[@p0='?' (Size = 36), @p1='?' (Size = 5), @p2='?' (Size = 8), @p3='?' (Size = 13), @p4='?' (DbType = DateTimeOffset), @p5='?' (DbType = Double), @p6='?' (DbType = Double), @p7='?' (Size = 18), @p8='?' (Size = 14), @p9='?' (Size = 5), @p10='?' (Size = 10), @p11='?' (Size = 13), @p12='?' (Size = 29)], CommandType='"Text"', CommandTimeout='30']
INSERT INTO "Breweries" ("Id", "BreweryType", "City", "Country", "LastRefreshedUtc", "Latitude", "Longitude", "Name", "Phone", "PostalCode", "State", "Street", "WebsiteUrl")
VALUES (@p0, @p1, @p2, @p3, @p4, @p5, @p6, @p7, @p8, @p9, @p10, @p11, @p12);
2026-09-05 14:34:21.811 +05:30 [INF] Executed DbCommand (0ms) [Parameters=[@p0='?' (Size = 36), @p1='?' (Size = 7), @p2='?' (Size = 10), @p3='?' (Size = 13), @p4='?' (DbType = DateTimeOffset), @p5='?' (DbType = Double), @p6='?' (DbType = Double), @p7='?' (Size = 40), @p8='?' (Size = 14), @p9='?' (Size = 5), @p10='?' (Size = 5), @p11='?' (Size = 28), @p12='?' (Size = 31)], CommandType='"Text"', CommandTimeout='30']
INSERT INTO "Breweries" ("Id", "BreweryType", "City", "Country", "LastRefreshedUtc", "Latitude", "Longitude", "Name", "Phone", "PostalCode", "State", "Street", "WebsiteUrl")
VALUES (@p0, @p1, @p2, @p3, @p4, @p5, @p6, @p7, @p8, @p9, @p10, @p11, @p12);
2026-09-05 14:34:21.812 +05:30 [INF] Executed DbCommand (0ms) [Parameters=[@p0='?' (Size = 36), @p1='?' (Size = 5), @p2='?' (Size = 7), @p3='?' (Size = 7), @p4='?' (DbType = DateTimeOffset), @p5='?' (DbType = Double), @p6='?' (DbType = Double), @p7='?' (Size = 11), @p8='?', @p9='?' (Size = 5), @p10='?' (Size = 6), @p11='?' (Size = 13), @p12='?' (Size = 24)], CommandType='"Text"', CommandTimeout='30']
INSERT INTO "Breweries" ("Id", "BreweryType", "City", "Country", "LastRefreshedUtc", "Latitude", "Longitude", "Name", "Phone", "PostalCode", "State", "Street", "WebsiteUrl")
VALUES (@p0, @p1, @p2, @p3, @p4, @p5, @p6, @p7, @p8, @p9, @p10, @p11, @p12);
2026-09-05 14:34:21.812 +05:30 [INF] Executed DbCommand (0ms) [Parameters=[@p0='?' (Size = 36), @p1='?' (Size = 5), @p2='?' (Size = 9), @p3='?' (Size = 13), @p4='?' (DbType = DateTimeOffset), @p5='?' (DbType = Double), @p6='?' (DbType = Double), @p7='?' (Size = 18), @p8='?' (Size = 14), @p9='?' (Size = 10), @p10='?' (Size = 7), @p11='?' (Size = 15), @p12='?' (Size = 41)], CommandType='"Text"', CommandTimeout='30']
INSERT INTO "Breweries" ("Id", "BreweryType", "City", "Country", "LastRefreshedUtc", "Latitude", "Longitude", "Name", "Phone", "PostalCode", "State", "Street", "WebsiteUrl")
VALUES (@p0, @p1, @p2, @p3, @p4, @p5, @p6, @p7, @p8, @p9, @p10, @p11, @p12);
2026-09-05 14:34:21.812 +05:30 [INF] Executed DbCommand (0ms) [Parameters=[@p0='?' (Size = 36), @p1='?' (Size = 7), @p2='?' (Size = 8), @p3='?' (Size = 6), @p4='?' (DbType = DateTimeOffset), @p5='?' (DbType = Double), @p6='?' (DbType = Double), @p7='?' (Size = 24), @p8='?', @p9='?' (Size = 7), @p10='?' (Size = 7), @p11='?' (Size = 18), @p12='?' (Size = 24)], CommandType='"Text"', CommandTimeout='30']
INSERT INTO "Breweries" ("Id", "BreweryType", "City", "Country", "LastRefreshedUtc", "Latitude", "Longitude", "Name", "Phone", "PostalCode", "State", "Street", "WebsiteUrl")
VALUES (@p0, @p1, @p2, @p3, @p4, @p5, @p6, @p7, @p8, @p9, @p10, @p11, @p12);
2026-09-05 14:34:21.813 +05:30 [INF] Executed DbCommand (0ms) [Parameters=[@p0='?' (Size = 36), @p1='?' (Size = 6), @p2='?' (Size = 7), @p3='?' (Size = 11), @p4='?' (DbType = DateTimeOffset), @p5='?' (DbType = Double), @p6='?' (DbType = Double), @p7='?' (Size = 11), @p8='?' (Size = 15), @p9='?' (Size = 4), @p10='?' (Size = 14), @p11='?' (Size = 16), @p12='?' (Size = 31)], CommandType='"Text"', CommandTimeout='30']
INSERT INTO "Breweries" ("Id", "BreweryType", "City", "Country", "LastRefreshedUtc", "Latitude", "Longitude", "Name", "Phone", "PostalCode", "State", "Street", "WebsiteUrl")
VALUES (@p0, @p1, @p2, @p3, @p4, @p5, @p6, @p7, @p8, @p9, @p10, @p11, @p12);
2026-09-05 14:34:21.813 +05:30 [INF] Executed DbCommand (0ms) [Parameters=[@p0='?' (Size = 36), @p1='?' (Size = 7), @p2='?' (Size = 9), @p3='?' (Size = 7), @p4='?' (DbType = DateTimeOffset), @p5='?' (DbType = Double), @p6='?' (DbType = Double), @p7='?' (Size = 16), @p8='?' (Size = 15), @p9='?' (Size = 5), @p10='?' (Size = 17), @p11='?' (Size = 22), @p12='?' (Size = 30)], CommandType='"Text"', CommandTimeout='30']
INSERT INTO "Breweries" ("Id", "BreweryType", "City", "Country", "LastRefreshedUtc", "Latitude", "Longitude", "Name", "Phone", "PostalCode", "State", "Street", "WebsiteUrl")
VALUES (@p0, @p1, @p2, @p3, @p4, @p5, @p6, @p7, @p8, @p9, @p10, @p11, @p12);
2026-09-05 14:34:21.814 +05:30 [INF] Executed DbCommand (0ms) [Parameters=[@p0='?' (Size = 36), @p1='?' (Size = 5), @p2='?' (Size = 9), @p3='?' (Size = 13), @p4='?' (DbType = DateTimeOffset), @p5='?' (DbType = Double), @p6='?' (DbType = Double), @p7='?' (Size = 15), @p8='?' (Size = 14), @p9='?' (Size = 5), @p10='?' (Size = 7), @p11='?' (Size = 28), @p12='?' (Size = 28)], CommandType='"Text"', CommandTimeout='30']
INSERT INTO "Breweries" ("Id", "BreweryType", "City", "Country", "LastRefreshedUtc", "Latitude", "Longitude", "Name", "Phone", "PostalCode", "State", "Street", "WebsiteUrl")
VALUES (@p0, @p1, @p2, @p3, @p4, @p5, @p6, @p7, @p8, @p9, @p10, @p11, @p12);
2026-09-05 14:34:21.814 +05:30 [INF] Executed DbCommand (0ms) [Parameters=[@p0='?' (Size = 36), @p1='?' (Size = 5), @p2='?' (Size = 9), @p3='?' (Size = 13), @p4='?' (DbType = DateTimeOffset), @p5='?' (DbType = Double), @p6='?' (DbType = Double), @p7='?' (Size = 29), @p8='?' (Size = 14), @p9='?' (Size = 10), @p10='?' (Size = 8), @p11='?' (Size = 22), @p12='?'], CommandType='"Text"', CommandTimeout='30']
INSERT INTO "Breweries" ("Id", "BreweryType", "City", "Country", "LastRefreshedUtc", "Latitude", "Longitude", "Name", "Phone", "PostalCode", "State", "Street", "WebsiteUrl")
VALUES (@p0, @p1, @p2, @p3, @p4, @p5, @p6, @p7, @p8, @p9, @p10, @p11, @p12);
2026-09-05 14:34:21.814 +05:30 [INF] Executed DbCommand (0ms) [Parameters=[@p0='?' (Size = 36), @p1='?' (Size = 5), @p2='?' (Size = 6), @p3='?' (Size = 13), @p4='?' (DbType = DateTimeOffset), @p5='?' (DbType = Double), @p6='?' (DbType = Double), @p7='?' (Size = 16), @p8='?' (Size = 14), @p9='?' (Size = 10), @p10='?' (Size = 5), @p11='?' (Size = 16), @p12='?' (Size = 29)], CommandType='"Text"', CommandTimeout='30']
INSERT INTO "Breweries" ("Id", "BreweryType", "City", "Country", "LastRefreshedUtc", "Latitude", "Longitude", "Name", "Phone", "PostalCode", "State", "Street", "WebsiteUrl")
VALUES (@p0, @p1, @p2, @p3, @p4, @p5, @p6, @p7, @p8, @p9, @p10, @p11, @p12);
2026-09-05 14:34:21.815 +05:30 [INF] Executed DbCommand (0ms) [Parameters=[@p0='?' (Size = 36), @p1='?' (Size = 7), @p2='?' (Size = 8), @p3='?' (Size = 13), @p4='?' (DbType = DateTimeOffset), @p5='?' (DbType = Double), @p6='?' (DbType = Double), @p7='?' (Size = 21), @p8='?' (Size = 14), @p9='?' (Size = 10), @p10='?' (Size = 7), @p11='?' (Size = 14), @p12='?' (Size = 22)], CommandType='"Text"', CommandTimeout='30']
INSERT INTO "Breweries" ("Id", "BreweryType", "City", "Country", "LastRefreshedUtc", "Latitude", "Longitude", "Name", "Phone", "PostalCode", "State", "Street", "WebsiteUrl")
VALUES (@p0, @p1, @p2, @p3, @p4, @p5, @p6, @p7, @p8, @p9, @p10, @p11, @p12);
2026-09-05 14:34:21.815 +05:30 [INF] Executed DbCommand (0ms) [Parameters=[@p0='?' (Size = 36), @p1='?' (Size = 8), @p2='?' (Size = 13), @p3='?' (Size = 13), @p4='?' (DbType = DateTimeOffset), @p5='?' (DbType = Double), @p6='?' (DbType = Double), @p7='?' (Size = 22), @p8='?' (Size = 14), @p9='?' (Size = 10), @p10='?' (Size = 8), @p11='?' (Size = 14), @p12='?' (Size = 28)], CommandType='"Text"', CommandTimeout='30']
INSERT INTO "Breweries" ("Id", "BreweryType", "City", "Country", "LastRefreshedUtc", "Latitude", "Longitude", "Name", "Phone", "PostalCode", "State", "Street", "WebsiteUrl")
VALUES (@p0, @p1, @p2, @p3, @p4, @p5, @p6, @p7, @p8, @p9, @p10, @p11, @p12);
2026-09-05 14:34:21.816 +05:30 [INF] Executed DbCommand (0ms) [Parameters=[@p0='?' (Size = 36), @p1='?' (Size = 5), @p2='?' (Size = 5), @p3='?' (Size = 13), @p4='?' (DbType = DateTimeOffset), @p5='?' (DbType = Double), @p6='?' (DbType = Double), @p7='?' (Size = 15), @p8='?' (Size = 14), @p9='?' (Size = 10), @p10='?' (Size = 11), @p11='?' (Size = 16), @p12='?' (Size = 23)], CommandType='"Text"', CommandTimeout='30']
INSERT INTO "Breweries" ("Id", "BreweryType", "City", "Country", "LastRefreshedUtc", "Latitude", "Longitude", "Name", "Phone", "PostalCode", "State", "Street", "WebsiteUrl")
VALUES (@p0, @p1, @p2, @p3, @p4, @p5, @p6, @p7, @p8, @p9, @p10, @p11, @p12);
2026-09-05 14:34:21.816 +05:30 [INF] Executed DbCommand (0ms) [Parameters=[@p0='?' (Size = 36), @p1='?' (Size = 7), @p2='?' (Size = 10), @p3='?' (Size = 13), @p4='?' (DbType = DateTimeOffset), @p5='?' (DbType = Double), @p6='?' (DbType = Double), @p7='?' (Size = 28), @p8='?' (Size = 14), @p9='?' (Size = 10), @p10='?' (Size = 12), @p11='?' (Size = 15), @p12='?' (Size = 29)], CommandType='"Text"', CommandTimeout='30']
INSERT INTO "Breweries" ("Id", "BreweryType", "City", "Country", "LastRefreshedUtc", "Latitude", "Longitude", "Name", "Phone", "PostalCode", "State", "Street", "WebsiteUrl")
VALUES (@p0, @p1, @p2, @p3, @p4, @p5, @p6, @p7, @p8, @p9, @p10, @p11, @p12);
2026-09-05 14:34:21.817 +05:30 [INF] Executed DbCommand (0ms) [Parameters=[@p0='?' (Size = 36), @p1='?' (Size = 5), @p2='?' (Size = 7), @p3='?' (Size = 13), @p4='?' (DbType = DateTimeOffset), @p5='?' (DbType = Double), @p6='?' (DbType = Double), @p7='?' (Size = 23), @p8='?' (Size = 14), @p9='?' (Size = 10), @p10='?' (Size = 9), @p11='?' (Size = 15), @p12='?' (Size = 34)], CommandType='"Text"', CommandTimeout='30']
INSERT INTO "Breweries" ("Id", "BreweryType", "City", "Country", "LastRefreshedUtc", "Latitude", "Longitude", "Name", "Phone", "PostalCode", "State", "Street", "WebsiteUrl")
VALUES (@p0, @p1, @p2, @p3, @p4, @p5, @p6, @p7, @p8, @p9, @p10, @p11, @p12);
2026-09-05 14:34:21.817 +05:30 [INF] Executed DbCommand (0ms) [Parameters=[@p0='?' (Size = 36), @p1='?' (Size = 5), @p2='?' (Size = 11), @p3='?' (Size = 13), @p4='?' (DbType = DateTimeOffset), @p5='?' (DbType = Double), @p6='?' (DbType = Double), @p7='?' (Size = 18), @p8='?' (Size = 14), @p9='?' (Size = 10), @p10='?' (Size = 8), @p11='?' (Size = 19), @p12='?' (Size = 29)], CommandType='"Text"', CommandTimeout='30']
INSERT INTO "Breweries" ("Id", "BreweryType", "City", "Country", "LastRefreshedUtc", "Latitude", "Longitude", "Name", "Phone", "PostalCode", "State", "Street", "WebsiteUrl")
VALUES (@p0, @p1, @p2, @p3, @p4, @p5, @p6, @p7, @p8, @p9, @p10, @p11, @p12);
2026-09-05 14:34:21.818 +05:30 [INF] Executed DbCommand (0ms) [Parameters=[@p0='?' (Size = 36), @p1='?' (Size = 5), @p2='?' (Size = 7), @p3='?' (Size = 13), @p4='?' (DbType = DateTimeOffset), @p5='?' (DbType = Double), @p6='?' (DbType = Double), @p7='?' (Size = 23), @p8='?' (Size = 14), @p9='?' (Size = 10), @p10='?' (Size = 5), @p11='?' (Size = 29), @p12='?' (Size = 32)], CommandType='"Text"', CommandTimeout='30']
INSERT INTO "Breweries" ("Id", "BreweryType", "City", "Country", "LastRefreshedUtc", "Latitude", "Longitude", "Name", "Phone", "PostalCode", "State", "Street", "WebsiteUrl")
VALUES (@p0, @p1, @p2, @p3, @p4, @p5, @p6, @p7, @p8, @p9, @p10, @p11, @p12);
2026-09-05 14:34:21.819 +05:30 [INF] Executed DbCommand (0ms) [Parameters=[@p0='?' (Size = 36), @p1='?' (Size = 7), @p2='?' (Size = 9), @p3='?' (Size = 13), @p4='?' (DbType = DateTimeOffset), @p5='?' (DbType = Double), @p6='?' (DbType = Double), @p7='?' (Size = 19), @p8='?' (Size = 14), @p9='?' (Size = 10), @p10='?' (Size = 10), @p11='?' (Size = 25), @p12='?' (Size = 26)], CommandType='"Text"', CommandTimeout='30']
INSERT INTO "Breweries" ("Id", "BreweryType", "City", "Country", "LastRefreshedUtc", "Latitude", "Longitude", "Name", "Phone", "PostalCode", "State", "Street", "WebsiteUrl")
VALUES (@p0, @p1, @p2, @p3, @p4, @p5, @p6, @p7, @p8, @p9, @p10, @p11, @p12);
2026-09-05 14:34:21.821 +05:30 [INF] Executed DbCommand (0ms) [Parameters=[@p0='?' (Size = 36), @p1='?' (Size = 5), @p2='?' (Size = 7), @p3='?' (Size = 8), @p4='?' (DbType = DateTimeOffset), @p5='?' (DbType = Double), @p6='?' (DbType = Double), @p7='?' (Size = 7), @p8='?', @p9='?' (Size = 8), @p10='?' (Size = 7), @p11='?' (Size = 36), @p12='?'], CommandType='"Text"', CommandTimeout='30']
INSERT INTO "Breweries" ("Id", "BreweryType", "City", "Country", "LastRefreshedUtc", "Latitude", "Longitude", "Name", "Phone", "PostalCode", "State", "Street", "WebsiteUrl")
VALUES (@p0, @p1, @p2, @p3, @p4, @p5, @p6, @p7, @p8, @p9, @p10, @p11, @p12);
2026-09-05 14:34:21.822 +05:30 [INF] Executed DbCommand (0ms) [Parameters=[@p0='?' (Size = 36), @p1='?' (Size = 7), @p2='?' (Size = 9), @p3='?' (Size = 6), @p4='?' (DbType = DateTimeOffset), @p5='?' (DbType = Double), @p6='?' (DbType = Double), @p7='?' (Size = 24), @p8='?', @p9='?' (Size = 7), @p10='?' (Size = 16), @p11='?' (Size = 18), @p12='?' (Size = 29)], CommandType='"Text"', CommandTimeout='30']
INSERT INTO "Breweries" ("Id", "BreweryType", "City", "Country", "LastRefreshedUtc", "Latitude", "Longitude", "Name", "Phone", "PostalCode", "State", "Street", "WebsiteUrl")
VALUES (@p0, @p1, @p2, @p3, @p4, @p5, @p6, @p7, @p8, @p9, @p10, @p11, @p12);
2026-09-05 14:34:21.823 +05:30 [INF] Executed DbCommand (0ms) [Parameters=[@p0='?' (Size = 36), @p1='?' (Size = 8), @p2='?' (Size = 7), @p3='?' (Size = 13), @p4='?' (DbType = DateTimeOffset), @p5='?' (DbType = Double), @p6='?' (DbType = Double), @p7='?' (Size = 16), @p8='?', @p9='?' (Size = 10), @p10='?' (Size = 8), @p11='?' (Size = 18), @p12='?'], CommandType='"Text"', CommandTimeout='30']
INSERT INTO "Breweries" ("Id", "BreweryType", "City", "Country", "LastRefreshedUtc", "Latitude", "Longitude", "Name", "Phone", "PostalCode", "State", "Street", "WebsiteUrl")
VALUES (@p0, @p1, @p2, @p3, @p4, @p5, @p6, @p7, @p8, @p9, @p10, @p11, @p12);
2026-09-05 14:34:21.824 +05:30 [INF] Executed DbCommand (0ms) [Parameters=[@p0='?' (Size = 36), @p1='?' (Size = 5), @p2='?' (Size = 10), @p3='?' (Size = 12), @p4='?' (DbType = DateTimeOffset), @p5='?' (DbType = Double), @p6='?' (DbType = Double), @p7='?' (Size = 16), @p8='?' (Size = 15), @p9='?' (Size = 4), @p10='?' (Size = 13), @p11='?' (Size = 12), @p12='?' (Size = 34)], CommandType='"Text"', CommandTimeout='30']
INSERT INTO "Breweries" ("Id", "BreweryType", "City", "Country", "LastRefreshedUtc", "Latitude", "Longitude", "Name", "Phone", "PostalCode", "State", "Street", "WebsiteUrl")
VALUES (@p0, @p1, @p2, @p3, @p4, @p5, @p6, @p7, @p8, @p9, @p10, @p11, @p12);
2026-09-05 14:34:21.825 +05:30 [INF] Executed DbCommand (0ms) [Parameters=[@p0='?' (Size = 36), @p1='?' (Size = 6), @p2='?' (Size = 6), @p3='?' (Size = 11), @p4='?' (DbType = DateTimeOffset), @p5='?' (DbType = Double), @p6='?' (DbType = Double), @p7='?' (Size = 4), @p8='?', @p9='?' (Size = 4), @p10='?' (Size = 13), @p11='?' (Size = 16), @p12='?'], CommandType='"Text"', CommandTimeout='30']
INSERT INTO "Breweries" ("Id", "BreweryType", "City", "Country", "LastRefreshedUtc", "Latitude", "Longitude", "Name", "Phone", "PostalCode", "State", "Street", "WebsiteUrl")
VALUES (@p0, @p1, @p2, @p3, @p4, @p5, @p6, @p7, @p8, @p9, @p10, @p11, @p12);
2026-09-05 14:34:21.825 +05:30 [INF] Executed DbCommand (0ms) [Parameters=[@p0='?' (Size = 36), @p1='?' (Size = 5), @p2='?' (Size = 9), @p3='?' (Size = 13), @p4='?' (DbType = DateTimeOffset), @p5='?' (DbType = Double), @p6='?' (DbType = Double), @p7='?' (Size = 41), @p8='?' (Size = 14), @p9='?' (Size = 10), @p10='?' (Size = 10), @p11='?' (Size = 27), @p12='?' (Size = 27)], CommandType='"Text"', CommandTimeout='30']
INSERT INTO "Breweries" ("Id", "BreweryType", "City", "Country", "LastRefreshedUtc", "Latitude", "Longitude", "Name", "Phone", "PostalCode", "State", "Street", "WebsiteUrl")
VALUES (@p0, @p1, @p2, @p3, @p4, @p5, @p6, @p7, @p8, @p9, @p10, @p11, @p12);
2026-09-05 14:34:21.826 +05:30 [INF] Executed DbCommand (0ms) [Parameters=[@p0='?' (Size = 36), @p1='?' (Size = 5), @p2='?' (Size = 7), @p3='?' (Size = 13), @p4='?' (DbType = DateTimeOffset), @p5='?' (DbType = Double), @p6='?' (DbType = Double), @p7='?' (Size = 24), @p8='?' (Size = 14), @p9='?' (Size = 10), @p10='?' (Size = 14), @p11='?' (Size = 22), @p12='?' (Size = 24)], CommandType='"Text"', CommandTimeout='30']
INSERT INTO "Breweries" ("Id", "BreweryType", "City", "Country", "LastRefreshedUtc", "Latitude", "Longitude", "Name", "Phone", "PostalCode", "State", "Street", "WebsiteUrl")
VALUES (@p0, @p1, @p2, @p3, @p4, @p5, @p6, @p7, @p8, @p9, @p10, @p11, @p12);
2026-09-05 14:34:21.827 +05:30 [INF] Executed DbCommand (0ms) [Parameters=[@p0='?' (Size = 36), @p1='?' (Size = 5), @p2='?' (Size = 5), @p3='?' (Size = 13), @p4='?' (DbType = DateTimeOffset), @p5='?' (DbType = Double), @p6='?' (DbType = Double), @p7='?' (Size = 19), @p8='?' (Size = 14), @p9='?' (Size = 10), @p10='?' (Size = 12), @p11='?' (Size = 14), @p12='?' (Size = 25)], CommandType='"Text"', CommandTimeout='30']
INSERT INTO "Breweries" ("Id", "BreweryType", "City", "Country", "LastRefreshedUtc", "Latitude", "Longitude", "Name", "Phone", "PostalCode", "State", "Street", "WebsiteUrl")
VALUES (@p0, @p1, @p2, @p3, @p4, @p5, @p6, @p7, @p8, @p9, @p10, @p11, @p12);
2026-09-05 14:34:21.827 +05:30 [INF] Executed DbCommand (0ms) [Parameters=[@p0='?' (Size = 36), @p1='?' (Size = 5), @p2='?' (Size = 10), @p3='?' (Size = 13), @p4='?' (DbType = DateTimeOffset), @p5='?' (DbType = Double), @p6='?' (DbType = Double), @p7='?' (Size = 25), @p8='?' (Size = 14), @p9='?' (Size = 10), @p10='?' (Size = 8), @p11='?' (Size = 13), @p12='?' (Size = 21)], CommandType='"Text"', CommandTimeout='30']
INSERT INTO "Breweries" ("Id", "BreweryType", "City", "Country", "LastRefreshedUtc", "Latitude", "Longitude", "Name", "Phone", "PostalCode", "State", "Street", "WebsiteUrl")
VALUES (@p0, @p1, @p2, @p3, @p4, @p5, @p6, @p7, @p8, @p9, @p10, @p11, @p12);
2026-09-05 14:34:21.828 +05:30 [INF] Executed DbCommand (0ms) [Parameters=[@p0='?' (Size = 36), @p1='?' (Size = 7), @p2='?' (Size = 7), @p3='?' (Size = 6), @p4='?' (DbType = DateTimeOffset), @p5='?' (DbType = Double), @p6='?' (DbType = Double), @p7='?' (Size = 14), @p8='?' (Size = 14), @p9='?' (Size = 6), @p10='?' (Size = 7), @p11='?' (Size = 23), @p12='?' (Size = 24)], CommandType='"Text"', CommandTimeout='30']
INSERT INTO "Breweries" ("Id", "BreweryType", "City", "Country", "LastRefreshedUtc", "Latitude", "Longitude", "Name", "Phone", "PostalCode", "State", "Street", "WebsiteUrl")
VALUES (@p0, @p1, @p2, @p3, @p4, @p5, @p6, @p7, @p8, @p9, @p10, @p11, @p12);
2026-09-05 14:34:21.828 +05:30 [INF] Executed DbCommand (0ms) [Parameters=[@p0='?' (Size = 36), @p1='?' (Size = 7), @p2='?' (Size = 10), @p3='?' (Size = 13), @p4='?' (DbType = DateTimeOffset), @p5='?' (DbType = Double), @p6='?' (DbType = Double), @p7='?' (Size = 16), @p8='?' (Size = 14), @p9='?' (Size = 10), @p10='?' (Size = 8), @p11='?' (Size = 13), @p12='?' (Size = 26)], CommandType='"Text"', CommandTimeout='30']
INSERT INTO "Breweries" ("Id", "BreweryType", "City", "Country", "LastRefreshedUtc", "Latitude", "Longitude", "Name", "Phone", "PostalCode", "State", "Street", "WebsiteUrl")
VALUES (@p0, @p1, @p2, @p3, @p4, @p5, @p6, @p7, @p8, @p9, @p10, @p11, @p12);
2026-09-05 14:34:21.829 +05:30 [INF] Executed DbCommand (0ms) [Parameters=[@p0='?' (Size = 36), @p1='?' (Size = 7), @p2='?' (Size = 9), @p3='?' (Size = 13), @p4='?' (DbType = DateTimeOffset), @p5='?' (DbType = Double), @p6='?' (DbType = Double), @p7='?' (Size = 20), @p8='?' (Size = 14), @p9='?' (Size = 10), @p10='?' (Size = 12), @p11='?' (Size = 15), @p12='?' (Size = 27)], CommandType='"Text"', CommandTimeout='30']
INSERT INTO "Breweries" ("Id", "BreweryType", "City", "Country", "LastRefreshedUtc", "Latitude", "Longitude", "Name", "Phone", "PostalCode", "State", "Street", "WebsiteUrl")
VALUES (@p0, @p1, @p2, @p3, @p4, @p5, @p6, @p7, @p8, @p9, @p10, @p11, @p12);
2026-09-05 14:34:21.829 +05:30 [INF] Executed DbCommand (0ms) [Parameters=[@p0='?' (Size = 36), @p1='?' (Size = 7), @p2='?' (Size = 16), @p3='?' (Size = 13), @p4='?' (DbType = DateTimeOffset), @p5='?' (DbType = Double), @p6='?' (DbType = Double), @p7='?' (Size = 23), @p8='?' (Size = 14), @p9='?' (Size = 10), @p10='?' (Size = 7), @p11='?' (Size = 21), @p12='?' (Size = 29)], CommandType='"Text"', CommandTimeout='30']
INSERT INTO "Breweries" ("Id", "BreweryType", "City", "Country", "LastRefreshedUtc", "Latitude", "Longitude", "Name", "Phone", "PostalCode", "State", "Street", "WebsiteUrl")
VALUES (@p0, @p1, @p2, @p3, @p4, @p5, @p6, @p7, @p8, @p9, @p10, @p11, @p12);
2026-09-05 14:34:21.830 +05:30 [INF] Executed DbCommand (0ms) [Parameters=[@p0='?' (Size = 36), @p1='?' (Size = 7), @p2='?' (Size = 11), @p3='?' (Size = 7), @p4='?' (DbType = DateTimeOffset), @p5='?' (DbType = Double), @p6='?' (DbType = Double), @p7='?' (Size = 8), @p8='?' (Size = 16), @p9='?' (Size = 5), @p10='?' (Size = 17), @p11='?' (Size = 27), @p12='?' (Size = 43)], CommandType='"Text"', CommandTimeout='30']
INSERT INTO "Breweries" ("Id", "BreweryType", "City", "Country", "LastRefreshedUtc", "Latitude", "Longitude", "Name", "Phone", "PostalCode", "State", "Street", "WebsiteUrl")
VALUES (@p0, @p1, @p2, @p3, @p4, @p5, @p6, @p7, @p8, @p9, @p10, @p11, @p12);
2026-09-05 14:34:21.830 +05:30 [INF] Executed DbCommand (0ms) [Parameters=[@p0='?' (Size = 36), @p1='?' (Size = 5), @p2='?' (Size = 6), @p3='?' (Size = 13), @p4='?' (DbType = DateTimeOffset), @p5='?' (DbType = Double), @p6='?' (DbType = Double), @p7='?' (Size = 28), @p8='?' (Size = 14), @p9='?' (Size = 10), @p10='?' (Size = 6), @p11='?' (Size = 20), @p12='?' (Size = 29)], CommandType='"Text"', CommandTimeout='30']
INSERT INTO "Breweries" ("Id", "BreweryType", "City", "Country", "LastRefreshedUtc", "Latitude", "Longitude", "Name", "Phone", "PostalCode", "State", "Street", "WebsiteUrl")
VALUES (@p0, @p1, @p2, @p3, @p4, @p5, @p6, @p7, @p8, @p9, @p10, @p11, @p12);
2026-09-05 14:34:21.831 +05:30 [INF] Executed DbCommand (0ms) [Parameters=[@p0='?' (Size = 36), @p1='?' (Size = 7), @p2='?' (Size = 15), @p3='?' (Size = 12), @p4='?' (DbType = DateTimeOffset), @p5='?' (DbType = Double), @p6='?' (DbType = Double), @p7='?' (Size = 26), @p8='?' (Size = 15), @p9='?' (Size = 4), @p10='?' (Size = 12), @p11='?' (Size = 12), @p12='?' (Size = 31)], CommandType='"Text"', CommandTimeout='30']
INSERT INTO "Breweries" ("Id", "BreweryType", "City", "Country", "LastRefreshedUtc", "Latitude", "Longitude", "Name", "Phone", "PostalCode", "State", "Street", "WebsiteUrl")
VALUES (@p0, @p1, @p2, @p3, @p4, @p5, @p6, @p7, @p8, @p9, @p10, @p11, @p12);
2026-09-05 14:34:21.831 +05:30 [INF] Executed DbCommand (0ms) [Parameters=[@p0='?' (Size = 36), @p1='?' (Size = 5), @p2='?' (Size = 8), @p3='?' (Size = 13), @p4='?' (DbType = DateTimeOffset), @p5='?' (DbType = Double), @p6='?' (DbType = Double), @p7='?' (Size = 25), @p8='?' (Size = 14), @p9='?' (Size = 10), @p10='?' (Size = 7), @p11='?' (Size = 12), @p12='?'], CommandType='"Text"', CommandTimeout='30']
INSERT INTO "Breweries" ("Id", "BreweryType", "City", "Country", "LastRefreshedUtc", "Latitude", "Longitude", "Name", "Phone", "PostalCode", "State", "Street", "WebsiteUrl")
VALUES (@p0, @p1, @p2, @p3, @p4, @p5, @p6, @p7, @p8, @p9, @p10, @p11, @p12);
2026-09-05 14:34:21.832 +05:30 [INF] Executed DbCommand (0ms) [Parameters=[@p0='?' (Size = 36), @p1='?' (Size = 5), @p2='?' (Size = 6), @p3='?' (Size = 8), @p4='?' (DbType = DateTimeOffset), @p5='?' (DbType = Double), @p6='?' (DbType = Double), @p7='?' (Size = 10), @p8='?', @p9='?' (Size = 8), @p10='?' (Size = 4), @p11='?' (Size = 10), @p12='?'], CommandType='"Text"', CommandTimeout='30']
INSERT INTO "Breweries" ("Id", "BreweryType", "City", "Country", "LastRefreshedUtc", "Latitude", "Longitude", "Name", "Phone", "PostalCode", "State", "Street", "WebsiteUrl")
VALUES (@p0, @p1, @p2, @p3, @p4, @p5, @p6, @p7, @p8, @p9, @p10, @p11, @p12);
2026-09-05 14:34:21.832 +05:30 [INF] Executed DbCommand (0ms) [Parameters=[@p0='?' (Size = 36), @p1='?' (Size = 5), @p2='?' (Size = 6), @p3='?' (Size = 13), @p4='?' (DbType = DateTimeOffset), @p5='?' (DbType = Double), @p6='?' (DbType = Double), @p7='?' (Size = 15), @p8='?' (Size = 14), @p9='?' (Size = 10), @p10='?' (Size = 8), @p11='?' (Size = 11), @p12='?' (Size = 29)], CommandType='"Text"', CommandTimeout='30']
INSERT INTO "Breweries" ("Id", "BreweryType", "City", "Country", "LastRefreshedUtc", "Latitude", "Longitude", "Name", "Phone", "PostalCode", "State", "Street", "WebsiteUrl")
VALUES (@p0, @p1, @p2, @p3, @p4, @p5, @p6, @p7, @p8, @p9, @p10, @p11, @p12);
2026-09-05 14:34:21.833 +05:30 [INF] Executed DbCommand (0ms) [Parameters=[@p0='?' (Size = 36), @p1='?' (Size = 7), @p2='?' (Size = 10), @p3='?' (Size = 13), @p4='?' (DbType = DateTimeOffset), @p5='?' (DbType = Double), @p6='?' (DbType = Double), @p7='?' (Size = 27), @p8='?' (Size = 14), @p9='?' (Size = 10), @p10='?' (Size = 20), @p11='?' (Size = 21), @p12='?' (Size = 41)], CommandType='"Text"', CommandTimeout='30']
INSERT INTO "Breweries" ("Id", "BreweryType", "City", "Country", "LastRefreshedUtc", "Latitude", "Longitude", "Name", "Phone", "PostalCode", "State", "Street", "WebsiteUrl")
VALUES (@p0, @p1, @p2, @p3, @p4, @p5, @p6, @p7, @p8, @p9, @p10, @p11, @p12);
2026-09-05 14:34:21.833 +05:30 [INF] Executed DbCommand (0ms) [Parameters=[@p0='?' (Size = 36), @p1='?' (Size = 5), @p2='?' (Size = 11), @p3='?' (Size = 13), @p4='?' (DbType = DateTimeOffset), @p5='?' (DbType = Double), @p6='?' (DbType = Double), @p7='?' (Size = 19), @p8='?' (Size = 14), @p9='?' (Size = 10), @p10='?' (Size = 10), @p11='?' (Size = 14), @p12='?' (Size = 32)], CommandType='"Text"', CommandTimeout='30']
INSERT INTO "Breweries" ("Id", "BreweryType", "City", "Country", "LastRefreshedUtc", "Latitude", "Longitude", "Name", "Phone", "PostalCode", "State", "Street", "WebsiteUrl")
VALUES (@p0, @p1, @p2, @p3, @p4, @p5, @p6, @p7, @p8, @p9, @p10, @p11, @p12);
2026-09-05 14:34:21.834 +05:30 [INF] Executed DbCommand (0ms) [Parameters=[@p0='?' (Size = 36), @p1='?' (Size = 8), @p2='?' (Size = 12), @p3='?' (Size = 13), @p4='?' (DbType = DateTimeOffset), @p5='?' (DbType = Double), @p6='?' (DbType = Double), @p7='?' (Size = 28), @p8='?', @p9='?' (Size = 10), @p10='?' (Size = 8), @p11='?', @p12='?'], CommandType='"Text"', CommandTimeout='30']
INSERT INTO "Breweries" ("Id", "BreweryType", "City", "Country", "LastRefreshedUtc", "Latitude", "Longitude", "Name", "Phone", "PostalCode", "State", "Street", "WebsiteUrl")
VALUES (@p0, @p1, @p2, @p3, @p4, @p5, @p6, @p7, @p8, @p9, @p10, @p11, @p12);
2026-09-05 14:34:21.834 +05:30 [INF] Executed DbCommand (0ms) [Parameters=[@p0='?' (Size = 36), @p1='?' (Size = 5), @p2='?' (Size = 5), @p3='?' (Size = 13), @p4='?' (DbType = DateTimeOffset), @p5='?' (DbType = Double), @p6='?' (DbType = Double), @p7='?' (Size = 11), @p8='?' (Size = 14), @p9='?' (Size = 10), @p10='?' (Size = 9), @p11='?' (Size = 12), @p12='?' (Size = 18)], CommandType='"Text"', CommandTimeout='30']
INSERT INTO "Breweries" ("Id", "BreweryType", "City", "Country", "LastRefreshedUtc", "Latitude", "Longitude", "Name", "Phone", "PostalCode", "State", "Street", "WebsiteUrl")
VALUES (@p0, @p1, @p2, @p3, @p4, @p5, @p6, @p7, @p8, @p9, @p10, @p11, @p12);
2026-09-05 14:34:21.835 +05:30 [INF] Executed DbCommand (0ms) [Parameters=[@p0='?' (Size = 36), @p1='?' (Size = 5), @p2='?' (Size = 8), @p3='?' (Size = 13), @p4='?' (DbType = DateTimeOffset), @p5='?' (DbType = Double), @p6='?' (DbType = Double), @p7='?' (Size = 22), @p8='?', @p9='?' (Size = 10), @p10='?' (Size = 10), @p11='?' (Size = 21), @p12='?' (Size = 28)], CommandType='"Text"', CommandTimeout='30']
INSERT INTO "Breweries" ("Id", "BreweryType", "City", "Country", "LastRefreshedUtc", "Latitude", "Longitude", "Name", "Phone", "PostalCode", "State", "Street", "WebsiteUrl")
VALUES (@p0, @p1, @p2, @p3, @p4, @p5, @p6, @p7, @p8, @p9, @p10, @p11, @p12);
2026-09-05 14:34:21.835 +05:30 [INF] Executed DbCommand (0ms) [Parameters=[@p0='?' (Size = 36), @p1='?' (Size = 5), @p2='?' (Size = 9), @p3='?' (Size = 7), @p4='?' (DbType = DateTimeOffset), @p5='?' (DbType = Double), @p6='?' (DbType = Double), @p7='?' (Size = 10), @p8='?' (Size = 14), @p9='?' (Size = 4), @p10='?' (Size = 23), @p11='?' (Size = 20), @p12='?' (Size = 32)], CommandType='"Text"', CommandTimeout='30']
INSERT INTO "Breweries" ("Id", "BreweryType", "City", "Country", "LastRefreshedUtc", "Latitude", "Longitude", "Name", "Phone", "PostalCode", "State", "Street", "WebsiteUrl")
VALUES (@p0, @p1, @p2, @p3, @p4, @p5, @p6, @p7, @p8, @p9, @p10, @p11, @p12);
2026-09-05 14:34:21.837 +05:30 [INF] Executed DbCommand (0ms) [Parameters=[@p0='?' (Size = 36), @p1='?' (Size = 7), @p2='?' (Size = 12), @p3='?' (Size = 7), @p4='?' (DbType = DateTimeOffset), @p5='?' (DbType = Double), @p6='?' (DbType = Double), @p7='?' (Size = 5), @p8='?' (Size = 12), @p9='?' (Size = 5), @p10='?' (Size = 6), @p11='?' (Size = 21), @p12='?' (Size = 29)], CommandType='"Text"', CommandTimeout='30']
INSERT INTO "Breweries" ("Id", "BreweryType", "City", "Country", "LastRefreshedUtc", "Latitude", "Longitude", "Name", "Phone", "PostalCode", "State", "Street", "WebsiteUrl")
VALUES (@p0, @p1, @p2, @p3, @p4, @p5, @p6, @p7, @p8, @p9, @p10, @p11, @p12);
2026-09-05 14:34:21.837 +05:30 [INF] Executed DbCommand (0ms) [Parameters=[@p0='?' (Size = 36), @p1='?' (Size = 7), @p2='?' (Size = 6), @p3='?' (Size = 7), @p4='?' (DbType = DateTimeOffset), @p5='?' (DbType = Double), @p6='?' (DbType = Double), @p7='?' (Size = 13), @p8='?' (Size = 15), @p9='?' (Size = 5), @p10='?' (Size = 7), @p11='?' (Size = 9), @p12='?' (Size = 21)], CommandType='"Text"', CommandTimeout='30']
INSERT INTO "Breweries" ("Id", "BreweryType", "City", "Country", "LastRefreshedUtc", "Latitude", "Longitude", "Name", "Phone", "PostalCode", "State", "Street", "WebsiteUrl")
VALUES (@p0, @p1, @p2, @p3, @p4, @p5, @p6, @p7, @p8, @p9, @p10, @p11, @p12);
2026-09-05 14:34:21.838 +05:30 [INF] Executed DbCommand (0ms) [Parameters=[@p0='?' (Size = 36), @p1='?' (Size = 7), @p2='?' (Size = 7), @p3='?' (Size = 13), @p4='?' (DbType = DateTimeOffset), @p5='?' (DbType = Double), @p6='?' (DbType = Double), @p7='?' (Size = 18), @p8='?' (Size = 14), @p9='?' (Size = 5), @p10='?' (Size = 14), @p11='?' (Size = 25), @p12='?' (Size = 31)], CommandType='"Text"', CommandTimeout='30']
INSERT INTO "Breweries" ("Id", "BreweryType", "City", "Country", "LastRefreshedUtc", "Latitude", "Longitude", "Name", "Phone", "PostalCode", "State", "Street", "WebsiteUrl")
VALUES (@p0, @p1, @p2, @p3, @p4, @p5, @p6, @p7, @p8, @p9, @p10, @p11, @p12);
2026-09-05 14:34:21.839 +05:30 [INF] Executed DbCommand (0ms) [Parameters=[@p0='?' (Size = 36), @p1='?' (Size = 5), @p2='?' (Size = 5), @p3='?' (Size = 7), @p4='?' (DbType = DateTimeOffset), @p5='?' (DbType = Double), @p6='?' (DbType = Double), @p7='?' (Size = 6), @p8='?', @p9='?' (Size = 4), @p10='?' (Size = 15), @p11='?', @p12='?' (Size = 28)], CommandType='"Text"', CommandTimeout='30']
INSERT INTO "Breweries" ("Id", "BreweryType", "City", "Country", "LastRefreshedUtc", "Latitude", "Longitude", "Name", "Phone", "PostalCode", "State", "Street", "WebsiteUrl")
VALUES (@p0, @p1, @p2, @p3, @p4, @p5, @p6, @p7, @p8, @p9, @p10, @p11, @p12);
2026-09-05 14:34:21.840 +05:30 [INF] Executed DbCommand (0ms) [Parameters=[@p0='?' (Size = 36), @p1='?' (Size = 5), @p2='?' (Size = 4), @p3='?' (Size = 9), @p4='?' (DbType = DateTimeOffset), @p5='?' (DbType = Double), @p6='?' (DbType = Double), @p7='?' (Size = 25), @p8='?' (Size = 15), @p9='?' (Size = 3), @p10='?' (Size = 2), @p11='?' (Size = 15), @p12='?' (Size = 121)], CommandType='"Text"', CommandTimeout='30']
INSERT INTO "Breweries" ("Id", "BreweryType", "City", "Country", "LastRefreshedUtc", "Latitude", "Longitude", "Name", "Phone", "PostalCode", "State", "Street", "WebsiteUrl")
VALUES (@p0, @p1, @p2, @p3, @p4, @p5, @p6, @p7, @p8, @p9, @p10, @p11, @p12);
2026-09-05 14:34:21.840 +05:30 [INF] Executed DbCommand (0ms) [Parameters=[@p0='?' (Size = 36), @p1='?' (Size = 5), @p2='?' (Size = 11), @p3='?' (Size = 13), @p4='?' (DbType = DateTimeOffset), @p5='?' (DbType = Double), @p6='?' (DbType = Double), @p7='?' (Size = 17), @p8='?' (Size = 14), @p9='?' (Size = 10), @p10='?' (Size = 9), @p11='?' (Size = 16), @p12='?' (Size = 26)], CommandType='"Text"', CommandTimeout='30']
INSERT INTO "Breweries" ("Id", "BreweryType", "City", "Country", "LastRefreshedUtc", "Latitude", "Longitude", "Name", "Phone", "PostalCode", "State", "Street", "WebsiteUrl")
VALUES (@p0, @p1, @p2, @p3, @p4, @p5, @p6, @p7, @p8, @p9, @p10, @p11, @p12);
2026-09-05 14:34:21.841 +05:30 [INF] Executed DbCommand (0ms) [Parameters=[@p0='?' (Size = 36), @p1='?' (Size = 5), @p2='?' (Size = 5), @p3='?' (Size = 13), @p4='?' (DbType = DateTimeOffset), @p5='?' (DbType = Double), @p6='?' (DbType = Double), @p7='?' (Size = 16), @p8='?' (Size = 14), @p9='?' (Size = 10), @p10='?' (Size = 7), @p11='?' (Size = 19), @p12='?'], CommandType='"Text"', CommandTimeout='30']
INSERT INTO "Breweries" ("Id", "BreweryType", "City", "Country", "LastRefreshedUtc", "Latitude", "Longitude", "Name", "Phone", "PostalCode", "State", "Street", "WebsiteUrl")
VALUES (@p0, @p1, @p2, @p3, @p4, @p5, @p6, @p7, @p8, @p9, @p10, @p11, @p12);
2026-09-05 14:34:21.842 +05:30 [INF] Executed DbCommand (0ms) [Parameters=[@p0='?' (Size = 36), @p1='?' (Size = 8), @p2='?' (Size = 9), @p3='?' (Size = 13), @p4='?' (DbType = DateTimeOffset), @p5='?' (DbType = Double), @p6='?' (DbType = Double), @p7='?' (Size = 21), @p8='?', @p9='?' (Size = 5), @p10='?' (Size = 10), @p11='?', @p12='?'], CommandType='"Text"', CommandTimeout='30']
INSERT INTO "Breweries" ("Id", "BreweryType", "City", "Country", "LastRefreshedUtc", "Latitude", "Longitude", "Name", "Phone", "PostalCode", "State", "Street", "WebsiteUrl")
VALUES (@p0, @p1, @p2, @p3, @p4, @p5, @p6, @p7, @p8, @p9, @p10, @p11, @p12);
2026-09-05 14:34:21.842 +05:30 [INF] Executed DbCommand (0ms) [Parameters=[@p0='?' (Size = 36), @p1='?' (Size = 5), @p2='?' (Size = 7), @p3='?' (Size = 13), @p4='?' (DbType = DateTimeOffset), @p5='?' (DbType = Double), @p6='?' (DbType = Double), @p7='?' (Size = 12), @p8='?' (Size = 14), @p9='?' (Size = 5), @p10='?' (Size = 11), @p11='?' (Size = 20), @p12='?'], CommandType='"Text"', CommandTimeout='30']
INSERT INTO "Breweries" ("Id", "BreweryType", "City", "Country", "LastRefreshedUtc", "Latitude", "Longitude", "Name", "Phone", "PostalCode", "State", "Street", "WebsiteUrl")
VALUES (@p0, @p1, @p2, @p3, @p4, @p5, @p6, @p7, @p8, @p9, @p10, @p11, @p12);
2026-09-05 14:34:21.843 +05:30 [INF] Executed DbCommand (0ms) [Parameters=[@p0='?' (Size = 36), @p1='?' (Size = 8), @p2='?' (Size = 5), @p3='?' (Size = 13), @p4='?' (DbType = DateTimeOffset), @p5='?' (DbType = Double), @p6='?' (DbType = Double), @p7='?' (Size = 14), @p8='?', @p9='?' (Size = 10), @p10='?' (Size = 7), @p11='?', @p12='?' (Size = 28)], CommandType='"Text"', CommandTimeout='30']
INSERT INTO "Breweries" ("Id", "BreweryType", "City", "Country", "LastRefreshedUtc", "Latitude", "Longitude", "Name", "Phone", "PostalCode", "State", "Street", "WebsiteUrl")
VALUES (@p0, @p1, @p2, @p3, @p4, @p5, @p6, @p7, @p8, @p9, @p10, @p11, @p12);
2026-09-05 14:34:21.843 +05:30 [INF] Executed DbCommand (0ms) [Parameters=[@p0='?' (Size = 36), @p1='?' (Size = 7), @p2='?' (Size = 5), @p3='?' (Size = 7), @p4='?' (DbType = DateTimeOffset), @p5='?' (DbType = Double), @p6='?' (DbType = Double), @p7='?' (Size = 7), @p8='?' (Size = 12), @p9='?' (Size = 5), @p10='?' (Size = 6), @p11='?' (Size = 19), @p12='?' (Size = 26)], CommandType='"Text"', CommandTimeout='30']
INSERT INTO "Breweries" ("Id", "BreweryType", "City", "Country", "LastRefreshedUtc", "Latitude", "Longitude", "Name", "Phone", "PostalCode", "State", "Street", "WebsiteUrl")
VALUES (@p0, @p1, @p2, @p3, @p4, @p5, @p6, @p7, @p8, @p9, @p10, @p11, @p12);
2026-09-05 14:34:21.844 +05:30 [INF] Executed DbCommand (0ms) [Parameters=[@p0='?' (Size = 36), @p1='?' (Size = 5), @p2='?' (Size = 6), @p3='?' (Size = 13), @p4='?' (DbType = DateTimeOffset), @p5='?' (DbType = Double), @p6='?' (DbType = Double), @p7='?' (Size = 14), @p8='?' (Size = 14), @p9='?' (Size = 10), @p10='?' (Size = 14), @p11='?' (Size = 14), @p12='?'], CommandType='"Text"', CommandTimeout='30']
INSERT INTO "Breweries" ("Id", "BreweryType", "City", "Country", "LastRefreshedUtc", "Latitude", "Longitude", "Name", "Phone", "PostalCode", "State", "Street", "WebsiteUrl")
VALUES (@p0, @p1, @p2, @p3, @p4, @p5, @p6, @p7, @p8, @p9, @p10, @p11, @p12);
2026-09-05 14:34:21.844 +05:30 [INF] Executed DbCommand (0ms) [Parameters=[@p0='?' (Size = 36), @p1='?' (Size = 5), @p2='?' (Size = 16), @p3='?' (Size = 13), @p4='?' (DbType = DateTimeOffset), @p5='?' (DbType = Double), @p6='?' (DbType = Double), @p7='?' (Size = 26), @p8='?' (Size = 14), @p9='?' (Size = 10), @p10='?' (Size = 10), @p11='?' (Size = 25), @p12='?' (Size = 20)], CommandType='"Text"', CommandTimeout='30']
INSERT INTO "Breweries" ("Id", "BreweryType", "City", "Country", "LastRefreshedUtc", "Latitude", "Longitude", "Name", "Phone", "PostalCode", "State", "Street", "WebsiteUrl")
VALUES (@p0, @p1, @p2, @p3, @p4, @p5, @p6, @p7, @p8, @p9, @p10, @p11, @p12);
2026-09-05 14:34:21.845 +05:30 [INF] Executed DbCommand (0ms) [Parameters=[@p0='?' (Size = 36), @p1='?' (Size = 7), @p2='?' (Size = 7), @p3='?' (Size = 13), @p4='?' (DbType = DateTimeOffset), @p5='?' (DbType = Double), @p6='?' (DbType = Double), @p7='?' (Size = 35), @p8='?' (Size = 14), @p9='?' (Size = 10), @p10='?' (Size = 10), @p11='?' (Size = 14), @p12='?' (Size = 28)], CommandType='"Text"', CommandTimeout='30']
INSERT INTO "Breweries" ("Id", "BreweryType", "City", "Country", "LastRefreshedUtc", "Latitude", "Longitude", "Name", "Phone", "PostalCode", "State", "Street", "WebsiteUrl")
VALUES (@p0, @p1, @p2, @p3, @p4, @p5, @p6, @p7, @p8, @p9, @p10, @p11, @p12);
2026-09-05 14:34:21.845 +05:30 [INF] Executed DbCommand (0ms) [Parameters=[@p0='?' (Size = 36), @p1='?' (Size = 5), @p2='?' (Size = 9), @p3='?' (Size = 7), @p4='?' (DbType = DateTimeOffset), @p5='?' (DbType = Double), @p6='?' (DbType = Double), @p7='?' (Size = 12), @p8='?', @p9='?' (Size = 4), @p10='?' (Size = 23), @p11='?' (Size = 24), @p12='?' (Size = 44)], CommandType='"Text"', CommandTimeout='30']
INSERT INTO "Breweries" ("Id", "BreweryType", "City", "Country", "LastRefreshedUtc", "Latitude", "Longitude", "Name", "Phone", "PostalCode", "State", "Street", "WebsiteUrl")
VALUES (@p0, @p1, @p2, @p3, @p4, @p5, @p6, @p7, @p8, @p9, @p10, @p11, @p12);
2026-09-05 14:34:21.846 +05:30 [INF] Executed DbCommand (0ms) [Parameters=[@p0='?' (Size = 36), @p1='?' (Size = 7), @p2='?' (Size = 13), @p3='?' (Size = 13), @p4='?' (DbType = DateTimeOffset), @p5='?' (DbType = Double), @p6='?' (DbType = Double), @p7='?' (Size = 13), @p8='?' (Size = 14), @p9='?' (Size = 10), @p10='?' (Size = 10), @p11='?' (Size = 15), @p12='?' (Size = 27)], CommandType='"Text"', CommandTimeout='30']
INSERT INTO "Breweries" ("Id", "BreweryType", "City", "Country", "LastRefreshedUtc", "Latitude", "Longitude", "Name", "Phone", "PostalCode", "State", "Street", "WebsiteUrl")
VALUES (@p0, @p1, @p2, @p3, @p4, @p5, @p6, @p7, @p8, @p9, @p10, @p11, @p12);
2026-09-05 14:34:21.846 +05:30 [INF] Executed DbCommand (0ms) [Parameters=[@p0='?' (Size = 36), @p1='?' (Size = 5), @p2='?' (Size = 14), @p3='?' (Size = 13), @p4='?' (DbType = DateTimeOffset), @p5='?' (DbType = Double), @p6='?' (DbType = Double), @p7='?' (Size = 32), @p8='?' (Size = 14), @p9='?' (Size = 10), @p10='?' (Size = 5), @p11='?' (Size = 22), @p12='?' (Size = 27)], CommandType='"Text"', CommandTimeout='30']
INSERT INTO "Breweries" ("Id", "BreweryType", "City", "Country", "LastRefreshedUtc", "Latitude", "Longitude", "Name", "Phone", "PostalCode", "State", "Street", "WebsiteUrl")
VALUES (@p0, @p1, @p2, @p3, @p4, @p5, @p6, @p7, @p8, @p9, @p10, @p11, @p12);
2026-09-05 14:34:21.846 +05:30 [INF] Executed DbCommand (0ms) [Parameters=[@p0='?' (Size = 36), @p1='?' (Size = 7), @p2='?' (Size = 10), @p3='?' (Size = 13), @p4='?' (DbType = DateTimeOffset), @p5='?' (DbType = Double), @p6='?' (DbType = Double), @p7='?' (Size = 35), @p8='?' (Size = 14), @p9='?' (Size = 10), @p10='?' (Size = 12), @p11='?' (Size = 15), @p12='?' (Size = 22)], CommandType='"Text"', CommandTimeout='30']
INSERT INTO "Breweries" ("Id", "BreweryType", "City", "Country", "LastRefreshedUtc", "Latitude", "Longitude", "Name", "Phone", "PostalCode", "State", "Street", "WebsiteUrl")
VALUES (@p0, @p1, @p2, @p3, @p4, @p5, @p6, @p7, @p8, @p9, @p10, @p11, @p12);
2026-09-05 14:34:21.847 +05:30 [INF] Executed DbCommand (0ms) [Parameters=[@p0='?' (Size = 36), @p1='?' (Size = 5), @p2='?' (Size = 11), @p3='?' (Size = 6), @p4='?' (DbType = DateTimeOffset), @p5='?' (DbType = Double), @p6='?' (DbType = Double), @p7='?' (Size = 21), @p8='?', @p9='?' (Size = 7), @p10='?' (Size = 7), @p11='?' (Size = 15), @p12='?' (Size = 27)], CommandType='"Text"', CommandTimeout='30']
INSERT INTO "Breweries" ("Id", "BreweryType", "City", "Country", "LastRefreshedUtc", "Latitude", "Longitude", "Name", "Phone", "PostalCode", "State", "Street", "WebsiteUrl")
VALUES (@p0, @p1, @p2, @p3, @p4, @p5, @p6, @p7, @p8, @p9, @p10, @p11, @p12);
2026-09-05 14:34:21.848 +05:30 [INF] Executed DbCommand (0ms) [Parameters=[@p0='?' (Size = 36), @p1='?' (Size = 7), @p2='?' (Size = 6), @p3='?' (Size = 13), @p4='?' (DbType = DateTimeOffset), @p5='?' (DbType = Double), @p6='?' (DbType = Double), @p7='?' (Size = 20), @p8='?' (Size = 14), @p9='?' (Size = 5), @p10='?' (Size = 8), @p11='?' (Size = 19), @p12='?' (Size = 30)], CommandType='"Text"', CommandTimeout='30']
INSERT INTO "Breweries" ("Id", "BreweryType", "City", "Country", "LastRefreshedUtc", "Latitude", "Longitude", "Name", "Phone", "PostalCode", "State", "Street", "WebsiteUrl")
VALUES (@p0, @p1, @p2, @p3, @p4, @p5, @p6, @p7, @p8, @p9, @p10, @p11, @p12);
2026-09-05 14:34:21.848 +05:30 [INF] Executed DbCommand (0ms) [Parameters=[@p0='?' (Size = 36), @p1='?' (Size = 8), @p2='?' (Size = 10), @p3='?' (Size = 13), @p4='?' (DbType = DateTimeOffset), @p5='?' (DbType = Double), @p6='?' (DbType = Double), @p7='?' (Size = 17), @p8='?' (Size = 14), @p9='?' (Size = 10), @p10='?' (Size = 20), @p11='?' (Size = 10), @p12='?' (Size = 24)], CommandType='"Text"', CommandTimeout='30']
INSERT INTO "Breweries" ("Id", "BreweryType", "City", "Country", "LastRefreshedUtc", "Latitude", "Longitude", "Name", "Phone", "PostalCode", "State", "Street", "WebsiteUrl")
VALUES (@p0, @p1, @p2, @p3, @p4, @p5, @p6, @p7, @p8, @p9, @p10, @p11, @p12);
2026-09-05 14:34:21.849 +05:30 [INF] Executed DbCommand (0ms) [Parameters=[@p0='?' (Size = 36), @p1='?' (Size = 7), @p2='?' (Size = 6), @p3='?' (Size = 12), @p4='?' (DbType = DateTimeOffset), @p5='?' (DbType = Double), @p6='?' (DbType = Double), @p7='?' (Size = 26), @p8='?' (Size = 15), @p9='?' (Size = 4), @p10='?' (Size = 13), @p11='?' (Size = 17), @p12='?' (Size = 38)], CommandType='"Text"', CommandTimeout='30']
INSERT INTO "Breweries" ("Id", "BreweryType", "City", "Country", "LastRefreshedUtc", "Latitude", "Longitude", "Name", "Phone", "PostalCode", "State", "Street", "WebsiteUrl")
VALUES (@p0, @p1, @p2, @p3, @p4, @p5, @p6, @p7, @p8, @p9, @p10, @p11, @p12);
2026-09-05 14:34:21.849 +05:30 [INF] Executed DbCommand (0ms) [Parameters=[@p0='?' (Size = 36), @p1='?' (Size = 7), @p2='?' (Size = 12), @p3='?' (Size = 7), @p4='?' (DbType = DateTimeOffset), @p5='?' (DbType = Double), @p6='?' (DbType = Double), @p7='?' (Size = 22), @p8='?' (Size = 15), @p9='?' (Size = 5), @p10='?' (Size = 6), @p11='?' (Size = 18), @p12='?' (Size = 38)], CommandType='"Text"', CommandTimeout='30']
INSERT INTO "Breweries" ("Id", "BreweryType", "City", "Country", "LastRefreshedUtc", "Latitude", "Longitude", "Name", "Phone", "PostalCode", "State", "Street", "WebsiteUrl")
VALUES (@p0, @p1, @p2, @p3, @p4, @p5, @p6, @p7, @p8, @p9, @p10, @p11, @p12);
2026-09-05 14:34:21.850 +05:30 [INF] Executed DbCommand (0ms) [Parameters=[@p0='?' (Size = 36), @p1='?' (Size = 5), @p2='?' (Size = 8), @p3='?' (Size = 13), @p4='?' (DbType = DateTimeOffset), @p5='?' (DbType = Double), @p6='?' (DbType = Double), @p7='?' (Size = 22), @p8='?' (Size = 14), @p9='?' (Size = 10), @p10='?' (Size = 8), @p11='?' (Size = 23), @p12='?' (Size = 34)], CommandType='"Text"', CommandTimeout='30']
INSERT INTO "Breweries" ("Id", "BreweryType", "City", "Country", "LastRefreshedUtc", "Latitude", "Longitude", "Name", "Phone", "PostalCode", "State", "Street", "WebsiteUrl")
VALUES (@p0, @p1, @p2, @p3, @p4, @p5, @p6, @p7, @p8, @p9, @p10, @p11, @p12);
2026-09-05 14:34:21.850 +05:30 [INF] Executed DbCommand (0ms) [Parameters=[@p0='?' (Size = 36), @p1='?' (Size = 5), @p2='?' (Size = 6), @p3='?' (Size = 13), @p4='?' (DbType = DateTimeOffset), @p5='?' (DbType = Double), @p6='?' (DbType = Double), @p7='?' (Size = 17), @p8='?' (Size = 14), @p9='?' (Size = 10), @p10='?' (Size = 10), @p11='?' (Size = 10), @p12='?' (Size = 35)], CommandType='"Text"', CommandTimeout='30']
INSERT INTO "Breweries" ("Id", "BreweryType", "City", "Country", "LastRefreshedUtc", "Latitude", "Longitude", "Name", "Phone", "PostalCode", "State", "Street", "WebsiteUrl")
VALUES (@p0, @p1, @p2, @p3, @p4, @p5, @p6, @p7, @p8, @p9, @p10, @p11, @p12);
2026-09-05 14:34:21.851 +05:30 [INF] Executed DbCommand (0ms) [Parameters=[@p0='?' (Size = 36), @p1='?' (Size = 5), @p2='?' (Size = 9), @p3='?' (Size = 13), @p4='?' (DbType = DateTimeOffset), @p5='?' (DbType = Double), @p6='?' (DbType = Double), @p7='?' (Size = 25), @p8='?' (Size = 14), @p9='?' (Size = 10), @p10='?' (Size = 5), @p11='?' (Size = 11), @p12='?' (Size = 37)], CommandType='"Text"', CommandTimeout='30']
INSERT INTO "Breweries" ("Id", "BreweryType", "City", "Country", "LastRefreshedUtc", "Latitude", "Longitude", "Name", "Phone", "PostalCode", "State", "Street", "WebsiteUrl")
VALUES (@p0, @p1, @p2, @p3, @p4, @p5, @p6, @p7, @p8, @p9, @p10, @p11, @p12);
2026-09-05 14:34:21.851 +05:30 [INF] Executed DbCommand (0ms) [Parameters=[@p0='?' (Size = 36), @p1='?' (Size = 7), @p2='?' (Size = 7), @p3='?' (Size = 13), @p4='?' (DbType = DateTimeOffset), @p5='?' (DbType = Double), @p6='?' (DbType = Double), @p7='?' (Size = 24), @p8='?' (Size = 14), @p9='?' (Size = 10), @p10='?' (Size = 8), @p11='?' (Size = 13), @p12='?' (Size = 22)], CommandType='"Text"', CommandTimeout='30']
INSERT INTO "Breweries" ("Id", "BreweryType", "City", "Country", "LastRefreshedUtc", "Latitude", "Longitude", "Name", "Phone", "PostalCode", "State", "Street", "WebsiteUrl")
VALUES (@p0, @p1, @p2, @p3, @p4, @p5, @p6, @p7, @p8, @p9, @p10, @p11, @p12);
2026-09-05 14:34:21.852 +05:30 [INF] Executed DbCommand (0ms) [Parameters=[@p0='?' (Size = 36), @p1='?' (Size = 10), @p2='?' (Size = 6), @p3='?' (Size = 13), @p4='?' (DbType = DateTimeOffset), @p5='?' (DbType = Double), @p6='?' (DbType = Double), @p7='?' (Size = 20), @p8='?' (Size = 14), @p9='?' (Size = 10), @p10='?' (Size = 8), @p11='?' (Size = 14), @p12='?' (Size = 26)], CommandType='"Text"', CommandTimeout='30']
INSERT INTO "Breweries" ("Id", "BreweryType", "City", "Country", "LastRefreshedUtc", "Latitude", "Longitude", "Name", "Phone", "PostalCode", "State", "Street", "WebsiteUrl")
VALUES (@p0, @p1, @p2, @p3, @p4, @p5, @p6, @p7, @p8, @p9, @p10, @p11, @p12);
2026-09-05 14:34:21.852 +05:30 [INF] Executed DbCommand (0ms) [Parameters=[@p0='?' (Size = 36), @p1='?' (Size = 5), @p2='?' (Size = 7), @p3='?' (Size = 6), @p4='?' (DbType = DateTimeOffset), @p5='?' (DbType = Double), @p6='?' (DbType = Double), @p7='?' (Size = 8), @p8='?' (Size = 14), @p9='?' (Size = 6), @p10='?' (Size = 7), @p11='?' (Size = 22), @p12='?' (Size = 20)], CommandType='"Text"', CommandTimeout='30']
INSERT INTO "Breweries" ("Id", "BreweryType", "City", "Country", "LastRefreshedUtc", "Latitude", "Longitude", "Name", "Phone", "PostalCode", "State", "Street", "WebsiteUrl")
VALUES (@p0, @p1, @p2, @p3, @p4, @p5, @p6, @p7, @p8, @p9, @p10, @p11, @p12);
2026-09-05 14:34:21.853 +05:30 [INF] Executed DbCommand (0ms) [Parameters=[@p0='?' (Size = 36), @p1='?' (Size = 5), @p2='?' (Size = 7), @p3='?' (Size = 13), @p4='?' (DbType = DateTimeOffset), @p5='?' (DbType = Double), @p6='?' (DbType = Double), @p7='?' (Size = 24), @p8='?' (Size = 14), @p9='?' (Size = 10), @p10='?' (Size = 8), @p11='?' (Size = 14), @p12='?' (Size = 29)], CommandType='"Text"', CommandTimeout='30']
INSERT INTO "Breweries" ("Id", "BreweryType", "City", "Country", "LastRefreshedUtc", "Latitude", "Longitude", "Name", "Phone", "PostalCode", "State", "Street", "WebsiteUrl")
VALUES (@p0, @p1, @p2, @p3, @p4, @p5, @p6, @p7, @p8, @p9, @p10, @p11, @p12);
2026-09-05 14:34:21.854 +05:30 [INF] Executed DbCommand (0ms) [Parameters=[@p0='?' (Size = 36), @p1='?' (Size = 7), @p2='?' (Size = 6), @p3='?' (Size = 13), @p4='?' (DbType = DateTimeOffset), @p5='?' (DbType = Double), @p6='?' (DbType = Double), @p7='?' (Size = 32), @p8='?' (Size = 14), @p9='?' (Size = 5), @p10='?' (Size = 8), @p11='?' (Size = 17), @p12='?' (Size = 30)], CommandType='"Text"', CommandTimeout='30']
INSERT INTO "Breweries" ("Id", "BreweryType", "City", "Country", "LastRefreshedUtc", "Latitude", "Longitude", "Name", "Phone", "PostalCode", "State", "Street", "WebsiteUrl")
VALUES (@p0, @p1, @p2, @p3, @p4, @p5, @p6, @p7, @p8, @p9, @p10, @p11, @p12);
2026-09-05 14:34:21.855 +05:30 [INF] Executed DbCommand (0ms) [Parameters=[@p0='?' (Size = 36), @p1='?' (Size = 8), @p2='?' (Size = 12), @p3='?' (Size = 13), @p4='?' (DbType = DateTimeOffset), @p5='?' (DbType = Double), @p6='?' (DbType = Double), @p7='?' (Size = 22), @p8='?', @p9='?' (Size = 10), @p10='?' (Size = 12), @p11='?' (Size = 22), @p12='?' (Size = 29)], CommandType='"Text"', CommandTimeout='30']
INSERT INTO "Breweries" ("Id", "BreweryType", "City", "Country", "LastRefreshedUtc", "Latitude", "Longitude", "Name", "Phone", "PostalCode", "State", "Street", "WebsiteUrl")
VALUES (@p0, @p1, @p2, @p3, @p4, @p5, @p6, @p7, @p8, @p9, @p10, @p11, @p12);
2026-09-05 14:34:21.860 +05:30 [INF] Executed DbCommand (0ms) [Parameters=[@p0='?' (Size = 36), @p1='?' (Size = 8), @p2='?' (Size = 8), @p3='?' (Size = 13), @p4='?' (DbType = DateTimeOffset), @p5='?' (DbType = Double), @p6='?' (DbType = Double), @p7='?' (Size = 16), @p8='?' (Size = 14), @p9='?' (Size = 10), @p10='?' (Size = 6), @p11='?', @p12='?' (Size = 32)], CommandType='"Text"', CommandTimeout='30']
INSERT INTO "Breweries" ("Id", "BreweryType", "City", "Country", "LastRefreshedUtc", "Latitude", "Longitude", "Name", "Phone", "PostalCode", "State", "Street", "WebsiteUrl")
VALUES (@p0, @p1, @p2, @p3, @p4, @p5, @p6, @p7, @p8, @p9, @p10, @p11, @p12);
2026-09-05 14:34:21.861 +05:30 [INF] Executed DbCommand (0ms) [Parameters=[@p0='?' (Size = 36), @p1='?' (Size = 5), @p2='?' (Size = 8), @p3='?' (Size = 13), @p4='?' (DbType = DateTimeOffset), @p5='?' (DbType = Double), @p6='?' (DbType = Double), @p7='?' (Size = 14), @p8='?' (Size = 14), @p9='?' (Size = 10), @p10='?' (Size = 6), @p11='?' (Size = 16), @p12='?' (Size = 31)], CommandType='"Text"', CommandTimeout='30']
INSERT INTO "Breweries" ("Id", "BreweryType", "City", "Country", "LastRefreshedUtc", "Latitude", "Longitude", "Name", "Phone", "PostalCode", "State", "Street", "WebsiteUrl")
VALUES (@p0, @p1, @p2, @p3, @p4, @p5, @p6, @p7, @p8, @p9, @p10, @p11, @p12);
2026-09-05 14:34:21.862 +05:30 [INF] Executed DbCommand (0ms) [Parameters=[@p0='?' (Size = 36), @p1='?' (Size = 5), @p2='?' (Size = 7), @p3='?' (Size = 13), @p4='?' (DbType = DateTimeOffset), @p5='?' (DbType = Double), @p6='?' (DbType = Double), @p7='?' (Size = 11), @p8='?' (Size = 14), @p9='?' (Size = 10), @p10='?' (Size = 10), @p11='?' (Size = 16), @p12='?' (Size = 25)], CommandType='"Text"', CommandTimeout='30']
INSERT INTO "Breweries" ("Id", "BreweryType", "City", "Country", "LastRefreshedUtc", "Latitude", "Longitude", "Name", "Phone", "PostalCode", "State", "Street", "WebsiteUrl")
VALUES (@p0, @p1, @p2, @p3, @p4, @p5, @p6, @p7, @p8, @p9, @p10, @p11, @p12);
2026-09-05 14:34:21.863 +05:30 [INF] Executed DbCommand (0ms) [Parameters=[@p0='?' (Size = 36), @p1='?' (Size = 5), @p2='?' (Size = 8), @p3='?' (Size = 12), @p4='?' (DbType = DateTimeOffset), @p5='?' (DbType = Double), @p6='?' (DbType = Double), @p7='?' (Size = 16), @p8='?' (Size = 15), @p9='?' (Size = 4), @p10='?' (Size = 13), @p11='?' (Size = 16), @p12='?'], CommandType='"Text"', CommandTimeout='30']
INSERT INTO "Breweries" ("Id", "BreweryType", "City", "Country", "LastRefreshedUtc", "Latitude", "Longitude", "Name", "Phone", "PostalCode", "State", "Street", "WebsiteUrl")
VALUES (@p0, @p1, @p2, @p3, @p4, @p5, @p6, @p7, @p8, @p9, @p10, @p11, @p12);
2026-09-05 14:34:21.863 +05:30 [INF] Executed DbCommand (0ms) [Parameters=[@p0='?' (Size = 36), @p1='?' (Size = 7), @p2='?' (Size = 4), @p3='?' (Size = 13), @p4='?' (DbType = DateTimeOffset), @p5='?' (DbType = Double), @p6='?' (DbType = Double), @p7='?' (Size = 15), @p8='?' (Size = 14), @p9='?' (Size = 10), @p10='?' (Size = 8), @p11='?' (Size = 17), @p12='?' (Size = 26)], CommandType='"Text"', CommandTimeout='30']
INSERT INTO "Breweries" ("Id", "BreweryType", "City", "Country", "LastRefreshedUtc", "Latitude", "Longitude", "Name", "Phone", "PostalCode", "State", "Street", "WebsiteUrl")
VALUES (@p0, @p1, @p2, @p3, @p4, @p5, @p6, @p7, @p8, @p9, @p10, @p11, @p12);
2026-09-05 14:34:21.864 +05:30 [INF] Executed DbCommand (0ms) [Parameters=[@p0='?' (Size = 36), @p1='?' (Size = 7), @p2='?' (Size = 6), @p3='?' (Size = 13), @p4='?' (DbType = DateTimeOffset), @p5='?' (DbType = Double), @p6='?' (DbType = Double), @p7='?' (Size = 22), @p8='?' (Size = 14), @p9='?' (Size = 10), @p10='?' (Size = 7), @p11='?' (Size = 12), @p12='?' (Size = 29)], CommandType='"Text"', CommandTimeout='30']
INSERT INTO "Breweries" ("Id", "BreweryType", "City", "Country", "LastRefreshedUtc", "Latitude", "Longitude", "Name", "Phone", "PostalCode", "State", "Street", "WebsiteUrl")
VALUES (@p0, @p1, @p2, @p3, @p4, @p5, @p6, @p7, @p8, @p9, @p10, @p11, @p12);
2026-09-05 14:34:21.864 +05:30 [INF] Executed DbCommand (0ms) [Parameters=[@p0='?' (Size = 36), @p1='?' (Size = 7), @p2='?' (Size = 9), @p3='?' (Size = 13), @p4='?' (DbType = DateTimeOffset), @p5='?' (DbType = Double), @p6='?' (DbType = Double), @p7='?' (Size = 21), @p8='?' (Size = 14), @p9='?' (Size = 10), @p10='?' (Size = 10), @p11='?' (Size = 22), @p12='?' (Size = 27)], CommandType='"Text"', CommandTimeout='30']
INSERT INTO "Breweries" ("Id", "BreweryType", "City", "Country", "LastRefreshedUtc", "Latitude", "Longitude", "Name", "Phone", "PostalCode", "State", "Street", "WebsiteUrl")
VALUES (@p0, @p1, @p2, @p3, @p4, @p5, @p6, @p7, @p8, @p9, @p10, @p11, @p12);
2026-09-05 14:34:21.865 +05:30 [INF] Executed DbCommand (0ms) [Parameters=[@p0='?' (Size = 36), @p1='?' (Size = 5), @p2='?' (Size = 9), @p3='?' (Size = 13), @p4='?' (DbType = DateTimeOffset), @p5='?' (DbType = Double), @p6='?' (DbType = Double), @p7='?' (Size = 21), @p8='?' (Size = 14), @p9='?' (Size = 10), @p10='?' (Size = 10), @p11='?' (Size = 23), @p12='?' (Size = 22)], CommandType='"Text"', CommandTimeout='30']
INSERT INTO "Breweries" ("Id", "BreweryType", "City", "Country", "LastRefreshedUtc", "Latitude", "Longitude", "Name", "Phone", "PostalCode", "State", "Street", "WebsiteUrl")
VALUES (@p0, @p1, @p2, @p3, @p4, @p5, @p6, @p7, @p8, @p9, @p10, @p11, @p12);
2026-09-05 14:34:21.865 +05:30 [INF] Executed DbCommand (0ms) [Parameters=[@p0='?' (Size = 36), @p1='?' (Size = 5), @p2='?' (Size = 14), @p3='?' (Size = 13), @p4='?' (DbType = DateTimeOffset), @p5='?' (DbType = Double), @p6='?' (DbType = Double), @p7='?' (Size = 23), @p8='?' (Size = 14), @p9='?' (Size = 10), @p10='?' (Size = 7), @p11='?' (Size = 17), @p12='?' (Size = 37)], CommandType='"Text"', CommandTimeout='30']
INSERT INTO "Breweries" ("Id", "BreweryType", "City", "Country", "LastRefreshedUtc", "Latitude", "Longitude", "Name", "Phone", "PostalCode", "State", "Street", "WebsiteUrl")
VALUES (@p0, @p1, @p2, @p3, @p4, @p5, @p6, @p7, @p8, @p9, @p10, @p11, @p12);
2026-09-05 14:34:21.866 +05:30 [INF] Executed DbCommand (0ms) [Parameters=[@p0='?' (Size = 36), @p1='?' (Size = 5), @p2='?' (Size = 14), @p3='?' (Size = 13), @p4='?' (DbType = DateTimeOffset), @p5='?' (DbType = Double), @p6='?' (DbType = Double), @p7='?' (Size = 30), @p8='?' (Size = 14), @p9='?' (Size = 10), @p10='?' (Size = 7), @p11='?' (Size = 25), @p12='?' (Size = 42)], CommandType='"Text"', CommandTimeout='30']
INSERT INTO "Breweries" ("Id", "BreweryType", "City", "Country", "LastRefreshedUtc", "Latitude", "Longitude", "Name", "Phone", "PostalCode", "State", "Street", "WebsiteUrl")
VALUES (@p0, @p1, @p2, @p3, @p4, @p5, @p6, @p7, @p8, @p9, @p10, @p11, @p12);
2026-09-05 14:34:21.866 +05:30 [INF] Executed DbCommand (0ms) [Parameters=[@p0='?' (Size = 36), @p1='?' (Size = 5), @p2='?' (Size = 9), @p3='?' (Size = 13), @p4='?' (DbType = DateTimeOffset), @p5='?' (DbType = Double), @p6='?' (DbType = Double), @p7='?' (Size = 28), @p8='?' (Size = 14), @p9='?' (Size = 10), @p10='?' (Size = 14), @p11='?' (Size = 25), @p12='?' (Size = 30)], CommandType='"Text"', CommandTimeout='30']
INSERT INTO "Breweries" ("Id", "BreweryType", "City", "Country", "LastRefreshedUtc", "Latitude", "Longitude", "Name", "Phone", "PostalCode", "State", "Street", "WebsiteUrl")
VALUES (@p0, @p1, @p2, @p3, @p4, @p5, @p6, @p7, @p8, @p9, @p10, @p11, @p12);
2026-09-05 14:34:21.867 +05:30 [INF] Executed DbCommand (0ms) [Parameters=[@p0='?' (Size = 36), @p1='?' (Size = 5), @p2='?' (Size = 9), @p3='?' (Size = 13), @p4='?' (DbType = DateTimeOffset), @p5='?' (DbType = Double), @p6='?' (DbType = Double), @p7='?' (Size = 15), @p8='?' (Size = 14), @p9='?' (Size = 10), @p10='?' (Size = 8), @p11='?' (Size = 17), @p12='?' (Size = 28)], CommandType='"Text"', CommandTimeout='30']
INSERT INTO "Breweries" ("Id", "BreweryType", "City", "Country", "LastRefreshedUtc", "Latitude", "Longitude", "Name", "Phone", "PostalCode", "State", "Street", "WebsiteUrl")
VALUES (@p0, @p1, @p2, @p3, @p4, @p5, @p6, @p7, @p8, @p9, @p10, @p11, @p12);
2026-09-05 14:34:21.867 +05:30 [INF] Executed DbCommand (0ms) [Parameters=[@p0='?' (Size = 36), @p1='?' (Size = 5), @p2='?' (Size = 10), @p3='?' (Size = 13), @p4='?' (DbType = DateTimeOffset), @p5='?' (DbType = Double), @p6='?' (DbType = Double), @p7='?' (Size = 23), @p8='?' (Size = 14), @p9='?' (Size = 10), @p10='?' (Size = 7), @p11='?' (Size = 23), @p12='?' (Size = 28)], CommandType='"Text"', CommandTimeout='30']
INSERT INTO "Breweries" ("Id", "BreweryType", "City", "Country", "LastRefreshedUtc", "Latitude", "Longitude", "Name", "Phone", "PostalCode", "State", "Street", "WebsiteUrl")
VALUES (@p0, @p1, @p2, @p3, @p4, @p5, @p6, @p7, @p8, @p9, @p10, @p11, @p12);
2026-09-05 14:34:21.868 +05:30 [INF] Executed DbCommand (0ms) [Parameters=[@p0='?' (Size = 36), @p1='?' (Size = 6), @p2='?' (Size = 12), @p3='?' (Size = 7), @p4='?' (DbType = DateTimeOffset), @p5='?' (DbType = Double), @p6='?' (DbType = Double), @p7='?' (Size = 7), @p8='?' (Size = 12), @p9='?' (Size = 5), @p10='?' (Size = 6), @p11='?' (Size = 16), @p12='?' (Size = 29)], CommandType='"Text"', CommandTimeout='30']
INSERT INTO "Breweries" ("Id", "BreweryType", "City", "Country", "LastRefreshedUtc", "Latitude", "Longitude", "Name", "Phone", "PostalCode", "State", "Street", "WebsiteUrl")
VALUES (@p0, @p1, @p2, @p3, @p4, @p5, @p6, @p7, @p8, @p9, @p10, @p11, @p12);
2026-09-05 14:34:21.868 +05:30 [INF] Executed DbCommand (0ms) [Parameters=[@p0='?' (Size = 36), @p1='?' (Size = 5), @p2='?' (Size = 9), @p3='?' (Size = 13), @p4='?' (DbType = DateTimeOffset), @p5='?' (DbType = Double), @p6='?' (DbType = Double), @p7='?' (Size = 18), @p8='?', @p9='?' (Size = 6), @p10='?' (Size = 9), @p11='?' (Size = 17), @p12='?' (Size = 31)], CommandType='"Text"', CommandTimeout='30']
INSERT INTO "Breweries" ("Id", "BreweryType", "City", "Country", "LastRefreshedUtc", "Latitude", "Longitude", "Name", "Phone", "PostalCode", "State", "Street", "WebsiteUrl")
VALUES (@p0, @p1, @p2, @p3, @p4, @p5, @p6, @p7, @p8, @p9, @p10, @p11, @p12);
2026-09-05 14:34:21.869 +05:30 [INF] Executed DbCommand (0ms) [Parameters=[@p0='?' (Size = 36), @p1='?' (Size = 6), @p2='?' (Size = 9), @p3='?' (Size = 13), @p4='?' (DbType = DateTimeOffset), @p5='?' (DbType = Double), @p6='?' (DbType = Double), @p7='?' (Size = 23), @p8='?' (Size = 14), @p9='?' (Size = 10), @p10='?' (Size = 10), @p11='?' (Size = 12), @p12='?' (Size = 36)], CommandType='"Text"', CommandTimeout='30']
INSERT INTO "Breweries" ("Id", "BreweryType", "City", "Country", "LastRefreshedUtc", "Latitude", "Longitude", "Name", "Phone", "PostalCode", "State", "Street", "WebsiteUrl")
VALUES (@p0, @p1, @p2, @p3, @p4, @p5, @p6, @p7, @p8, @p9, @p10, @p11, @p12);
2026-09-05 14:34:21.869 +05:30 [INF] Executed DbCommand (0ms) [Parameters=[@p0='?' (Size = 36), @p1='?' (Size = 5), @p2='?' (Size = 6), @p3='?' (Size = 13), @p4='?' (DbType = DateTimeOffset), @p5='?' (DbType = Double), @p6='?' (DbType = Double), @p7='?' (Size = 12), @p8='?' (Size = 14), @p9='?' (Size = 10), @p10='?' (Size = 7), @p11='?' (Size = 26), @p12='?' (Size = 26)], CommandType='"Text"', CommandTimeout='30']
INSERT INTO "Breweries" ("Id", "BreweryType", "City", "Country", "LastRefreshedUtc", "Latitude", "Longitude", "Name", "Phone", "PostalCode", "State", "Street", "WebsiteUrl")
VALUES (@p0, @p1, @p2, @p3, @p4, @p5, @p6, @p7, @p8, @p9, @p10, @p11, @p12);
2026-09-05 14:34:21.870 +05:30 [INF] Executed DbCommand (0ms) [Parameters=[@p0='?' (Size = 36), @p1='?' (Size = 5), @p2='?' (Size = 12), @p3='?' (Size = 13), @p4='?' (DbType = DateTimeOffset), @p5='?' (DbType = Double), @p6='?' (DbType = Double), @p7='?' (Size = 18), @p8='?' (Size = 14), @p9='?' (Size = 10), @p10='?' (Size = 7), @p11='?' (Size = 21), @p12='?' (Size = 31)], CommandType='"Text"', CommandTimeout='30']
INSERT INTO "Breweries" ("Id", "BreweryType", "City", "Country", "LastRefreshedUtc", "Latitude", "Longitude", "Name", "Phone", "PostalCode", "State", "Street", "WebsiteUrl")
VALUES (@p0, @p1, @p2, @p3, @p4, @p5, @p6, @p7, @p8, @p9, @p10, @p11, @p12);
2026-09-05 14:34:21.870 +05:30 [INF] Executed DbCommand (0ms) [Parameters=[@p0='?' (Size = 36), @p1='?' (Size = 7), @p2='?' (Size = 7), @p3='?' (Size = 13), @p4='?' (DbType = DateTimeOffset), @p5='?' (DbType = Double), @p6='?' (DbType = Double), @p7='?' (Size = 18), @p8='?' (Size = 14), @p9='?' (Size = 10), @p10='?' (Size = 8), @p11='?' (Size = 15), @p12='?' (Size = 31)], CommandType='"Text"', CommandTimeout='30']
INSERT INTO "Breweries" ("Id", "BreweryType", "City", "Country", "LastRefreshedUtc", "Latitude", "Longitude", "Name", "Phone", "PostalCode", "State", "Street", "WebsiteUrl")
VALUES (@p0, @p1, @p2, @p3, @p4, @p5, @p6, @p7, @p8, @p9, @p10, @p11, @p12);
2026-09-05 14:34:21.871 +05:30 [INF] Executed DbCommand (0ms) [Parameters=[@p0='?' (Size = 36), @p1='?' (Size = 5), @p2='?' (Size = 7), @p3='?' (Size = 13), @p4='?' (DbType = DateTimeOffset), @p5='?' (DbType = Double), @p6='?' (DbType = Double), @p7='?' (Size = 19), @p8='?' (Size = 14), @p9='?' (Size = 10), @p10='?' (Size = 8), @p11='?' (Size = 28), @p12='?' (Size = 26)], CommandType='"Text"', CommandTimeout='30']
INSERT INTO "Breweries" ("Id", "BreweryType", "City", "Country", "LastRefreshedUtc", "Latitude", "Longitude", "Name", "Phone", "PostalCode", "State", "Street", "WebsiteUrl")
VALUES (@p0, @p1, @p2, @p3, @p4, @p5, @p6, @p7, @p8, @p9, @p10, @p11, @p12);
2026-09-05 14:34:21.871 +05:30 [INF] Executed DbCommand (0ms) [Parameters=[@p0='?' (Size = 36), @p1='?' (Size = 5), @p2='?' (Size = 9), @p3='?' (Size = 13), @p4='?' (DbType = DateTimeOffset), @p5='?' (DbType = Double), @p6='?' (DbType = Double), @p7='?' (Size = 15), @p8='?' (Size = 14), @p9='?' (Size = 5), @p10='?' (Size = 8), @p11='?' (Size = 17), @p12='?' (Size = 28)], CommandType='"Text"', CommandTimeout='30']
INSERT INTO "Breweries" ("Id", "BreweryType", "City", "Country", "LastRefreshedUtc", "Latitude", "Longitude", "Name", "Phone", "PostalCode", "State", "Street", "WebsiteUrl")
VALUES (@p0, @p1, @p2, @p3, @p4, @p5, @p6, @p7, @p8, @p9, @p10, @p11, @p12);
2026-09-05 14:34:21.871 +05:30 [INF] Executed DbCommand (0ms) [Parameters=[@p0='?' (Size = 36), @p1='?' (Size = 7), @p2='?' (Size = 8), @p3='?' (Size = 7), @p4='?' (DbType = DateTimeOffset), @p5='?' (DbType = Double), @p6='?' (DbType = Double), @p7='?' (Size = 7), @p8='?' (Size = 15), @p9='?' (Size = 5), @p10='?' (Size = 6), @p11='?' (Size = 33), @p12='?' (Size = 22)], CommandType='"Text"', CommandTimeout='30']
INSERT INTO "Breweries" ("Id", "BreweryType", "City", "Country", "LastRefreshedUtc", "Latitude", "Longitude", "Name", "Phone", "PostalCode", "State", "Street", "WebsiteUrl")
VALUES (@p0, @p1, @p2, @p3, @p4, @p5, @p6, @p7, @p8, @p9, @p10, @p11, @p12);
2026-09-05 14:34:21.872 +05:30 [INF] Executed DbCommand (0ms) [Parameters=[@p0='?' (Size = 36), @p1='?' (Size = 5), @p2='?' (Size = 11), @p3='?' (Size = 13), @p4='?' (DbType = DateTimeOffset), @p5='?' (DbType = Double), @p6='?' (DbType = Double), @p7='?' (Size = 19), @p8='?' (Size = 14), @p9='?' (Size = 10), @p10='?' (Size = 8), @p11='?' (Size = 12), @p12='?' (Size = 29)], CommandType='"Text"', CommandTimeout='30']
INSERT INTO "Breweries" ("Id", "BreweryType", "City", "Country", "LastRefreshedUtc", "Latitude", "Longitude", "Name", "Phone", "PostalCode", "State", "Street", "WebsiteUrl")
VALUES (@p0, @p1, @p2, @p3, @p4, @p5, @p6, @p7, @p8, @p9, @p10, @p11, @p12);
2026-09-05 14:34:21.872 +05:30 [INF] Executed DbCommand (0ms) [Parameters=[@p0='?' (Size = 36), @p1='?' (Size = 5), @p2='?' (Size = 10), @p3='?' (Size = 13), @p4='?' (DbType = DateTimeOffset), @p5='?' (DbType = Double), @p6='?' (DbType = Double), @p7='?' (Size = 20), @p8='?' (Size = 14), @p9='?' (Size = 10), @p10='?' (Size = 9), @p11='?' (Size = 20), @p12='?' (Size = 26)], CommandType='"Text"', CommandTimeout='30']
INSERT INTO "Breweries" ("Id", "BreweryType", "City", "Country", "LastRefreshedUtc", "Latitude", "Longitude", "Name", "Phone", "PostalCode", "State", "Street", "WebsiteUrl")
VALUES (@p0, @p1, @p2, @p3, @p4, @p5, @p6, @p7, @p8, @p9, @p10, @p11, @p12);
2026-09-05 14:34:21.873 +05:30 [INF] Executed DbCommand (0ms) [Parameters=[@p0='?' (Size = 36), @p1='?' (Size = 5), @p2='?' (Size = 10), @p3='?' (Size = 13), @p4='?' (DbType = DateTimeOffset), @p5='?' (DbType = Double), @p6='?' (DbType = Double), @p7='?' (Size = 23), @p8='?' (Size = 14), @p9='?' (Size = 10), @p10='?' (Size = 12), @p11='?' (Size = 20), @p12='?'], CommandType='"Text"', CommandTimeout='30']
INSERT INTO "Breweries" ("Id", "BreweryType", "City", "Country", "LastRefreshedUtc", "Latitude", "Longitude", "Name", "Phone", "PostalCode", "State", "Street", "WebsiteUrl")
VALUES (@p0, @p1, @p2, @p3, @p4, @p5, @p6, @p7, @p8, @p9, @p10, @p11, @p12);
2026-09-05 14:34:21.873 +05:30 [INF] Executed DbCommand (0ms) [Parameters=[@p0='?' (Size = 36), @p1='?' (Size = 5), @p2='?' (Size = 9), @p3='?' (Size = 9), @p4='?' (DbType = DateTimeOffset), @p5='?' (DbType = Double), @p6='?' (DbType = Double), @p7='?' (Size = 8), @p8='?' (Size = 15), @p9='?' (Size = 4), @p10='?' (Size = 3), @p11='?' (Size = 17), @p12='?' (Size = 28)], CommandType='"Text"', CommandTimeout='30']
INSERT INTO "Breweries" ("Id", "BreweryType", "City", "Country", "LastRefreshedUtc", "Latitude", "Longitude", "Name", "Phone", "PostalCode", "State", "Street", "WebsiteUrl")
VALUES (@p0, @p1, @p2, @p3, @p4, @p5, @p6, @p7, @p8, @p9, @p10, @p11, @p12);
2026-09-05 14:34:21.873 +05:30 [INF] Executed DbCommand (0ms) [Parameters=[@p0='?' (Size = 36), @p1='?' (Size = 5), @p2='?' (Size = 6), @p3='?' (Size = 13), @p4='?' (DbType = DateTimeOffset), @p5='?' (DbType = Double), @p6='?' (DbType = Double), @p7='?' (Size = 16), @p8='?' (Size = 14), @p9='?' (Size = 10), @p10='?' (Size = 8), @p11='?' (Size = 14), @p12='?' (Size = 25)], CommandType='"Text"', CommandTimeout='30']
INSERT INTO "Breweries" ("Id", "BreweryType", "City", "Country", "LastRefreshedUtc", "Latitude", "Longitude", "Name", "Phone", "PostalCode", "State", "Street", "WebsiteUrl")
VALUES (@p0, @p1, @p2, @p3, @p4, @p5, @p6, @p7, @p8, @p9, @p10, @p11, @p12);
2026-09-05 14:34:21.874 +05:30 [INF] Executed DbCommand (0ms) [Parameters=[@p0='?' (Size = 36), @p1='?' (Size = 7), @p2='?' (Size = 10), @p3='?' (Size = 12), @p4='?' (DbType = DateTimeOffset), @p5='?' (DbType = Double), @p6='?' (DbType = Double), @p7='?' (Size = 15), @p8='?' (Size = 15), @p9='?' (Size = 4), @p10='?' (Size = 10), @p11='?' (Size = 16), @p12='?' (Size = 27)], CommandType='"Text"', CommandTimeout='30']
INSERT INTO "Breweries" ("Id", "BreweryType", "City", "Country", "LastRefreshedUtc", "Latitude", "Longitude", "Name", "Phone", "PostalCode", "State", "Street", "WebsiteUrl")
VALUES (@p0, @p1, @p2, @p3, @p4, @p5, @p6, @p7, @p8, @p9, @p10, @p11, @p12);
2026-09-05 14:34:21.874 +05:30 [INF] Executed DbCommand (0ms) [Parameters=[@p0='?' (Size = 36), @p1='?' (Size = 7), @p2='?' (Size = 24), @p3='?' (Size = 7), @p4='?' (DbType = DateTimeOffset), @p5='?' (DbType = Double), @p6='?' (DbType = Double), @p7='?' (Size = 9), @p8='?' (Size = 15), @p9='?' (Size = 5), @p10='?' (Size = 17), @p11='?' (Size = 13), @p12='?' (Size = 26)], CommandType='"Text"', CommandTimeout='30']
INSERT INTO "Breweries" ("Id", "BreweryType", "City", "Country", "LastRefreshedUtc", "Latitude", "Longitude", "Name", "Phone", "PostalCode", "State", "Street", "WebsiteUrl")
VALUES (@p0, @p1, @p2, @p3, @p4, @p5, @p6, @p7, @p8, @p9, @p10, @p11, @p12);
2026-09-05 14:34:21.875 +05:30 [INF] Executed DbCommand (0ms) [Parameters=[@p0='?' (Size = 36), @p1='?' (Size = 7), @p2='?' (Size = 10), @p3='?' (Size = 13), @p4='?' (DbType = DateTimeOffset), @p5='?' (DbType = Double), @p6='?' (DbType = Double), @p7='?' (Size = 27), @p8='?' (Size = 14), @p9='?' (Size = 5), @p10='?' (Size = 8), @p11='?' (Size = 14), @p12='?'], CommandType='"Text"', CommandTimeout='30']
INSERT INTO "Breweries" ("Id", "BreweryType", "City", "Country", "LastRefreshedUtc", "Latitude", "Longitude", "Name", "Phone", "PostalCode", "State", "Street", "WebsiteUrl")
VALUES (@p0, @p1, @p2, @p3, @p4, @p5, @p6, @p7, @p8, @p9, @p10, @p11, @p12);
2026-09-05 14:34:21.875 +05:30 [INF] Executed DbCommand (0ms) [Parameters=[@p0='?' (Size = 36), @p1='?' (Size = 7), @p2='?' (Size = 9), @p3='?' (Size = 13), @p4='?' (DbType = DateTimeOffset), @p5='?' (DbType = Double), @p6='?' (DbType = Double), @p7='?' (Size = 23), @p8='?' (Size = 14), @p9='?' (Size = 10), @p10='?' (Size = 10), @p11='?' (Size = 21), @p12='?' (Size = 36)], CommandType='"Text"', CommandTimeout='30']
INSERT INTO "Breweries" ("Id", "BreweryType", "City", "Country", "LastRefreshedUtc", "Latitude", "Longitude", "Name", "Phone", "PostalCode", "State", "Street", "WebsiteUrl")
VALUES (@p0, @p1, @p2, @p3, @p4, @p5, @p6, @p7, @p8, @p9, @p10, @p11, @p12);
2026-09-05 14:34:21.875 +05:30 [INF] Executed DbCommand (0ms) [Parameters=[@p0='?' (Size = 36), @p1='?' (Size = 5), @p2='?' (Size = 9), @p3='?' (Size = 13), @p4='?' (DbType = DateTimeOffset), @p5='?' (DbType = Double), @p6='?' (DbType = Double), @p7='?' (Size = 15), @p8='?' (Size = 14), @p9='?' (Size = 10), @p10='?' (Size = 6), @p11='?' (Size = 22), @p12='?' (Size = 21)], CommandType='"Text"', CommandTimeout='30']
INSERT INTO "Breweries" ("Id", "BreweryType", "City", "Country", "LastRefreshedUtc", "Latitude", "Longitude", "Name", "Phone", "PostalCode", "State", "Street", "WebsiteUrl")
VALUES (@p0, @p1, @p2, @p3, @p4, @p5, @p6, @p7, @p8, @p9, @p10, @p11, @p12);
2026-09-05 14:34:21.876 +05:30 [INF] Executed DbCommand (0ms) [Parameters=[@p0='?' (Size = 36), @p1='?' (Size = 8), @p2='?' (Size = 6), @p3='?' (Size = 13), @p4='?' (DbType = DateTimeOffset), @p5='?' (DbType = Double), @p6='?' (DbType = Double), @p7='?' (Size = 19), @p8='?' (Size = 14), @p9='?' (Size = 5), @p10='?' (Size = 7), @p11='?', @p12='?'], CommandType='"Text"', CommandTimeout='30']
INSERT INTO "Breweries" ("Id", "BreweryType", "City", "Country", "LastRefreshedUtc", "Latitude", "Longitude", "Name", "Phone", "PostalCode", "State", "Street", "WebsiteUrl")
VALUES (@p0, @p1, @p2, @p3, @p4, @p5, @p6, @p7, @p8, @p9, @p10, @p11, @p12);
2026-09-05 14:34:21.876 +05:30 [INF] Executed DbCommand (0ms) [Parameters=[@p0='?' (Size = 36), @p1='?' (Size = 7), @p2='?' (Size = 7), @p3='?' (Size = 13), @p4='?' (DbType = DateTimeOffset), @p5='?' (DbType = Double), @p6='?' (DbType = Double), @p7='?' (Size = 47), @p8='?' (Size = 14), @p9='?' (Size = 10), @p10='?' (Size = 8), @p11='?' (Size = 17), @p12='?' (Size = 26)], CommandType='"Text"', CommandTimeout='30']
INSERT INTO "Breweries" ("Id", "BreweryType", "City", "Country", "LastRefreshedUtc", "Latitude", "Longitude", "Name", "Phone", "PostalCode", "State", "Street", "WebsiteUrl")
VALUES (@p0, @p1, @p2, @p3, @p4, @p5, @p6, @p7, @p8, @p9, @p10, @p11, @p12);
2026-09-05 14:34:21.877 +05:30 [INF] Executed DbCommand (0ms) [Parameters=[@p0='?' (Size = 36), @p1='?' (Size = 7), @p2='?' (Size = 8), @p3='?' (Size = 13), @p4='?' (DbType = DateTimeOffset), @p5='?' (DbType = Double), @p6='?' (DbType = Double), @p7='?' (Size = 17), @p8='?' (Size = 14), @p9='?' (Size = 10), @p10='?' (Size = 4), @p11='?' (Size = 16), @p12='?' (Size = 30)], CommandType='"Text"', CommandTimeout='30']
INSERT INTO "Breweries" ("Id", "BreweryType", "City", "Country", "LastRefreshedUtc", "Latitude", "Longitude", "Name", "Phone", "PostalCode", "State", "Street", "WebsiteUrl")
VALUES (@p0, @p1, @p2, @p3, @p4, @p5, @p6, @p7, @p8, @p9, @p10, @p11, @p12);
2026-09-05 14:34:21.877 +05:30 [INF] Executed DbCommand (0ms) [Parameters=[@p0='?' (Size = 36), @p1='?' (Size = 5), @p2='?' (Size = 12), @p3='?' (Size = 13), @p4='?' (DbType = DateTimeOffset), @p5='?' (DbType = Double), @p6='?' (DbType = Double), @p7='?' (Size = 16), @p8='?' (Size = 14), @p9='?' (Size = 5), @p10='?' (Size = 7), @p11='?' (Size = 45), @p12='?' (Size = 27)], CommandType='"Text"', CommandTimeout='30']
INSERT INTO "Breweries" ("Id", "BreweryType", "City", "Country", "LastRefreshedUtc", "Latitude", "Longitude", "Name", "Phone", "PostalCode", "State", "Street", "WebsiteUrl")
VALUES (@p0, @p1, @p2, @p3, @p4, @p5, @p6, @p7, @p8, @p9, @p10, @p11, @p12);
2026-09-05 14:34:21.878 +05:30 [INF] Executed DbCommand (0ms) [Parameters=[@p0='?' (Size = 36), @p1='?' (Size = 7), @p2='?' (Size = 6), @p3='?' (Size = 13), @p4='?' (DbType = DateTimeOffset), @p5='?' (DbType = Double), @p6='?' (DbType = Double), @p7='?' (Size = 12), @p8='?' (Size = 14), @p9='?' (Size = 10), @p10='?' (Size = 8), @p11='?' (Size = 13), @p12='?' (Size = 33)], CommandType='"Text"', CommandTimeout='30']
INSERT INTO "Breweries" ("Id", "BreweryType", "City", "Country", "LastRefreshedUtc", "Latitude", "Longitude", "Name", "Phone", "PostalCode", "State", "Street", "WebsiteUrl")
VALUES (@p0, @p1, @p2, @p3, @p4, @p5, @p6, @p7, @p8, @p9, @p10, @p11, @p12);
2026-09-05 14:34:21.878 +05:30 [INF] Executed DbCommand (0ms) [Parameters=[@p0='?' (Size = 36), @p1='?' (Size = 5), @p2='?' (Size = 6), @p3='?' (Size = 13), @p4='?' (DbType = DateTimeOffset), @p5='?' (DbType = Double), @p6='?' (DbType = Double), @p7='?' (Size = 27), @p8='?' (Size = 14), @p9='?' (Size = 10), @p10='?' (Size = 10), @p11='?' (Size = 16), @p12='?' (Size = 29)], CommandType='"Text"', CommandTimeout='30']
INSERT INTO "Breweries" ("Id", "BreweryType", "City", "Country", "LastRefreshedUtc", "Latitude", "Longitude", "Name", "Phone", "PostalCode", "State", "Street", "WebsiteUrl")
VALUES (@p0, @p1, @p2, @p3, @p4, @p5, @p6, @p7, @p8, @p9, @p10, @p11, @p12);
2026-09-05 14:34:21.878 +05:30 [INF] Executed DbCommand (0ms) [Parameters=[@p0='?' (Size = 36), @p1='?' (Size = 7), @p2='?' (Size = 9), @p3='?' (Size = 7), @p4='?' (DbType = DateTimeOffset), @p5='?' (DbType = Double), @p6='?' (DbType = Double), @p7='?' (Size = 20), @p8='?' (Size = 14), @p9='?' (Size = 5), @p10='?' (Size = 17), @p11='?' (Size = 20), @p12='?' (Size = 32)], CommandType='"Text"', CommandTimeout='30']
INSERT INTO "Breweries" ("Id", "BreweryType", "City", "Country", "LastRefreshedUtc", "Latitude", "Longitude", "Name", "Phone", "PostalCode", "State", "Street", "WebsiteUrl")
VALUES (@p0, @p1, @p2, @p3, @p4, @p5, @p6, @p7, @p8, @p9, @p10, @p11, @p12);
2026-09-05 14:34:21.879 +05:30 [INF] Executed DbCommand (0ms) [Parameters=[@p0='?' (Size = 36), @p1='?' (Size = 5), @p2='?' (Size = 12), @p3='?' (Size = 13), @p4='?' (DbType = DateTimeOffset), @p5='?' (DbType = Double), @p6='?' (DbType = Double), @p7='?' (Size = 21), @p8='?', @p9='?' (Size = 10), @p10='?' (Size = 10), @p11='?' (Size = 25), @p12='?' (Size = 34)], CommandType='"Text"', CommandTimeout='30']
INSERT INTO "Breweries" ("Id", "BreweryType", "City", "Country", "LastRefreshedUtc", "Latitude", "Longitude", "Name", "Phone", "PostalCode", "State", "Street", "WebsiteUrl")
VALUES (@p0, @p1, @p2, @p3, @p4, @p5, @p6, @p7, @p8, @p9, @p10, @p11, @p12);
2026-09-05 14:34:21.879 +05:30 [INF] Executed DbCommand (0ms) [Parameters=[@p0='?' (Size = 36), @p1='?' (Size = 5), @p2='?' (Size = 6), @p3='?' (Size = 13), @p4='?' (DbType = DateTimeOffset), @p5='?' (DbType = Double), @p6='?' (DbType = Double), @p7='?' (Size = 16), @p8='?' (Size = 14), @p9='?' (Size = 5), @p10='?' (Size = 6), @p11='?' (Size = 13), @p12='?' (Size = 29)], CommandType='"Text"', CommandTimeout='30']
INSERT INTO "Breweries" ("Id", "BreweryType", "City", "Country", "LastRefreshedUtc", "Latitude", "Longitude", "Name", "Phone", "PostalCode", "State", "Street", "WebsiteUrl")
VALUES (@p0, @p1, @p2, @p3, @p4, @p5, @p6, @p7, @p8, @p9, @p10, @p11, @p12);
2026-09-05 14:34:21.879 +05:30 [INF] Executed DbCommand (0ms) [Parameters=[@p0='?' (Size = 36), @p1='?' (Size = 5), @p2='?' (Size = 7), @p3='?' (Size = 12), @p4='?' (DbType = DateTimeOffset), @p5='?' (DbType = Double), @p6='?' (DbType = Double), @p7='?' (Size = 23), @p8='?' (Size = 15), @p9='?' (Size = 4), @p10='?' (Size = 13), @p11='?' (Size = 15), @p12='?' (Size = 40)], CommandType='"Text"', CommandTimeout='30']
INSERT INTO "Breweries" ("Id", "BreweryType", "City", "Country", "LastRefreshedUtc", "Latitude", "Longitude", "Name", "Phone", "PostalCode", "State", "Street", "WebsiteUrl")
VALUES (@p0, @p1, @p2, @p3, @p4, @p5, @p6, @p7, @p8, @p9, @p10, @p11, @p12);
2026-09-05 14:34:21.880 +05:30 [INF] Executed DbCommand (0ms) [Parameters=[@p0='?' (Size = 36), @p1='?' (Size = 8), @p2='?' (Size = 9), @p3='?' (Size = 13), @p4='?' (DbType = DateTimeOffset), @p5='?' (DbType = Double), @p6='?' (DbType = Double), @p7='?' (Size = 26), @p8='?' (Size = 14), @p9='?' (Size = 5), @p10='?' (Size = 10), @p11='?' (Size = 12), @p12='?' (Size = 19)], CommandType='"Text"', CommandTimeout='30']
INSERT INTO "Breweries" ("Id", "BreweryType", "City", "Country", "LastRefreshedUtc", "Latitude", "Longitude", "Name", "Phone", "PostalCode", "State", "Street", "WebsiteUrl")
VALUES (@p0, @p1, @p2, @p3, @p4, @p5, @p6, @p7, @p8, @p9, @p10, @p11, @p12);
2026-09-05 14:34:21.880 +05:30 [INF] Executed DbCommand (0ms) [Parameters=[@p0='?' (Size = 36), @p1='?' (Size = 5), @p2='?' (Size = 9), @p3='?' (Size = 13), @p4='?' (DbType = DateTimeOffset), @p5='?' (DbType = Double), @p6='?' (DbType = Double), @p7='?' (Size = 16), @p8='?' (Size = 14), @p9='?' (Size = 10), @p10='?' (Size = 8), @p11='?' (Size = 21), @p12='?' (Size = 26)], CommandType='"Text"', CommandTimeout='30']
INSERT INTO "Breweries" ("Id", "BreweryType", "City", "Country", "LastRefreshedUtc", "Latitude", "Longitude", "Name", "Phone", "PostalCode", "State", "Street", "WebsiteUrl")
VALUES (@p0, @p1, @p2, @p3, @p4, @p5, @p6, @p7, @p8, @p9, @p10, @p11, @p12);
2026-09-05 14:34:21.881 +05:30 [INF] Executed DbCommand (0ms) [Parameters=[@p0='?' (Size = 36), @p1='?' (Size = 7), @p2='?' (Size = 13), @p3='?' (Size = 13), @p4='?' (DbType = DateTimeOffset), @p5='?' (DbType = Double), @p6='?' (DbType = Double), @p7='?' (Size = 30), @p8='?' (Size = 14), @p9='?' (Size = 10), @p10='?' (Size = 10), @p11='?' (Size = 26), @p12='?' (Size = 32)], CommandType='"Text"', CommandTimeout='30']
INSERT INTO "Breweries" ("Id", "BreweryType", "City", "Country", "LastRefreshedUtc", "Latitude", "Longitude", "Name", "Phone", "PostalCode", "State", "Street", "WebsiteUrl")
VALUES (@p0, @p1, @p2, @p3, @p4, @p5, @p6, @p7, @p8, @p9, @p10, @p11, @p12);
2026-09-05 14:34:21.881 +05:30 [INF] Executed DbCommand (0ms) [Parameters=[@p0='?' (Size = 36), @p1='?' (Size = 5), @p2='?' (Size = 9), @p3='?' (Size = 13), @p4='?' (DbType = DateTimeOffset), @p5='?' (DbType = Double), @p6='?' (DbType = Double), @p7='?' (Size = 22), @p8='?' (Size = 14), @p9='?' (Size = 10), @p10='?' (Size = 5), @p11='?' (Size = 29), @p12='?' (Size = 25)], CommandType='"Text"', CommandTimeout='30']
INSERT INTO "Breweries" ("Id", "BreweryType", "City", "Country", "LastRefreshedUtc", "Latitude", "Longitude", "Name", "Phone", "PostalCode", "State", "Street", "WebsiteUrl")
VALUES (@p0, @p1, @p2, @p3, @p4, @p5, @p6, @p7, @p8, @p9, @p10, @p11, @p12);
2026-09-05 14:34:21.881 +05:30 [INF] Executed DbCommand (0ms) [Parameters=[@p0='?' (Size = 36), @p1='?' (Size = 5), @p2='?' (Size = 11), @p3='?' (Size = 13), @p4='?' (DbType = DateTimeOffset), @p5='?' (DbType = Double), @p6='?' (DbType = Double), @p7='?' (Size = 32), @p8='?', @p9='?' (Size = 10), @p10='?' (Size = 13), @p11='?' (Size = 17), @p12='?'], CommandType='"Text"', CommandTimeout='30']
INSERT INTO "Breweries" ("Id", "BreweryType", "City", "Country", "LastRefreshedUtc", "Latitude", "Longitude", "Name", "Phone", "PostalCode", "State", "Street", "WebsiteUrl")
VALUES (@p0, @p1, @p2, @p3, @p4, @p5, @p6, @p7, @p8, @p9, @p10, @p11, @p12);
2026-09-05 14:34:21.882 +05:30 [INF] Executed DbCommand (0ms) [Parameters=[@p0='?' (Size = 36), @p1='?' (Size = 8), @p2='?' (Size = 7), @p3='?' (Size = 13), @p4='?' (DbType = DateTimeOffset), @p5='?' (DbType = Double), @p6='?' (DbType = Double), @p7='?' (Size = 29), @p8='?', @p9='?' (Size = 10), @p10='?' (Size = 10), @p11='?', @p12='?'], CommandType='"Text"', CommandTimeout='30']
INSERT INTO "Breweries" ("Id", "BreweryType", "City", "Country", "LastRefreshedUtc", "Latitude", "Longitude", "Name", "Phone", "PostalCode", "State", "Street", "WebsiteUrl")
VALUES (@p0, @p1, @p2, @p3, @p4, @p5, @p6, @p7, @p8, @p9, @p10, @p11, @p12);
2026-09-05 14:34:21.882 +05:30 [INF] Executed DbCommand (0ms) [Parameters=[@p0='?' (Size = 36), @p1='?' (Size = 5), @p2='?' (Size = 6), @p3='?' (Size = 13), @p4='?' (DbType = DateTimeOffset), @p5='?' (DbType = Double), @p6='?' (DbType = Double), @p7='?' (Size = 31), @p8='?' (Size = 14), @p9='?' (Size = 10), @p10='?' (Size = 8), @p11='?' (Size = 30), @p12='?'], CommandType='"Text"', CommandTimeout='30']
INSERT INTO "Breweries" ("Id", "BreweryType", "City", "Country", "LastRefreshedUtc", "Latitude", "Longitude", "Name", "Phone", "PostalCode", "State", "Street", "WebsiteUrl")
VALUES (@p0, @p1, @p2, @p3, @p4, @p5, @p6, @p7, @p8, @p9, @p10, @p11, @p12);
2026-09-05 14:34:21.882 +05:30 [INF] Executed DbCommand (0ms) [Parameters=[@p0='?' (Size = 36), @p1='?' (Size = 7), @p2='?' (Size = 9), @p3='?' (Size = 12), @p4='?' (DbType = DateTimeOffset), @p5='?' (DbType = Double), @p6='?' (DbType = Double), @p7='?' (Size = 30), @p8='?' (Size = 15), @p9='?' (Size = 4), @p10='?' (Size = 12), @p11='?' (Size = 17), @p12='?' (Size = 23)], CommandType='"Text"', CommandTimeout='30']
INSERT INTO "Breweries" ("Id", "BreweryType", "City", "Country", "LastRefreshedUtc", "Latitude", "Longitude", "Name", "Phone", "PostalCode", "State", "Street", "WebsiteUrl")
VALUES (@p0, @p1, @p2, @p3, @p4, @p5, @p6, @p7, @p8, @p9, @p10, @p11, @p12);
2026-09-05 14:34:21.883 +05:30 [INF] Executed DbCommand (0ms) [Parameters=[@p0='?' (Size = 36), @p1='?' (Size = 7), @p2='?' (Size = 8), @p3='?' (Size = 13), @p4='?' (DbType = DateTimeOffset), @p5='?' (DbType = Double), @p6='?' (DbType = Double), @p7='?' (Size = 15), @p8='?' (Size = 14), @p9='?' (Size = 10), @p10='?' (Size = 6), @p11='?' (Size = 13), @p12='?' (Size = 26)], CommandType='"Text"', CommandTimeout='30']
INSERT INTO "Breweries" ("Id", "BreweryType", "City", "Country", "LastRefreshedUtc", "Latitude", "Longitude", "Name", "Phone", "PostalCode", "State", "Street", "WebsiteUrl")
VALUES (@p0, @p1, @p2, @p3, @p4, @p5, @p6, @p7, @p8, @p9, @p10, @p11, @p12);
2026-09-05 14:34:21.883 +05:30 [INF] Executed DbCommand (0ms) [Parameters=[@p0='?' (Size = 36), @p1='?' (Size = 8), @p2='?' (Size = 8), @p3='?' (Size = 13), @p4='?' (DbType = DateTimeOffset), @p5='?' (DbType = Double), @p6='?' (DbType = Double), @p7='?' (Size = 22), @p8='?' (Size = 14), @p9='?' (Size = 10), @p10='?' (Size = 8), @p11='?' (Size = 19), @p12='?'], CommandType='"Text"', CommandTimeout='30']
INSERT INTO "Breweries" ("Id", "BreweryType", "City", "Country", "LastRefreshedUtc", "Latitude", "Longitude", "Name", "Phone", "PostalCode", "State", "Street", "WebsiteUrl")
VALUES (@p0, @p1, @p2, @p3, @p4, @p5, @p6, @p7, @p8, @p9, @p10, @p11, @p12);
2026-09-05 14:34:21.884 +05:30 [INF] Executed DbCommand (0ms) [Parameters=[@p0='?' (Size = 36), @p1='?' (Size = 5), @p2='?' (Size = 10), @p3='?' (Size = 13), @p4='?' (DbType = DateTimeOffset), @p5='?' (DbType = Double), @p6='?' (DbType = Double), @p7='?' (Size = 26), @p8='?' (Size = 14), @p9='?' (Size = 10), @p10='?' (Size = 8), @p11='?' (Size = 26), @p12='?' (Size = 39)], CommandType='"Text"', CommandTimeout='30']
INSERT INTO "Breweries" ("Id", "BreweryType", "City", "Country", "LastRefreshedUtc", "Latitude", "Longitude", "Name", "Phone", "PostalCode", "State", "Street", "WebsiteUrl")
VALUES (@p0, @p1, @p2, @p3, @p4, @p5, @p6, @p7, @p8, @p9, @p10, @p11, @p12);
2026-09-05 14:34:21.884 +05:30 [INF] Executed DbCommand (0ms) [Parameters=[@p0='?' (Size = 36), @p1='?' (Size = 7), @p2='?' (Size = 7), @p3='?' (Size = 6), @p4='?' (DbType = DateTimeOffset), @p5='?' (DbType = Double), @p6='?' (DbType = Double), @p7='?' (Size = 9), @p8='?' (Size = 14), @p9='?' (Size = 6), @p10='?' (Size = 7), @p11='?' (Size = 16), @p12='?' (Size = 51)], CommandType='"Text"', CommandTimeout='30']
INSERT INTO "Breweries" ("Id", "BreweryType", "City", "Country", "LastRefreshedUtc", "Latitude", "Longitude", "Name", "Phone", "PostalCode", "State", "Street", "WebsiteUrl")
VALUES (@p0, @p1, @p2, @p3, @p4, @p5, @p6, @p7, @p8, @p9, @p10, @p11, @p12);
2026-09-05 14:34:21.885 +05:30 [INF] Executed DbCommand (0ms) [Parameters=[@p0='?' (Size = 36), @p1='?' (Size = 7), @p2='?' (Size = 10), @p3='?' (Size = 7), @p4='?' (DbType = DateTimeOffset), @p5='?' (DbType = Double), @p6='?' (DbType = Double), @p7='?' (Size = 12), @p8='?' (Size = 14), @p9='?' (Size = 5), @p10='?' (Size = 6), @p11='?' (Size = 27), @p12='?' (Size = 26)], CommandType='"Text"', CommandTimeout='30']
INSERT INTO "Breweries" ("Id", "BreweryType", "City", "Country", "LastRefreshedUtc", "Latitude", "Longitude", "Name", "Phone", "PostalCode", "State", "Street", "WebsiteUrl")
VALUES (@p0, @p1, @p2, @p3, @p4, @p5, @p6, @p7, @p8, @p9, @p10, @p11, @p12);
2026-09-05 14:34:21.886 +05:30 [INF] Executed DbCommand (0ms) [Parameters=[@p0='?' (Size = 36), @p1='?' (Size = 5), @p2='?' (Size = 11), @p3='?' (Size = 13), @p4='?' (DbType = DateTimeOffset), @p5='?' (DbType = Double), @p6='?' (DbType = Double), @p7='?' (Size = 19), @p8='?' (Size = 14), @p9='?' (Size = 10), @p10='?' (Size = 13), @p11='?', @p12='?' (Size = 29)], CommandType='"Text"', CommandTimeout='30']
INSERT INTO "Breweries" ("Id", "BreweryType", "City", "Country", "LastRefreshedUtc", "Latitude", "Longitude", "Name", "Phone", "PostalCode", "State", "Street", "WebsiteUrl")
VALUES (@p0, @p1, @p2, @p3, @p4, @p5, @p6, @p7, @p8, @p9, @p10, @p11, @p12);
2026-09-05 14:34:21.886 +05:30 [INF] Executed DbCommand (0ms) [Parameters=[@p0='?' (Size = 36), @p1='?' (Size = 5), @p2='?' (Size = 10), @p3='?' (Size = 13), @p4='?' (DbType = DateTimeOffset), @p5='?' (DbType = Double), @p6='?' (DbType = Double), @p7='?' (Size = 24), @p8='?' (Size = 14), @p9='?' (Size = 10), @p10='?' (Size = 13), @p11='?' (Size = 11), @p12='?' (Size = 30)], CommandType='"Text"', CommandTimeout='30']
INSERT INTO "Breweries" ("Id", "BreweryType", "City", "Country", "LastRefreshedUtc", "Latitude", "Longitude", "Name", "Phone", "PostalCode", "State", "Street", "WebsiteUrl")
VALUES (@p0, @p1, @p2, @p3, @p4, @p5, @p6, @p7, @p8, @p9, @p10, @p11, @p12);
2026-09-05 14:34:21.887 +05:30 [INF] Executed DbCommand (0ms) [Parameters=[@p0='?' (Size = 36), @p1='?' (Size = 5), @p2='?' (Size = 7), @p3='?' (Size = 13), @p4='?' (DbType = DateTimeOffset), @p5='?' (DbType = Double), @p6='?' (DbType = Double), @p7='?' (Size = 18), @p8='?' (Size = 14), @p9='?' (Size = 5), @p10='?' (Size = 8), @p11='?' (Size = 19), @p12='?' (Size = 24)], CommandType='"Text"', CommandTimeout='30']
INSERT INTO "Breweries" ("Id", "BreweryType", "City", "Country", "LastRefreshedUtc", "Latitude", "Longitude", "Name", "Phone", "PostalCode", "State", "Street", "WebsiteUrl")
VALUES (@p0, @p1, @p2, @p3, @p4, @p5, @p6, @p7, @p8, @p9, @p10, @p11, @p12);
2026-09-05 14:34:21.887 +05:30 [INF] Executed DbCommand (0ms) [Parameters=[@p0='?' (Size = 36), @p1='?' (Size = 5), @p2='?' (Size = 11), @p3='?' (Size = 11), @p4='?' (DbType = DateTimeOffset), @p5='?' (DbType = Double), @p6='?' (DbType = Double), @p7='?' (Size = 11), @p8='?' (Size = 14), @p9='?' (Size = 4), @p10='?' (Size = 12), @p11='?' (Size = 21), @p12='?' (Size = 22)], CommandType='"Text"', CommandTimeout='30']
INSERT INTO "Breweries" ("Id", "BreweryType", "City", "Country", "LastRefreshedUtc", "Latitude", "Longitude", "Name", "Phone", "PostalCode", "State", "Street", "WebsiteUrl")
VALUES (@p0, @p1, @p2, @p3, @p4, @p5, @p6, @p7, @p8, @p9, @p10, @p11, @p12);
2026-09-05 14:34:21.888 +05:30 [INF] Executed DbCommand (0ms) [Parameters=[@p0='?' (Size = 36), @p1='?' (Size = 5), @p2='?' (Size = 11), @p3='?' (Size = 13), @p4='?' (DbType = DateTimeOffset), @p5='?' (DbType = Double), @p6='?' (DbType = Double), @p7='?' (Size = 26), @p8='?' (Size = 14), @p9='?' (Size = 10), @p10='?' (Size = 13), @p11='?' (Size = 25), @p12='?' (Size = 39)], CommandType='"Text"', CommandTimeout='30']
INSERT INTO "Breweries" ("Id", "BreweryType", "City", "Country", "LastRefreshedUtc", "Latitude", "Longitude", "Name", "Phone", "PostalCode", "State", "Street", "WebsiteUrl")
VALUES (@p0, @p1, @p2, @p3, @p4, @p5, @p6, @p7, @p8, @p9, @p10, @p11, @p12);
2026-09-05 14:34:21.888 +05:30 [INF] Executed DbCommand (0ms) [Parameters=[@p0='?' (Size = 36), @p1='?' (Size = 5), @p2='?' (Size = 5), @p3='?' (Size = 13), @p4='?' (DbType = DateTimeOffset), @p5='?' (DbType = Double), @p6='?' (DbType = Double), @p7='?' (Size = 15), @p8='?' (Size = 14), @p9='?' (Size = 10), @p10='?' (Size = 7), @p11='?' (Size = 17), @p12='?' (Size = 25)], CommandType='"Text"', CommandTimeout='30']
INSERT INTO "Breweries" ("Id", "BreweryType", "City", "Country", "LastRefreshedUtc", "Latitude", "Longitude", "Name", "Phone", "PostalCode", "State", "Street", "WebsiteUrl")
VALUES (@p0, @p1, @p2, @p3, @p4, @p5, @p6, @p7, @p8, @p9, @p10, @p11, @p12);
2026-09-05 14:34:21.888 +05:30 [INF] Executed DbCommand (0ms) [Parameters=[@p0='?' (Size = 36), @p1='?' (Size = 5), @p2='?' (Size = 9), @p3='?' (Size = 12), @p4='?' (DbType = DateTimeOffset), @p5='?' (DbType = Double), @p6='?' (DbType = Double), @p7='?' (Size = 14), @p8='?' (Size = 15), @p9='?' (Size = 4), @p10='?' (Size = 7), @p11='?' (Size = 7), @p12='?' (Size = 27)], CommandType='"Text"', CommandTimeout='30']
INSERT INTO "Breweries" ("Id", "BreweryType", "City", "Country", "LastRefreshedUtc", "Latitude", "Longitude", "Name", "Phone", "PostalCode", "State", "Street", "WebsiteUrl")
VALUES (@p0, @p1, @p2, @p3, @p4, @p5, @p6, @p7, @p8, @p9, @p10, @p11, @p12);
2026-09-05 14:34:21.889 +05:30 [INF] Executed DbCommand (0ms) [Parameters=[@p0='?' (Size = 36), @p1='?' (Size = 6), @p2='?' (Size = 8), @p3='?' (Size = 13), @p4='?' (DbType = DateTimeOffset), @p5='?' (DbType = Double), @p6='?' (DbType = Double), @p7='?' (Size = 25), @p8='?' (Size = 14), @p9='?' (Size = 10), @p10='?' (Size = 10), @p11='?' (Size = 19), @p12='?' (Size = 27)], CommandType='"Text"', CommandTimeout='30']
INSERT INTO "Breweries" ("Id", "BreweryType", "City", "Country", "LastRefreshedUtc", "Latitude", "Longitude", "Name", "Phone", "PostalCode", "State", "Street", "WebsiteUrl")
VALUES (@p0, @p1, @p2, @p3, @p4, @p5, @p6, @p7, @p8, @p9, @p10, @p11, @p12);
2026-09-05 14:34:21.889 +05:30 [INF] Executed DbCommand (0ms) [Parameters=[@p0='?' (Size = 36), @p1='?' (Size = 5), @p2='?' (Size = 5), @p3='?' (Size = 13), @p4='?' (DbType = DateTimeOffset), @p5='?' (DbType = Double), @p6='?' (DbType = Double), @p7='?' (Size = 36), @p8='?' (Size = 14), @p9='?' (Size = 10), @p10='?' (Size = 14), @p11='?' (Size = 18), @p12='?' (Size = 41)], CommandType='"Text"', CommandTimeout='30']
INSERT INTO "Breweries" ("Id", "BreweryType", "City", "Country", "LastRefreshedUtc", "Latitude", "Longitude", "Name", "Phone", "PostalCode", "State", "Street", "WebsiteUrl")
VALUES (@p0, @p1, @p2, @p3, @p4, @p5, @p6, @p7, @p8, @p9, @p10, @p11, @p12);
2026-09-05 14:34:21.890 +05:30 [INF] Executed DbCommand (0ms) [Parameters=[@p0='?' (Size = 36), @p1='?' (Size = 5), @p2='?' (Size = 5), @p3='?' (Size = 13), @p4='?' (DbType = DateTimeOffset), @p5='?' (DbType = Double), @p6='?' (DbType = Double), @p7='?' (Size = 21), @p8='?' (Size = 14), @p9='?' (Size = 10), @p10='?' (Size = 8), @p11='?' (Size = 30), @p12='?' (Size = 34)], CommandType='"Text"', CommandTimeout='30']
INSERT INTO "Breweries" ("Id", "BreweryType", "City", "Country", "LastRefreshedUtc", "Latitude", "Longitude", "Name", "Phone", "PostalCode", "State", "Street", "WebsiteUrl")
VALUES (@p0, @p1, @p2, @p3, @p4, @p5, @p6, @p7, @p8, @p9, @p10, @p11, @p12);
2026-09-05 14:34:21.890 +05:30 [INF] Executed DbCommand (0ms) [Parameters=[@p0='?' (Size = 36), @p1='?' (Size = 7), @p2='?' (Size = 10), @p3='?' (Size = 7), @p4='?' (DbType = DateTimeOffset), @p5='?' (DbType = Double), @p6='?' (DbType = Double), @p7='?' (Size = 11), @p8='?' (Size = 14), @p9='?' (Size = 5), @p10='?' (Size = 6), @p11='?' (Size = 12), @p12='?' (Size = 26)], CommandType='"Text"', CommandTimeout='30']
INSERT INTO "Breweries" ("Id", "BreweryType", "City", "Country", "LastRefreshedUtc", "Latitude", "Longitude", "Name", "Phone", "PostalCode", "State", "Street", "WebsiteUrl")
VALUES (@p0, @p1, @p2, @p3, @p4, @p5, @p6, @p7, @p8, @p9, @p10, @p11, @p12);
2026-09-05 14:34:21.890 +05:30 [INF] Executed DbCommand (0ms) [Parameters=[@p0='?' (Size = 36), @p1='?' (Size = 5), @p2='?' (Size = 12), @p3='?' (Size = 13), @p4='?' (DbType = DateTimeOffset), @p5='?' (DbType = Double), @p6='?' (DbType = Double), @p7='?' (Size = 24), @p8='?' (Size = 14), @p9='?' (Size = 10), @p10='?' (Size = 7), @p11='?' (Size = 18), @p12='?' (Size = 30)], CommandType='"Text"', CommandTimeout='30']
INSERT INTO "Breweries" ("Id", "BreweryType", "City", "Country", "LastRefreshedUtc", "Latitude", "Longitude", "Name", "Phone", "PostalCode", "State", "Street", "WebsiteUrl")
VALUES (@p0, @p1, @p2, @p3, @p4, @p5, @p6, @p7, @p8, @p9, @p10, @p11, @p12);
2026-09-05 14:34:21.891 +05:30 [INF] Executed DbCommand (0ms) [Parameters=[@p0='?' (Size = 36), @p1='?' (Size = 7), @p2='?' (Size = 11), @p3='?' (Size = 7), @p4='?' (DbType = DateTimeOffset), @p5='?' (DbType = Double), @p6='?' (DbType = Double), @p7='?' (Size = 10), @p8='?' (Size = 15), @p9='?' (Size = 5), @p10='?' (Size = 17), @p11='?' (Size = 20), @p12='?' (Size = 40)], CommandType='"Text"', CommandTimeout='30']
INSERT INTO "Breweries" ("Id", "BreweryType", "City", "Country", "LastRefreshedUtc", "Latitude", "Longitude", "Name", "Phone", "PostalCode", "State", "Street", "WebsiteUrl")
VALUES (@p0, @p1, @p2, @p3, @p4, @p5, @p6, @p7, @p8, @p9, @p10, @p11, @p12);
2026-09-05 14:34:21.891 +05:30 [INF] Executed DbCommand (0ms) [Parameters=[@p0='?' (Size = 36), @p1='?' (Size = 5), @p2='?' (Size = 7), @p3='?' (Size = 13), @p4='?' (DbType = DateTimeOffset), @p5='?' (DbType = Double), @p6='?' (DbType = Double), @p7='?' (Size = 10), @p8='?' (Size = 14), @p9='?' (Size = 10), @p10='?' (Size = 14), @p11='?' (Size = 30), @p12='?' (Size = 22)], CommandType='"Text"', CommandTimeout='30']
INSERT INTO "Breweries" ("Id", "BreweryType", "City", "Country", "LastRefreshedUtc", "Latitude", "Longitude", "Name", "Phone", "PostalCode", "State", "Street", "WebsiteUrl")
VALUES (@p0, @p1, @p2, @p3, @p4, @p5, @p6, @p7, @p8, @p9, @p10, @p11, @p12);
2026-09-05 14:34:21.892 +05:30 [INF] Executed DbCommand (0ms) [Parameters=[@p0='?' (Size = 36), @p1='?' (Size = 5), @p2='?' (Size = 10), @p3='?' (Size = 13), @p4='?' (DbType = DateTimeOffset), @p5='?' (DbType = Double), @p6='?' (DbType = Double), @p7='?' (Size = 19), @p8='?' (Size = 14), @p9='?' (Size = 5), @p10='?' (Size = 10), @p11='?' (Size = 11), @p12='?' (Size = 29)], CommandType='"Text"', CommandTimeout='30']
INSERT INTO "Breweries" ("Id", "BreweryType", "City", "Country", "LastRefreshedUtc", "Latitude", "Longitude", "Name", "Phone", "PostalCode", "State", "Street", "WebsiteUrl")
VALUES (@p0, @p1, @p2, @p3, @p4, @p5, @p6, @p7, @p8, @p9, @p10, @p11, @p12);
2026-09-05 14:34:21.892 +05:30 [INF] Executed DbCommand (0ms) [Parameters=[@p0='?' (Size = 36), @p1='?' (Size = 5), @p2='?' (Size = 8), @p3='?' (Size = 13), @p4='?' (DbType = DateTimeOffset), @p5='?' (DbType = Double), @p6='?' (DbType = Double), @p7='?' (Size = 36), @p8='?' (Size = 14), @p9='?' (Size = 10), @p10='?' (Size = 8), @p11='?' (Size = 12), @p12='?' (Size = 31)], CommandType='"Text"', CommandTimeout='30']
INSERT INTO "Breweries" ("Id", "BreweryType", "City", "Country", "LastRefreshedUtc", "Latitude", "Longitude", "Name", "Phone", "PostalCode", "State", "Street", "WebsiteUrl")
VALUES (@p0, @p1, @p2, @p3, @p4, @p5, @p6, @p7, @p8, @p9, @p10, @p11, @p12);
2026-09-05 14:34:21.893 +05:30 [INF] Executed DbCommand (0ms) [Parameters=[@p0='?' (Size = 36), @p1='?' (Size = 5), @p2='?' (Size = 10), @p3='?' (Size = 13), @p4='?' (DbType = DateTimeOffset), @p5='?' (DbType = Double), @p6='?' (DbType = Double), @p7='?' (Size = 19), @p8='?' (Size = 14), @p9='?' (Size = 10), @p10='?' (Size = 10), @p11='?' (Size = 19), @p12='?' (Size = 28)], CommandType='"Text"', CommandTimeout='30']
INSERT INTO "Breweries" ("Id", "BreweryType", "City", "Country", "LastRefreshedUtc", "Latitude", "Longitude", "Name", "Phone", "PostalCode", "State", "Street", "WebsiteUrl")
VALUES (@p0, @p1, @p2, @p3, @p4, @p5, @p6, @p7, @p8, @p9, @p10, @p11, @p12);
2026-09-05 14:34:21.893 +05:30 [INF] Executed DbCommand (0ms) [Parameters=[@p0='?' (Size = 36), @p1='?' (Size = 7), @p2='?' (Size = 6), @p3='?' (Size = 13), @p4='?' (DbType = DateTimeOffset), @p5='?' (DbType = Double), @p6='?' (DbType = Double), @p7='?' (Size = 20), @p8='?' (Size = 14), @p9='?' (Size = 10), @p10='?' (Size = 12), @p11='?' (Size = 11), @p12='?' (Size = 29)], CommandType='"Text"', CommandTimeout='30']
INSERT INTO "Breweries" ("Id", "BreweryType", "City", "Country", "LastRefreshedUtc", "Latitude", "Longitude", "Name", "Phone", "PostalCode", "State", "Street", "WebsiteUrl")
VALUES (@p0, @p1, @p2, @p3, @p4, @p5, @p6, @p7, @p8, @p9, @p10, @p11, @p12);
2026-09-05 14:34:21.894 +05:30 [INF] Executed DbCommand (0ms) [Parameters=[@p0='?' (Size = 36), @p1='?' (Size = 5), @p2='?' (Size = 8), @p3='?' (Size = 13), @p4='?' (DbType = DateTimeOffset), @p5='?' (DbType = Double), @p6='?' (DbType = Double), @p7='?' (Size = 22), @p8='?', @p9='?' (Size = 10), @p10='?' (Size = 5), @p11='?' (Size = 23), @p12='?' (Size = 28)], CommandType='"Text"', CommandTimeout='30']
INSERT INTO "Breweries" ("Id", "BreweryType", "City", "Country", "LastRefreshedUtc", "Latitude", "Longitude", "Name", "Phone", "PostalCode", "State", "Street", "WebsiteUrl")
VALUES (@p0, @p1, @p2, @p3, @p4, @p5, @p6, @p7, @p8, @p9, @p10, @p11, @p12);
2026-09-05 14:34:21.894 +05:30 [INF] Executed DbCommand (0ms) [Parameters=[@p0='?' (Size = 36), @p1='?' (Size = 6), @p2='?' (Size = 12), @p3='?' (Size = 13), @p4='?' (DbType = DateTimeOffset), @p5='?' (DbType = Double), @p6='?' (DbType = Double), @p7='?' (Size = 20), @p8='?' (Size = 14), @p9='?' (Size = 10), @p10='?' (Size = 9), @p11='?' (Size = 16), @p12='?' (Size = 33)], CommandType='"Text"', CommandTimeout='30']
INSERT INTO "Breweries" ("Id", "BreweryType", "City", "Country", "LastRefreshedUtc", "Latitude", "Longitude", "Name", "Phone", "PostalCode", "State", "Street", "WebsiteUrl")
VALUES (@p0, @p1, @p2, @p3, @p4, @p5, @p6, @p7, @p8, @p9, @p10, @p11, @p12);
2026-09-05 14:34:21.894 +05:30 [INF] Executed DbCommand (0ms) [Parameters=[@p0='?' (Size = 36), @p1='?' (Size = 8), @p2='?' (Size = 7), @p3='?' (Size = 13), @p4='?' (DbType = DateTimeOffset), @p5='?' (DbType = Double), @p6='?' (DbType = Double), @p7='?' (Size = 20), @p8='?', @p9='?' (Size = 10), @p10='?' (Size = 8), @p11='?' (Size = 23), @p12='?' (Size = 33)], CommandType='"Text"', CommandTimeout='30']
INSERT INTO "Breweries" ("Id", "BreweryType", "City", "Country", "LastRefreshedUtc", "Latitude", "Longitude", "Name", "Phone", "PostalCode", "State", "Street", "WebsiteUrl")
VALUES (@p0, @p1, @p2, @p3, @p4, @p5, @p6, @p7, @p8, @p9, @p10, @p11, @p12);
2026-09-05 14:34:21.895 +05:30 [INF] Executed DbCommand (0ms) [Parameters=[@p0='?' (Size = 36), @p1='?' (Size = 7), @p2='?' (Size = 10), @p3='?' (Size = 13), @p4='?' (DbType = DateTimeOffset), @p5='?' (DbType = Double), @p6='?' (DbType = Double), @p7='?' (Size = 18), @p8='?' (Size = 14), @p9='?' (Size = 10), @p10='?' (Size = 10), @p11='?' (Size = 19), @p12='?' (Size = 28)], CommandType='"Text"', CommandTimeout='30']
INSERT INTO "Breweries" ("Id", "BreweryType", "City", "Country", "LastRefreshedUtc", "Latitude", "Longitude", "Name", "Phone", "PostalCode", "State", "Street", "WebsiteUrl")
VALUES (@p0, @p1, @p2, @p3, @p4, @p5, @p6, @p7, @p8, @p9, @p10, @p11, @p12);
2026-09-05 14:34:21.895 +05:30 [INF] Executed DbCommand (0ms) [Parameters=[@p0='?' (Size = 36), @p1='?' (Size = 5), @p2='?' (Size = 6), @p3='?' (Size = 13), @p4='?' (DbType = DateTimeOffset), @p5='?' (DbType = Double), @p6='?' (DbType = Double), @p7='?' (Size = 23), @p8='?' (Size = 14), @p9='?' (Size = 10), @p10='?' (Size = 6), @p11='?' (Size = 16), @p12='?' (Size = 26)], CommandType='"Text"', CommandTimeout='30']
INSERT INTO "Breweries" ("Id", "BreweryType", "City", "Country", "LastRefreshedUtc", "Latitude", "Longitude", "Name", "Phone", "PostalCode", "State", "Street", "WebsiteUrl")
VALUES (@p0, @p1, @p2, @p3, @p4, @p5, @p6, @p7, @p8, @p9, @p10, @p11, @p12);
2026-09-05 14:34:21.896 +05:30 [INF] Executed DbCommand (0ms) [Parameters=[@p0='?' (Size = 36), @p1='?' (Size = 5), @p2='?' (Size = 10), @p3='?' (Size = 13), @p4='?' (DbType = DateTimeOffset), @p5='?' (DbType = Double), @p6='?' (DbType = Double), @p7='?' (Size = 19), @p8='?' (Size = 14), @p9='?' (Size = 10), @p10='?' (Size = 5), @p11='?' (Size = 10), @p12='?' (Size = 26)], CommandType='"Text"', CommandTimeout='30']
INSERT INTO "Breweries" ("Id", "BreweryType", "City", "Country", "LastRefreshedUtc", "Latitude", "Longitude", "Name", "Phone", "PostalCode", "State", "Street", "WebsiteUrl")
VALUES (@p0, @p1, @p2, @p3, @p4, @p5, @p6, @p7, @p8, @p9, @p10, @p11, @p12);
2026-09-05 14:34:21.896 +05:30 [INF] Executed DbCommand (0ms) [Parameters=[@p0='?' (Size = 36), @p1='?' (Size = 5), @p2='?' (Size = 8), @p3='?' (Size = 7), @p4='?' (DbType = DateTimeOffset), @p5='?' (DbType = Double), @p6='?' (DbType = Double), @p7='?' (Size = 7), @p8='?' (Size = 16), @p9='?' (Size = 4), @p10='?' (Size = 10), @p11='?' (Size = 14), @p12='?' (Size = 22)], CommandType='"Text"', CommandTimeout='30']
INSERT INTO "Breweries" ("Id", "BreweryType", "City", "Country", "LastRefreshedUtc", "Latitude", "Longitude", "Name", "Phone", "PostalCode", "State", "Street", "WebsiteUrl")
VALUES (@p0, @p1, @p2, @p3, @p4, @p5, @p6, @p7, @p8, @p9, @p10, @p11, @p12);
2026-09-05 14:34:21.896 +05:30 [INF] Executed DbCommand (0ms) [Parameters=[@p0='?' (Size = 36), @p1='?' (Size = 5), @p2='?' (Size = 6), @p3='?' (Size = 13), @p4='?' (DbType = DateTimeOffset), @p5='?' (DbType = Double), @p6='?' (DbType = Double), @p7='?' (Size = 14), @p8='?' (Size = 14), @p9='?' (Size = 10), @p10='?' (Size = 6), @p11='?' (Size = 16), @p12='?' (Size = 28)], CommandType='"Text"', CommandTimeout='30']
INSERT INTO "Breweries" ("Id", "BreweryType", "City", "Country", "LastRefreshedUtc", "Latitude", "Longitude", "Name", "Phone", "PostalCode", "State", "Street", "WebsiteUrl")
VALUES (@p0, @p1, @p2, @p3, @p4, @p5, @p6, @p7, @p8, @p9, @p10, @p11, @p12);
2026-09-05 14:34:21.897 +05:30 [INF] Executed DbCommand (0ms) [Parameters=[@p0='?' (Size = 36), @p1='?' (Size = 5), @p2='?' (Size = 9), @p3='?' (Size = 13), @p4='?' (DbType = DateTimeOffset), @p5='?' (DbType = Double), @p6='?' (DbType = Double), @p7='?' (Size = 21), @p8='?' (Size = 14), @p9='?' (Size = 10), @p10='?' (Size = 10), @p11='?' (Size = 24), @p12='?' (Size = 27)], CommandType='"Text"', CommandTimeout='30']
INSERT INTO "Breweries" ("Id", "BreweryType", "City", "Country", "LastRefreshedUtc", "Latitude", "Longitude", "Name", "Phone", "PostalCode", "State", "Street", "WebsiteUrl")
VALUES (@p0, @p1, @p2, @p3, @p4, @p5, @p6, @p7, @p8, @p9, @p10, @p11, @p12);
2026-09-05 14:34:21.897 +05:30 [INF] Executed DbCommand (0ms) [Parameters=[@p0='?' (Size = 36), @p1='?' (Size = 7), @p2='?' (Size = 6), @p3='?' (Size = 13), @p4='?' (DbType = DateTimeOffset), @p5='?' (DbType = Double), @p6='?' (DbType = Double), @p7='?' (Size = 29), @p8='?' (Size = 14), @p9='?' (Size = 10), @p10='?' (Size = 8), @p11='?' (Size = 12), @p12='?' (Size = 41)], CommandType='"Text"', CommandTimeout='30']
INSERT INTO "Breweries" ("Id", "BreweryType", "City", "Country", "LastRefreshedUtc", "Latitude", "Longitude", "Name", "Phone", "PostalCode", "State", "Street", "WebsiteUrl")
VALUES (@p0, @p1, @p2, @p3, @p4, @p5, @p6, @p7, @p8, @p9, @p10, @p11, @p12);
2026-09-05 14:34:21.897 +05:30 [INF] Executed DbCommand (0ms) [Parameters=[@p0='?' (Size = 36), @p1='?' (Size = 5), @p2='?' (Size = 10), @p3='?' (Size = 13), @p4='?' (DbType = DateTimeOffset), @p5='?' (DbType = Double), @p6='?' (DbType = Double), @p7='?' (Size = 29), @p8='?' (Size = 14), @p9='?' (Size = 10), @p10='?' (Size = 10), @p11='?' (Size = 15), @p12='?' (Size = 27)], CommandType='"Text"', CommandTimeout='30']
INSERT INTO "Breweries" ("Id", "BreweryType", "City", "Country", "LastRefreshedUtc", "Latitude", "Longitude", "Name", "Phone", "PostalCode", "State", "Street", "WebsiteUrl")
VALUES (@p0, @p1, @p2, @p3, @p4, @p5, @p6, @p7, @p8, @p9, @p10, @p11, @p12);
2026-09-05 14:34:21.898 +05:30 [INF] Executed DbCommand (0ms) [Parameters=[@p0='?' (Size = 36), @p1='?' (Size = 7), @p2='?' (Size = 8), @p3='?' (Size = 13), @p4='?' (DbType = DateTimeOffset), @p5='?' (DbType = Double), @p6='?' (DbType = Double), @p7='?' (Size = 21), @p8='?' (Size = 14), @p9='?' (Size = 10), @p10='?' (Size = 10), @p11='?' (Size = 12), @p12='?'], CommandType='"Text"', CommandTimeout='30']
INSERT INTO "Breweries" ("Id", "BreweryType", "City", "Country", "LastRefreshedUtc", "Latitude", "Longitude", "Name", "Phone", "PostalCode", "State", "Street", "WebsiteUrl")
VALUES (@p0, @p1, @p2, @p3, @p4, @p5, @p6, @p7, @p8, @p9, @p10, @p11, @p12);
2026-09-05 14:34:21.898 +05:30 [INF] Executed DbCommand (0ms) [Parameters=[@p0='?' (Size = 36), @p1='?' (Size = 6), @p2='?' (Size = 10), @p3='?' (Size = 13), @p4='?' (DbType = DateTimeOffset), @p5='?' (DbType = Double), @p6='?' (DbType = Double), @p7='?' (Size = 17), @p8='?' (Size = 14), @p9='?' (Size = 5), @p10='?' (Size = 11), @p11='?' (Size = 21), @p12='?' (Size = 30)], CommandType='"Text"', CommandTimeout='30']
INSERT INTO "Breweries" ("Id", "BreweryType", "City", "Country", "LastRefreshedUtc", "Latitude", "Longitude", "Name", "Phone", "PostalCode", "State", "Street", "WebsiteUrl")
VALUES (@p0, @p1, @p2, @p3, @p4, @p5, @p6, @p7, @p8, @p9, @p10, @p11, @p12);
2026-09-05 14:34:21.899 +05:30 [INF] Executed DbCommand (0ms) [Parameters=[@p0='?' (Size = 36), @p1='?' (Size = 5), @p2='?' (Size = 9), @p3='?' (Size = 13), @p4='?' (DbType = DateTimeOffset), @p5='?' (DbType = Double), @p6='?' (DbType = Double), @p7='?' (Size = 24), @p8='?' (Size = 14), @p9='?' (Size = 10), @p10='?' (Size = 8), @p11='?' (Size = 13), @p12='?' (Size = 24)], CommandType='"Text"', CommandTimeout='30']
INSERT INTO "Breweries" ("Id", "BreweryType", "City", "Country", "LastRefreshedUtc", "Latitude", "Longitude", "Name", "Phone", "PostalCode", "State", "Street", "WebsiteUrl")
VALUES (@p0, @p1, @p2, @p3, @p4, @p5, @p6, @p7, @p8, @p9, @p10, @p11, @p12);
2026-09-05 14:34:21.899 +05:30 [INF] Executed DbCommand (0ms) [Parameters=[@p0='?' (Size = 36), @p1='?' (Size = 5), @p2='?' (Size = 10), @p3='?' (Size = 13), @p4='?' (DbType = DateTimeOffset), @p5='?' (DbType = Double), @p6='?' (DbType = Double), @p7='?' (Size = 19), @p8='?' (Size = 14), @p9='?' (Size = 10), @p10='?' (Size = 10), @p11='?', @p12='?' (Size = 37)], CommandType='"Text"', CommandTimeout='30']
INSERT INTO "Breweries" ("Id", "BreweryType", "City", "Country", "LastRefreshedUtc", "Latitude", "Longitude", "Name", "Phone", "PostalCode", "State", "Street", "WebsiteUrl")
VALUES (@p0, @p1, @p2, @p3, @p4, @p5, @p6, @p7, @p8, @p9, @p10, @p11, @p12);
2026-09-05 14:34:21.899 +05:30 [INF] Executed DbCommand (0ms) [Parameters=[@p0='?' (Size = 36), @p1='?' (Size = 8), @p2='?' (Size = 8), @p3='?' (Size = 13), @p4='?' (DbType = DateTimeOffset), @p5='?' (DbType = Double), @p6='?' (DbType = Double), @p7='?' (Size = 19), @p8='?' (Size = 14), @p9='?' (Size = 10), @p10='?' (Size = 13), @p11='?', @p12='?' (Size = 29)], CommandType='"Text"', CommandTimeout='30']
INSERT INTO "Breweries" ("Id", "BreweryType", "City", "Country", "LastRefreshedUtc", "Latitude", "Longitude", "Name", "Phone", "PostalCode", "State", "Street", "WebsiteUrl")
VALUES (@p0, @p1, @p2, @p3, @p4, @p5, @p6, @p7, @p8, @p9, @p10, @p11, @p12);
2026-09-05 14:34:21.900 +05:30 [INF] Executed DbCommand (0ms) [Parameters=[@p0='?' (Size = 36), @p1='?' (Size = 5), @p2='?' (Size = 10), @p3='?' (Size = 13), @p4='?' (DbType = DateTimeOffset), @p5='?' (DbType = Double), @p6='?' (DbType = Double), @p7='?' (Size = 21), @p8='?' (Size = 14), @p9='?' (Size = 10), @p10='?' (Size = 12), @p11='?' (Size = 20), @p12='?' (Size = 36)], CommandType='"Text"', CommandTimeout='30']
INSERT INTO "Breweries" ("Id", "BreweryType", "City", "Country", "LastRefreshedUtc", "Latitude", "Longitude", "Name", "Phone", "PostalCode", "State", "Street", "WebsiteUrl")
VALUES (@p0, @p1, @p2, @p3, @p4, @p5, @p6, @p7, @p8, @p9, @p10, @p11, @p12);
2026-09-05 14:34:21.900 +05:30 [INF] Executed DbCommand (0ms) [Parameters=[@p0='?' (Size = 36), @p1='?' (Size = 7), @p2='?' (Size = 5), @p3='?' (Size = 5), @p4='?' (DbType = DateTimeOffset), @p5='?' (DbType = Double), @p6='?' (DbType = Double), @p7='?' (Size = 11), @p8='?' (Size = 11), @p9='?' (Size = 8), @p10='?' (Size = 5), @p11='?' (Size = 48), @p12='?' (Size = 37)], CommandType='"Text"', CommandTimeout='30']
INSERT INTO "Breweries" ("Id", "BreweryType", "City", "Country", "LastRefreshedUtc", "Latitude", "Longitude", "Name", "Phone", "PostalCode", "State", "Street", "WebsiteUrl")
VALUES (@p0, @p1, @p2, @p3, @p4, @p5, @p6, @p7, @p8, @p9, @p10, @p11, @p12);
2026-09-05 14:34:21.901 +05:30 [INF] Executed DbCommand (0ms) [Parameters=[@p0='?' (Size = 36), @p1='?' (Size = 7), @p2='?' (Size = 12), @p3='?' (Size = 13), @p4='?' (DbType = DateTimeOffset), @p5='?' (DbType = Double), @p6='?' (DbType = Double), @p7='?' (Size = 23), @p8='?' (Size = 14), @p9='?' (Size = 10), @p10='?' (Size = 12), @p11='?' (Size = 17), @p12='?' (Size = 26)], CommandType='"Text"', CommandTimeout='30']
INSERT INTO "Breweries" ("Id", "BreweryType", "City", "Country", "LastRefreshedUtc", "Latitude", "Longitude", "Name", "Phone", "PostalCode", "State", "Street", "WebsiteUrl")
VALUES (@p0, @p1, @p2, @p3, @p4, @p5, @p6, @p7, @p8, @p9, @p10, @p11, @p12);
2026-09-05 14:34:21.901 +05:30 [INF] Executed DbCommand (0ms) [Parameters=[@p0='?' (Size = 36), @p1='?' (Size = 5), @p2='?' (Size = 9), @p3='?' (Size = 13), @p4='?' (DbType = DateTimeOffset), @p5='?' (DbType = Double), @p6='?' (DbType = Double), @p7='?' (Size = 19), @p8='?', @p9='?' (Size = 10), @p10='?' (Size = 9), @p11='?' (Size = 15), @p12='?' (Size = 32)], CommandType='"Text"', CommandTimeout='30']
INSERT INTO "Breweries" ("Id", "BreweryType", "City", "Country", "LastRefreshedUtc", "Latitude", "Longitude", "Name", "Phone", "PostalCode", "State", "Street", "WebsiteUrl")
VALUES (@p0, @p1, @p2, @p3, @p4, @p5, @p6, @p7, @p8, @p9, @p10, @p11, @p12);
2026-09-05 14:34:21.902 +05:30 [INF] Executed DbCommand (0ms) [Parameters=[@p0='?' (Size = 36), @p1='?' (Size = 7), @p2='?' (Size = 19), @p3='?' (Size = 13), @p4='?' (DbType = DateTimeOffset), @p5='?' (DbType = Double), @p6='?' (DbType = Double), @p7='?' (Size = 19), @p8='?' (Size = 14), @p9='?' (Size = 10), @p10='?' (Size = 5), @p11='?' (Size = 19), @p12='?' (Size = 30)], CommandType='"Text"', CommandTimeout='30']
INSERT INTO "Breweries" ("Id", "BreweryType", "City", "Country", "LastRefreshedUtc", "Latitude", "Longitude", "Name", "Phone", "PostalCode", "State", "Street", "WebsiteUrl")
VALUES (@p0, @p1, @p2, @p3, @p4, @p5, @p6, @p7, @p8, @p9, @p10, @p11, @p12);
2026-09-05 14:34:21.903 +05:30 [INF] Executed DbCommand (0ms) [Parameters=[@p0='?' (Size = 36), @p1='?' (Size = 4), @p2='?' (Size = 7), @p3='?' (Size = 13), @p4='?' (DbType = DateTimeOffset), @p5='?' (DbType = Double), @p6='?' (DbType = Double), @p7='?' (Size = 15), @p8='?', @p9='?' (Size = 5), @p10='?' (Size = 11), @p11='?', @p12='?' (Size = 29)], CommandType='"Text"', CommandTimeout='30']
INSERT INTO "Breweries" ("Id", "BreweryType", "City", "Country", "LastRefreshedUtc", "Latitude", "Longitude", "Name", "Phone", "PostalCode", "State", "Street", "WebsiteUrl")
VALUES (@p0, @p1, @p2, @p3, @p4, @p5, @p6, @p7, @p8, @p9, @p10, @p11, @p12);
2026-09-05 14:34:21.904 +05:30 [INF] Executed DbCommand (0ms) [Parameters=[@p0='?' (Size = 36), @p1='?' (Size = 5), @p2='?' (Size = 10), @p3='?' (Size = 11), @p4='?' (DbType = DateTimeOffset), @p5='?' (DbType = Double), @p6='?' (DbType = Double), @p7='?' (Size = 16), @p8='?' (Size = 14), @p9='?' (Size = 4), @p10='?' (Size = 12), @p11='?' (Size = 17), @p12='?' (Size = 34)], CommandType='"Text"', CommandTimeout='30']
INSERT INTO "Breweries" ("Id", "BreweryType", "City", "Country", "LastRefreshedUtc", "Latitude", "Longitude", "Name", "Phone", "PostalCode", "State", "Street", "WebsiteUrl")
VALUES (@p0, @p1, @p2, @p3, @p4, @p5, @p6, @p7, @p8, @p9, @p10, @p11, @p12);
2026-09-05 14:34:21.904 +05:30 [INF] Executed DbCommand (0ms) [Parameters=[@p0='?' (Size = 36), @p1='?' (Size = 5), @p2='?' (Size = 14), @p3='?' (Size = 7), @p4='?' (DbType = DateTimeOffset), @p5='?' (DbType = Double), @p6='?' (DbType = Double), @p7='?' (Size = 26), @p8='?' (Size = 14), @p9='?' (Size = 8), @p10='?' (Size = 11), @p11='?' (Size = 24), @p12='?' (Size = 33)], CommandType='"Text"', CommandTimeout='30']
INSERT INTO "Breweries" ("Id", "BreweryType", "City", "Country", "LastRefreshedUtc", "Latitude", "Longitude", "Name", "Phone", "PostalCode", "State", "Street", "WebsiteUrl")
VALUES (@p0, @p1, @p2, @p3, @p4, @p5, @p6, @p7, @p8, @p9, @p10, @p11, @p12);
2026-09-05 14:34:21.905 +05:30 [INF] Executed DbCommand (0ms) [Parameters=[@p0='?' (Size = 36), @p1='?' (Size = 8), @p2='?' (Size = 11), @p3='?' (Size = 13), @p4='?' (DbType = DateTimeOffset), @p5='?' (DbType = Double), @p6='?' (DbType = Double), @p7='?' (Size = 22), @p8='?' (Size = 14), @p9='?' (Size = 10), @p10='?' (Size = 10), @p11='?' (Size = 23), @p12='?' (Size = 29)], CommandType='"Text"', CommandTimeout='30']
INSERT INTO "Breweries" ("Id", "BreweryType", "City", "Country", "LastRefreshedUtc", "Latitude", "Longitude", "Name", "Phone", "PostalCode", "State", "Street", "WebsiteUrl")
VALUES (@p0, @p1, @p2, @p3, @p4, @p5, @p6, @p7, @p8, @p9, @p10, @p11, @p12);
2026-09-05 14:34:21.906 +05:30 [INF] Executed DbCommand (0ms) [Parameters=[@p0='?' (Size = 36), @p1='?' (Size = 5), @p2='?' (Size = 10), @p3='?' (Size = 11), @p4='?' (DbType = DateTimeOffset), @p5='?' (DbType = Double), @p6='?' (DbType = Double), @p7='?' (Size = 8), @p8='?' (Size = 14), @p9='?' (Size = 4), @p10='?' (Size = 17), @p11='?' (Size = 18), @p12='?' (Size = 26)], CommandType='"Text"', CommandTimeout='30']
INSERT INTO "Breweries" ("Id", "BreweryType", "City", "Country", "LastRefreshedUtc", "Latitude", "Longitude", "Name", "Phone", "PostalCode", "State", "Street", "WebsiteUrl")
VALUES (@p0, @p1, @p2, @p3, @p4, @p5, @p6, @p7, @p8, @p9, @p10, @p11, @p12);
2026-09-05 14:34:21.906 +05:30 [INF] Executed DbCommand (0ms) [Parameters=[@p0='?' (Size = 36), @p1='?' (Size = 7), @p2='?' (Size = 9), @p3='?' (Size = 13), @p4='?' (DbType = DateTimeOffset), @p5='?' (DbType = Double), @p6='?' (DbType = Double), @p7='?' (Size = 21), @p8='?' (Size = 14), @p9='?' (Size = 10), @p10='?' (Size = 8), @p11='?' (Size = 16), @p12='?' (Size = 28)], CommandType='"Text"', CommandTimeout='30']
INSERT INTO "Breweries" ("Id", "BreweryType", "City", "Country", "LastRefreshedUtc", "Latitude", "Longitude", "Name", "Phone", "PostalCode", "State", "Street", "WebsiteUrl")
VALUES (@p0, @p1, @p2, @p3, @p4, @p5, @p6, @p7, @p8, @p9, @p10, @p11, @p12);
2026-09-05 14:34:21.907 +05:30 [INF] Executed DbCommand (0ms) [Parameters=[@p0='?' (Size = 36), @p1='?' (Size = 5), @p2='?' (Size = 10), @p3='?' (Size = 13), @p4='?' (DbType = DateTimeOffset), @p5='?' (DbType = Double), @p6='?' (DbType = Double), @p7='?' (Size = 21), @p8='?' (Size = 14), @p9='?' (Size = 5), @p10='?' (Size = 6), @p11='?' (Size = 16), @p12='?' (Size = 27)], CommandType='"Text"', CommandTimeout='30']
INSERT INTO "Breweries" ("Id", "BreweryType", "City", "Country", "LastRefreshedUtc", "Latitude", "Longitude", "Name", "Phone", "PostalCode", "State", "Street", "WebsiteUrl")
VALUES (@p0, @p1, @p2, @p3, @p4, @p5, @p6, @p7, @p8, @p9, @p10, @p11, @p12);
2026-09-05 14:34:21.907 +05:30 [INF] Executed DbCommand (0ms) [Parameters=[@p0='?' (Size = 36), @p1='?' (Size = 5), @p2='?' (Size = 9), @p3='?' (Size = 9), @p4='?' (DbType = DateTimeOffset), @p5='?' (DbType = Double), @p6='?' (DbType = Double), @p7='?' (Size = 22), @p8='?' (Size = 15), @p9='?' (Size = 4), @p10='?' (Size = 3), @p11='?' (Size = 20), @p12='?' (Size = 32)], CommandType='"Text"', CommandTimeout='30']
INSERT INTO "Breweries" ("Id", "BreweryType", "City", "Country", "LastRefreshedUtc", "Latitude", "Longitude", "Name", "Phone", "PostalCode", "State", "Street", "WebsiteUrl")
VALUES (@p0, @p1, @p2, @p3, @p4, @p5, @p6, @p7, @p8, @p9, @p10, @p11, @p12);
2026-09-05 14:34:21.908 +05:30 [INF] Executed DbCommand (0ms) [Parameters=[@p0='?' (Size = 36), @p1='?' (Size = 5), @p2='?' (Size = 6), @p3='?' (Size = 13), @p4='?' (DbType = DateTimeOffset), @p5='?' (DbType = Double), @p6='?' (DbType = Double), @p7='?' (Size = 14), @p8='?' (Size = 14), @p9='?' (Size = 10), @p10='?' (Size = 8), @p11='?' (Size = 22), @p12='?' (Size = 28)], CommandType='"Text"', CommandTimeout='30']
INSERT INTO "Breweries" ("Id", "BreweryType", "City", "Country", "LastRefreshedUtc", "Latitude", "Longitude", "Name", "Phone", "PostalCode", "State", "Street", "WebsiteUrl")
VALUES (@p0, @p1, @p2, @p3, @p4, @p5, @p6, @p7, @p8, @p9, @p10, @p11, @p12);
2026-09-05 14:34:21.908 +05:30 [INF] Executed DbCommand (0ms) [Parameters=[@p0='?' (Size = 36), @p1='?' (Size = 5), @p2='?' (Size = 5), @p3='?' (Size = 13), @p4='?' (DbType = DateTimeOffset), @p5='?' (DbType = Double), @p6='?' (DbType = Double), @p7='?' (Size = 21), @p8='?' (Size = 14), @p9='?' (Size = 10), @p10='?' (Size = 9), @p11='?' (Size = 11), @p12='?' (Size = 25)], CommandType='"Text"', CommandTimeout='30']
INSERT INTO "Breweries" ("Id", "BreweryType", "City", "Country", "LastRefreshedUtc", "Latitude", "Longitude", "Name", "Phone", "PostalCode", "State", "Street", "WebsiteUrl")
VALUES (@p0, @p1, @p2, @p3, @p4, @p5, @p6, @p7, @p8, @p9, @p10, @p11, @p12);
2026-09-05 14:34:21.908 +05:30 [INF] Executed DbCommand (0ms) [Parameters=[@p0='?' (Size = 36), @p1='?' (Size = 7), @p2='?' (Size = 11), @p3='?' (Size = 13), @p4='?' (DbType = DateTimeOffset), @p5='?' (DbType = Double), @p6='?' (DbType = Double), @p7='?' (Size = 22), @p8='?' (Size = 14), @p9='?' (Size = 10), @p10='?' (Size = 10), @p11='?' (Size = 23), @p12='?' (Size = 31)], CommandType='"Text"', CommandTimeout='30']
INSERT INTO "Breweries" ("Id", "BreweryType", "City", "Country", "LastRefreshedUtc", "Latitude", "Longitude", "Name", "Phone", "PostalCode", "State", "Street", "WebsiteUrl")
VALUES (@p0, @p1, @p2, @p3, @p4, @p5, @p6, @p7, @p8, @p9, @p10, @p11, @p12);
2026-09-05 14:34:21.909 +05:30 [INF] Executed DbCommand (0ms) [Parameters=[@p0='?' (Size = 36), @p1='?' (Size = 7), @p2='?' (Size = 7), @p3='?' (Size = 13), @p4='?' (DbType = DateTimeOffset), @p5='?' (DbType = Double), @p6='?' (DbType = Double), @p7='?' (Size = 20), @p8='?' (Size = 14), @p9='?' (Size = 10), @p10='?' (Size = 9), @p11='?' (Size = 17), @p12='?' (Size = 26)], CommandType='"Text"', CommandTimeout='30']
INSERT INTO "Breweries" ("Id", "BreweryType", "City", "Country", "LastRefreshedUtc", "Latitude", "Longitude", "Name", "Phone", "PostalCode", "State", "Street", "WebsiteUrl")
VALUES (@p0, @p1, @p2, @p3, @p4, @p5, @p6, @p7, @p8, @p9, @p10, @p11, @p12);
2026-09-05 14:34:21.909 +05:30 [INF] Executed DbCommand (0ms) [Parameters=[@p0='?' (Size = 36), @p1='?' (Size = 7), @p2='?' (Size = 10), @p3='?' (Size = 7), @p4='?' (DbType = DateTimeOffset), @p5='?' (DbType = Double), @p6='?' (DbType = Double), @p7='?' (Size = 14), @p8='?' (Size = 14), @p9='?' (Size = 5), @p10='?' (Size = 6), @p11='?' (Size = 17), @p12='?' (Size = 29)], CommandType='"Text"', CommandTimeout='30']
INSERT INTO "Breweries" ("Id", "BreweryType", "City", "Country", "LastRefreshedUtc", "Latitude", "Longitude", "Name", "Phone", "PostalCode", "State", "Street", "WebsiteUrl")
VALUES (@p0, @p1, @p2, @p3, @p4, @p5, @p6, @p7, @p8, @p9, @p10, @p11, @p12);
2026-09-05 14:34:21.909 +05:30 [INF] Executed DbCommand (0ms) [Parameters=[@p0='?' (Size = 36), @p1='?' (Size = 5), @p2='?' (Size = 5), @p3='?' (Size = 13), @p4='?' (DbType = DateTimeOffset), @p5='?' (DbType = Double), @p6='?' (DbType = Double), @p7='?' (Size = 30), @p8='?' (Size = 14), @p9='?' (Size = 10), @p10='?' (Size = 12), @p11='?' (Size = 17), @p12='?' (Size = 37)], CommandType='"Text"', CommandTimeout='30']
INSERT INTO "Breweries" ("Id", "BreweryType", "City", "Country", "LastRefreshedUtc", "Latitude", "Longitude", "Name", "Phone", "PostalCode", "State", "Street", "WebsiteUrl")
VALUES (@p0, @p1, @p2, @p3, @p4, @p5, @p6, @p7, @p8, @p9, @p10, @p11, @p12);
2026-09-05 14:34:21.910 +05:30 [INF] Executed DbCommand (0ms) [Parameters=[@p0='?' (Size = 36), @p1='?' (Size = 5), @p2='?' (Size = 12), @p3='?' (Size = 13), @p4='?' (DbType = DateTimeOffset), @p5='?' (DbType = Double), @p6='?' (DbType = Double), @p7='?' (Size = 33), @p8='?' (Size = 14), @p9='?' (Size = 10), @p10='?' (Size = 7), @p11='?' (Size = 15), @p12='?'], CommandType='"Text"', CommandTimeout='30']
INSERT INTO "Breweries" ("Id", "BreweryType", "City", "Country", "LastRefreshedUtc", "Latitude", "Longitude", "Name", "Phone", "PostalCode", "State", "Street", "WebsiteUrl")
VALUES (@p0, @p1, @p2, @p3, @p4, @p5, @p6, @p7, @p8, @p9, @p10, @p11, @p12);
2026-09-05 14:34:21.910 +05:30 [INF] Executed DbCommand (0ms) [Parameters=[@p0='?' (Size = 36), @p1='?' (Size = 5), @p2='?' (Size = 9), @p3='?' (Size = 7), @p4='?' (DbType = DateTimeOffset), @p5='?' (DbType = Double), @p6='?' (DbType = Double), @p7='?' (Size = 21), @p8='?' (Size = 14), @p9='?' (Size = 4), @p10='?' (Size = 10), @p11='?' (Size = 11), @p12='?' (Size = 36)], CommandType='"Text"', CommandTimeout='30']
INSERT INTO "Breweries" ("Id", "BreweryType", "City", "Country", "LastRefreshedUtc", "Latitude", "Longitude", "Name", "Phone", "PostalCode", "State", "Street", "WebsiteUrl")
VALUES (@p0, @p1, @p2, @p3, @p4, @p5, @p6, @p7, @p8, @p9, @p10, @p11, @p12);
2026-09-05 14:34:21.911 +05:30 [INF] Executed DbCommand (0ms) [Parameters=[@p0='?' (Size = 36), @p1='?' (Size = 5), @p2='?' (Size = 9), @p3='?' (Size = 13), @p4='?' (DbType = DateTimeOffset), @p5='?' (DbType = Double), @p6='?' (DbType = Double), @p7='?' (Size = 20), @p8='?' (Size = 14), @p9='?' (Size = 10), @p10='?' (Size = 9), @p11='?' (Size = 16), @p12='?' (Size = 33)], CommandType='"Text"', CommandTimeout='30']
INSERT INTO "Breweries" ("Id", "BreweryType", "City", "Country", "LastRefreshedUtc", "Latitude", "Longitude", "Name", "Phone", "PostalCode", "State", "Street", "WebsiteUrl")
VALUES (@p0, @p1, @p2, @p3, @p4, @p5, @p6, @p7, @p8, @p9, @p10, @p11, @p12);
2026-09-05 14:34:21.911 +05:30 [INF] Executed DbCommand (0ms) [Parameters=[@p0='?' (Size = 36), @p1='?' (Size = 6), @p2='?' (Size = 5), @p3='?' (Size = 13), @p4='?' (DbType = DateTimeOffset), @p5='?' (DbType = Double), @p6='?' (DbType = Double), @p7='?' (Size = 22), @p8='?' (Size = 14), @p9='?' (Size = 10), @p10='?' (Size = 13), @p11='?' (Size = 16), @p12='?' (Size = 28)], CommandType='"Text"', CommandTimeout='30']
INSERT INTO "Breweries" ("Id", "BreweryType", "City", "Country", "LastRefreshedUtc", "Latitude", "Longitude", "Name", "Phone", "PostalCode", "State", "Street", "WebsiteUrl")
VALUES (@p0, @p1, @p2, @p3, @p4, @p5, @p6, @p7, @p8, @p9, @p10, @p11, @p12);
2026-09-05 14:34:21.911 +05:30 [INF] Executed DbCommand (0ms) [Parameters=[@p0='?' (Size = 36), @p1='?' (Size = 5), @p2='?' (Size = 10), @p3='?' (Size = 13), @p4='?' (DbType = DateTimeOffset), @p5='?' (DbType = Double), @p6='?' (DbType = Double), @p7='?' (Size = 32), @p8='?' (Size = 14), @p9='?' (Size = 10), @p10='?' (Size = 8), @p11='?' (Size = 13), @p12='?' (Size = 37)], CommandType='"Text"', CommandTimeout='30']
INSERT INTO "Breweries" ("Id", "BreweryType", "City", "Country", "LastRefreshedUtc", "Latitude", "Longitude", "Name", "Phone", "PostalCode", "State", "Street", "WebsiteUrl")
VALUES (@p0, @p1, @p2, @p3, @p4, @p5, @p6, @p7, @p8, @p9, @p10, @p11, @p12);
2026-09-05 14:34:21.912 +05:30 [INF] Executed DbCommand (0ms) [Parameters=[@p0='?' (Size = 36), @p1='?' (Size = 5), @p2='?' (Size = 7), @p3='?' (Size = 7), @p4='?' (DbType = DateTimeOffset), @p5='?' (DbType = Double), @p6='?' (DbType = Double), @p7='?' (Size = 7), @p8='?' (Size = 16), @p9='?' (Size = 4), @p10='?' (Size = 10), @p11='?' (Size = 18), @p12='?' (Size = 22)], CommandType='"Text"', CommandTimeout='30']
INSERT INTO "Breweries" ("Id", "BreweryType", "City", "Country", "LastRefreshedUtc", "Latitude", "Longitude", "Name", "Phone", "PostalCode", "State", "Street", "WebsiteUrl")
VALUES (@p0, @p1, @p2, @p3, @p4, @p5, @p6, @p7, @p8, @p9, @p10, @p11, @p12);
2026-09-05 14:34:21.912 +05:30 [INF] Executed DbCommand (0ms) [Parameters=[@p0='?' (Size = 36), @p1='?' (Size = 5), @p2='?' (Size = 13), @p3='?' (Size = 13), @p4='?' (DbType = DateTimeOffset), @p5='?' (DbType = Double), @p6='?' (DbType = Double), @p7='?' (Size = 25), @p8='?' (Size = 14), @p9='?' (Size = 10), @p10='?' (Size = 7), @p11='?' (Size = 20), @p12='?'], CommandType='"Text"', CommandTimeout='30']
INSERT INTO "Breweries" ("Id", "BreweryType", "City", "Country", "LastRefreshedUtc", "Latitude", "Longitude", "Name", "Phone", "PostalCode", "State", "Street", "WebsiteUrl")
VALUES (@p0, @p1, @p2, @p3, @p4, @p5, @p6, @p7, @p8, @p9, @p10, @p11, @p12);
2026-09-05 14:34:21.913 +05:30 [INF] Executed DbCommand (0ms) [Parameters=[@p0='?' (Size = 36), @p1='?' (Size = 5), @p2='?' (Size = 8), @p3='?' (Size = 13), @p4='?' (DbType = DateTimeOffset), @p5='?' (DbType = Double), @p6='?' (DbType = Double), @p7='?' (Size = 21), @p8='?' (Size = 14), @p9='?' (Size = 10), @p10='?' (Size = 10), @p11='?' (Size = 16), @p12='?' (Size = 39)], CommandType='"Text"', CommandTimeout='30']
INSERT INTO "Breweries" ("Id", "BreweryType", "City", "Country", "LastRefreshedUtc", "Latitude", "Longitude", "Name", "Phone", "PostalCode", "State", "Street", "WebsiteUrl")
VALUES (@p0, @p1, @p2, @p3, @p4, @p5, @p6, @p7, @p8, @p9, @p10, @p11, @p12);
2026-09-05 14:34:21.913 +05:30 [INF] Executed DbCommand (0ms) [Parameters=[@p0='?' (Size = 36), @p1='?' (Size = 5), @p2='?' (Size = 9), @p3='?' (Size = 13), @p4='?' (DbType = DateTimeOffset), @p5='?' (DbType = Double), @p6='?' (DbType = Double), @p7='?' (Size = 18), @p8='?' (Size = 14), @p9='?' (Size = 10), @p10='?' (Size = 10), @p11='?' (Size = 21), @p12='?' (Size = 24)], CommandType='"Text"', CommandTimeout='30']
INSERT INTO "Breweries" ("Id", "BreweryType", "City", "Country", "LastRefreshedUtc", "Latitude", "Longitude", "Name", "Phone", "PostalCode", "State", "Street", "WebsiteUrl")
VALUES (@p0, @p1, @p2, @p3, @p4, @p5, @p6, @p7, @p8, @p9, @p10, @p11, @p12);
2026-09-05 14:34:21.913 +05:30 [INF] Executed DbCommand (0ms) [Parameters=[@p0='?' (Size = 36), @p1='?' (Size = 5), @p2='?' (Size = 16), @p3='?' (Size = 13), @p4='?' (DbType = DateTimeOffset), @p5='?' (DbType = Double), @p6='?' (DbType = Double), @p7='?' (Size = 17), @p8='?' (Size = 14), @p9='?' (Size = 10), @p10='?' (Size = 10), @p11='?' (Size = 22), @p12='?' (Size = 27)], CommandType='"Text"', CommandTimeout='30']
INSERT INTO "Breweries" ("Id", "BreweryType", "City", "Country", "LastRefreshedUtc", "Latitude", "Longitude", "Name", "Phone", "PostalCode", "State", "Street", "WebsiteUrl")
VALUES (@p0, @p1, @p2, @p3, @p4, @p5, @p6, @p7, @p8, @p9, @p10, @p11, @p12);
2026-09-05 14:34:21.914 +05:30 [INF] Executed DbCommand (0ms) [Parameters=[@p0='?' (Size = 36), @p1='?' (Size = 5), @p2='?' (Size = 14), @p3='?' (Size = 13), @p4='?' (DbType = DateTimeOffset), @p5='?' (DbType = Double), @p6='?' (DbType = Double), @p7='?' (Size = 16), @p8='?' (Size = 14), @p9='?' (Size = 10), @p10='?' (Size = 5), @p11='?' (Size = 21), @p12='?' (Size = 27)], CommandType='"Text"', CommandTimeout='30']
INSERT INTO "Breweries" ("Id", "BreweryType", "City", "Country", "LastRefreshedUtc", "Latitude", "Longitude", "Name", "Phone", "PostalCode", "State", "Street", "WebsiteUrl")
VALUES (@p0, @p1, @p2, @p3, @p4, @p5, @p6, @p7, @p8, @p9, @p10, @p11, @p12);
2026-09-05 14:34:21.914 +05:30 [INF] Executed DbCommand (0ms) [Parameters=[@p0='?' (Size = 36), @p1='?' (Size = 5), @p2='?' (Size = 6), @p3='?' (Size = 13), @p4='?' (DbType = DateTimeOffset), @p5='?' (DbType = Double), @p6='?' (DbType = Double), @p7='?' (Size = 15), @p8='?' (Size = 14), @p9='?' (Size = 10), @p10='?' (Size = 9), @p11='?' (Size = 26), @p12='?' (Size = 29)], CommandType='"Text"', CommandTimeout='30']
INSERT INTO "Breweries" ("Id", "BreweryType", "City", "Country", "LastRefreshedUtc", "Latitude", "Longitude", "Name", "Phone", "PostalCode", "State", "Street", "WebsiteUrl")
VALUES (@p0, @p1, @p2, @p3, @p4, @p5, @p6, @p7, @p8, @p9, @p10, @p11, @p12);
2026-09-05 14:34:21.914 +05:30 [INF] Executed DbCommand (0ms) [Parameters=[@p0='?' (Size = 36), @p1='?' (Size = 5), @p2='?' (Size = 12), @p3='?' (Size = 13), @p4='?' (DbType = DateTimeOffset), @p5='?' (DbType = Double), @p6='?' (DbType = Double), @p7='?' (Size = 13), @p8='?' (Size = 14), @p9='?' (Size = 10), @p10='?' (Size = 13), @p11='?' (Size = 12), @p12='?'], CommandType='"Text"', CommandTimeout='30']
INSERT INTO "Breweries" ("Id", "BreweryType", "City", "Country", "LastRefreshedUtc", "Latitude", "Longitude", "Name", "Phone", "PostalCode", "State", "Street", "WebsiteUrl")
VALUES (@p0, @p1, @p2, @p3, @p4, @p5, @p6, @p7, @p8, @p9, @p10, @p11, @p12);
2026-09-05 14:34:21.915 +05:30 [INF] Executed DbCommand (0ms) [Parameters=[@p0='?' (Size = 36), @p1='?' (Size = 5), @p2='?' (Size = 7), @p3='?' (Size = 13), @p4='?' (DbType = DateTimeOffset), @p5='?' (DbType = Double), @p6='?' (DbType = Double), @p7='?' (Size = 23), @p8='?' (Size = 14), @p9='?' (Size = 10), @p10='?' (Size = 6), @p11='?' (Size = 14), @p12='?'], CommandType='"Text"', CommandTimeout='30']
INSERT INTO "Breweries" ("Id", "BreweryType", "City", "Country", "LastRefreshedUtc", "Latitude", "Longitude", "Name", "Phone", "PostalCode", "State", "Street", "WebsiteUrl")
VALUES (@p0, @p1, @p2, @p3, @p4, @p5, @p6, @p7, @p8, @p9, @p10, @p11, @p12);
2026-09-05 14:34:21.915 +05:30 [INF] Executed DbCommand (0ms) [Parameters=[@p0='?' (Size = 36), @p1='?' (Size = 5), @p2='?' (Size = 10), @p3='?' (Size = 13), @p4='?' (DbType = DateTimeOffset), @p5='?' (DbType = Double), @p6='?' (DbType = Double), @p7='?' (Size = 37), @p8='?', @p9='?' (Size = 5), @p10='?' (Size = 8), @p11='?' (Size = 22), @p12='?'], CommandType='"Text"', CommandTimeout='30']
INSERT INTO "Breweries" ("Id", "BreweryType", "City", "Country", "LastRefreshedUtc", "Latitude", "Longitude", "Name", "Phone", "PostalCode", "State", "Street", "WebsiteUrl")
VALUES (@p0, @p1, @p2, @p3, @p4, @p5, @p6, @p7, @p8, @p9, @p10, @p11, @p12);
2026-09-05 14:34:21.916 +05:30 [INF] Executed DbCommand (0ms) [Parameters=[@p0='?' (Size = 36), @p1='?' (Size = 5), @p2='?' (Size = 6), @p3='?' (Size = 6), @p4='?' (DbType = DateTimeOffset), @p5='?' (DbType = Double), @p6='?' (DbType = Double), @p7='?' (Size = 19), @p8='?', @p9='?' (Size = 7), @p10='?' (Size = 7), @p11='?' (Size = 18), @p12='?' (Size = 25)], CommandType='"Text"', CommandTimeout='30']
INSERT INTO "Breweries" ("Id", "BreweryType", "City", "Country", "LastRefreshedUtc", "Latitude", "Longitude", "Name", "Phone", "PostalCode", "State", "Street", "WebsiteUrl")
VALUES (@p0, @p1, @p2, @p3, @p4, @p5, @p6, @p7, @p8, @p9, @p10, @p11, @p12);
2026-09-05 14:34:21.916 +05:30 [INF] Executed DbCommand (0ms) [Parameters=[@p0='?' (Size = 36), @p1='?' (Size = 8), @p2='?' (Size = 9), @p3='?' (Size = 13), @p4='?' (DbType = DateTimeOffset), @p5='?' (DbType = Double), @p6='?' (DbType = Double), @p7='?' (Size = 27), @p8='?' (Size = 14), @p9='?' (Size = 10), @p10='?' (Size = 8), @p11='?' (Size = 16), @p12='?' (Size = 26)], CommandType='"Text"', CommandTimeout='30']
INSERT INTO "Breweries" ("Id", "BreweryType", "City", "Country", "LastRefreshedUtc", "Latitude", "Longitude", "Name", "Phone", "PostalCode", "State", "Street", "WebsiteUrl")
VALUES (@p0, @p1, @p2, @p3, @p4, @p5, @p6, @p7, @p8, @p9, @p10, @p11, @p12);
2026-09-05 14:34:21.916 +05:30 [INF] Executed DbCommand (0ms) [Parameters=[@p0='?' (Size = 36), @p1='?' (Size = 5), @p2='?' (Size = 9), @p3='?' (Size = 13), @p4='?' (DbType = DateTimeOffset), @p5='?' (DbType = Double), @p6='?' (DbType = Double), @p7='?' (Size = 16), @p8='?', @p9='?' (Size = 10), @p10='?' (Size = 10), @p11='?' (Size = 16), @p12='?' (Size = 36)], CommandType='"Text"', CommandTimeout='30']
INSERT INTO "Breweries" ("Id", "BreweryType", "City", "Country", "LastRefreshedUtc", "Latitude", "Longitude", "Name", "Phone", "PostalCode", "State", "Street", "WebsiteUrl")
VALUES (@p0, @p1, @p2, @p3, @p4, @p5, @p6, @p7, @p8, @p9, @p10, @p11, @p12);
2026-09-05 14:34:21.917 +05:30 [INF] Executed DbCommand (0ms) [Parameters=[@p0='?' (Size = 36), @p1='?' (Size = 5), @p2='?' (Size = 11), @p3='?' (Size = 13), @p4='?' (DbType = DateTimeOffset), @p5='?' (DbType = Double), @p6='?' (DbType = Double), @p7='?' (Size = 12), @p8='?' (Size = 14), @p9='?' (Size = 10), @p10='?' (Size = 8), @p11='?' (Size = 21), @p12='?' (Size = 26)], CommandType='"Text"', CommandTimeout='30']
INSERT INTO "Breweries" ("Id", "BreweryType", "City", "Country", "LastRefreshedUtc", "Latitude", "Longitude", "Name", "Phone", "PostalCode", "State", "Street", "WebsiteUrl")
VALUES (@p0, @p1, @p2, @p3, @p4, @p5, @p6, @p7, @p8, @p9, @p10, @p11, @p12);
2026-09-05 14:34:21.917 +05:30 [INF] Executed DbCommand (0ms) [Parameters=[@p0='?' (Size = 36), @p1='?' (Size = 5), @p2='?' (Size = 13), @p3='?' (Size = 13), @p4='?' (DbType = DateTimeOffset), @p5='?' (DbType = Double), @p6='?' (DbType = Double), @p7='?' (Size = 20), @p8='?' (Size = 14), @p9='?' (Size = 5), @p10='?' (Size = 14), @p11='?' (Size = 14), @p12='?' (Size = 43)], CommandType='"Text"', CommandTimeout='30']
INSERT INTO "Breweries" ("Id", "BreweryType", "City", "Country", "LastRefreshedUtc", "Latitude", "Longitude", "Name", "Phone", "PostalCode", "State", "Street", "WebsiteUrl")
VALUES (@p0, @p1, @p2, @p3, @p4, @p5, @p6, @p7, @p8, @p9, @p10, @p11, @p12);
2026-09-05 14:34:21.918 +05:30 [INF] Executed DbCommand (0ms) [Parameters=[@p0='?' (Size = 36), @p1='?' (Size = 5), @p2='?' (Size = 7), @p3='?' (Size = 13), @p4='?' (DbType = DateTimeOffset), @p5='?' (DbType = Double), @p6='?' (DbType = Double), @p7='?' (Size = 13), @p8='?' (Size = 14), @p9='?' (Size = 10), @p10='?' (Size = 4), @p11='?' (Size = 12), @p12='?' (Size = 26)], CommandType='"Text"', CommandTimeout='30']
INSERT INTO "Breweries" ("Id", "BreweryType", "City", "Country", "LastRefreshedUtc", "Latitude", "Longitude", "Name", "Phone", "PostalCode", "State", "Street", "WebsiteUrl")
VALUES (@p0, @p1, @p2, @p3, @p4, @p5, @p6, @p7, @p8, @p9, @p10, @p11, @p12);
2026-09-05 14:34:21.918 +05:30 [INF] Executed DbCommand (0ms) [Parameters=[@p0='?' (Size = 36), @p1='?' (Size = 7), @p2='?' (Size = 9), @p3='?' (Size = 13), @p4='?' (DbType = DateTimeOffset), @p5='?' (DbType = Double), @p6='?' (DbType = Double), @p7='?' (Size = 22), @p8='?', @p9='?' (Size = 5), @p10='?' (Size = 13), @p11='?' (Size = 15), @p12='?'], CommandType='"Text"', CommandTimeout='30']
INSERT INTO "Breweries" ("Id", "BreweryType", "City", "Country", "LastRefreshedUtc", "Latitude", "Longitude", "Name", "Phone", "PostalCode", "State", "Street", "WebsiteUrl")
VALUES (@p0, @p1, @p2, @p3, @p4, @p5, @p6, @p7, @p8, @p9, @p10, @p11, @p12);
2026-09-05 14:34:21.919 +05:30 [INF] Executed DbCommand (0ms) [Parameters=[@p0='?' (Size = 36), @p1='?' (Size = 7), @p2='?' (Size = 8), @p3='?' (Size = 13), @p4='?' (DbType = DateTimeOffset), @p5='?' (DbType = Double), @p6='?' (DbType = Double), @p7='?' (Size = 19), @p8='?' (Size = 14), @p9='?' (Size = 10), @p10='?' (Size = 6), @p11='?' (Size = 12), @p12='?' (Size = 29)], CommandType='"Text"', CommandTimeout='30']
INSERT INTO "Breweries" ("Id", "BreweryType", "City", "Country", "LastRefreshedUtc", "Latitude", "Longitude", "Name", "Phone", "PostalCode", "State", "Street", "WebsiteUrl")
VALUES (@p0, @p1, @p2, @p3, @p4, @p5, @p6, @p7, @p8, @p9, @p10, @p11, @p12);
2026-09-05 14:34:21.919 +05:30 [INF] Executed DbCommand (0ms) [Parameters=[@p0='?' (Size = 36), @p1='?' (Size = 5), @p2='?' (Size = 10), @p3='?' (Size = 7), @p4='?' (DbType = DateTimeOffset), @p5='?' (DbType = Double), @p6='?' (DbType = Double), @p7='?' (Size = 29), @p8='?', @p9='?' (Size = 8), @p10='?' (Size = 5), @p11='?' (Size = 14), @p12='?' (Size = 30)], CommandType='"Text"', CommandTimeout='30']
INSERT INTO "Breweries" ("Id", "BreweryType", "City", "Country", "LastRefreshedUtc", "Latitude", "Longitude", "Name", "Phone", "PostalCode", "State", "Street", "WebsiteUrl")
VALUES (@p0, @p1, @p2, @p3, @p4, @p5, @p6, @p7, @p8, @p9, @p10, @p11, @p12);
2026-09-05 14:34:21.920 +05:30 [INF] Executed DbCommand (0ms) [Parameters=[@p0='?' (Size = 36), @p1='?' (Size = 7), @p2='?' (Size = 19), @p3='?' (Size = 13), @p4='?' (DbType = DateTimeOffset), @p5='?' (DbType = Double), @p6='?' (DbType = Double), @p7='?' (Size = 19), @p8='?' (Size = 14), @p9='?' (Size = 10), @p10='?' (Size = 10), @p11='?' (Size = 16), @p12='?' (Size = 32)], CommandType='"Text"', CommandTimeout='30']
INSERT INTO "Breweries" ("Id", "BreweryType", "City", "Country", "LastRefreshedUtc", "Latitude", "Longitude", "Name", "Phone", "PostalCode", "State", "Street", "WebsiteUrl")
VALUES (@p0, @p1, @p2, @p3, @p4, @p5, @p6, @p7, @p8, @p9, @p10, @p11, @p12);
2026-09-05 14:34:21.922 +05:30 [INF] Executed DbCommand (0ms) [Parameters=[@p0='?' (Size = 36), @p1='?' (Size = 7), @p2='?' (Size = 6), @p3='?' (Size = 13), @p4='?' (DbType = DateTimeOffset), @p5='?' (DbType = Double), @p6='?' (DbType = Double), @p7='?' (Size = 19), @p8='?' (Size = 14), @p9='?' (Size = 10), @p10='?' (Size = 8), @p11='?' (Size = 19), @p12='?'], CommandType='"Text"', CommandTimeout='30']
INSERT INTO "Breweries" ("Id", "BreweryType", "City", "Country", "LastRefreshedUtc", "Latitude", "Longitude", "Name", "Phone", "PostalCode", "State", "Street", "WebsiteUrl")
VALUES (@p0, @p1, @p2, @p3, @p4, @p5, @p6, @p7, @p8, @p9, @p10, @p11, @p12);
2026-09-05 14:34:21.922 +05:30 [INF] Executed DbCommand (0ms) [Parameters=[@p0='?' (Size = 36), @p1='?' (Size = 5), @p2='?' (Size = 15), @p3='?' (Size = 13), @p4='?' (DbType = DateTimeOffset), @p5='?' (DbType = Double), @p6='?' (DbType = Double), @p7='?' (Size = 21), @p8='?' (Size = 14), @p9='?' (Size = 10), @p10='?' (Size = 10), @p11='?' (Size = 13), @p12='?' (Size = 33)], CommandType='"Text"', CommandTimeout='30']
INSERT INTO "Breweries" ("Id", "BreweryType", "City", "Country", "LastRefreshedUtc", "Latitude", "Longitude", "Name", "Phone", "PostalCode", "State", "Street", "WebsiteUrl")
VALUES (@p0, @p1, @p2, @p3, @p4, @p5, @p6, @p7, @p8, @p9, @p10, @p11, @p12);
2026-09-05 14:34:21.923 +05:30 [INF] Executed DbCommand (0ms) [Parameters=[@p0='?' (Size = 36), @p1='?' (Size = 5), @p2='?' (Size = 12), @p3='?' (Size = 13), @p4='?' (DbType = DateTimeOffset), @p5='?' (DbType = Double), @p6='?' (DbType = Double), @p7='?' (Size = 17), @p8='?' (Size = 14), @p9='?' (Size = 10), @p10='?' (Size = 7), @p11='?' (Size = 19), @p12='?' (Size = 30)], CommandType='"Text"', CommandTimeout='30']
INSERT INTO "Breweries" ("Id", "BreweryType", "City", "Country", "LastRefreshedUtc", "Latitude", "Longitude", "Name", "Phone", "PostalCode", "State", "Street", "WebsiteUrl")
VALUES (@p0, @p1, @p2, @p3, @p4, @p5, @p6, @p7, @p8, @p9, @p10, @p11, @p12);
2026-09-05 14:34:21.923 +05:30 [INF] Executed DbCommand (0ms) [Parameters=[@p0='?' (Size = 36), @p1='?' (Size = 6), @p2='?' (Size = 12), @p3='?' (Size = 13), @p4='?' (DbType = DateTimeOffset), @p5='?' (DbType = Double), @p6='?' (DbType = Double), @p7='?' (Size = 19), @p8='?' (Size = 14), @p9='?' (Size = 10), @p10='?' (Size = 11), @p11='?' (Size = 24), @p12='?' (Size = 30)], CommandType='"Text"', CommandTimeout='30']
INSERT INTO "Breweries" ("Id", "BreweryType", "City", "Country", "LastRefreshedUtc", "Latitude", "Longitude", "Name", "Phone", "PostalCode", "State", "Street", "WebsiteUrl")
VALUES (@p0, @p1, @p2, @p3, @p4, @p5, @p6, @p7, @p8, @p9, @p10, @p11, @p12);
2026-09-05 14:34:21.924 +05:30 [INF] Executed DbCommand (0ms) [Parameters=[@p0='?' (Size = 36), @p1='?' (Size = 5), @p2='?' (Size = 15), @p3='?' (Size = 13), @p4='?' (DbType = DateTimeOffset), @p5='?' (DbType = Double), @p6='?' (DbType = Double), @p7='?' (Size = 24), @p8='?' (Size = 14), @p9='?' (Size = 10), @p10='?' (Size = 7), @p11='?' (Size = 33), @p12='?' (Size = 33)], CommandType='"Text"', CommandTimeout='30']
INSERT INTO "Breweries" ("Id", "BreweryType", "City", "Country", "LastRefreshedUtc", "Latitude", "Longitude", "Name", "Phone", "PostalCode", "State", "Street", "WebsiteUrl")
VALUES (@p0, @p1, @p2, @p3, @p4, @p5, @p6, @p7, @p8, @p9, @p10, @p11, @p12);
2026-09-05 14:34:21.924 +05:30 [INF] Executed DbCommand (0ms) [Parameters=[@p0='?' (Size = 36), @p1='?' (Size = 5), @p2='?' (Size = 9), @p3='?' (Size = 13), @p4='?' (DbType = DateTimeOffset), @p5='?' (DbType = Double), @p6='?' (DbType = Double), @p7='?' (Size = 14), @p8='?', @p9='?' (Size = 5), @p10='?' (Size = 11), @p11='?' (Size = 12), @p12='?' (Size = 30)], CommandType='"Text"', CommandTimeout='30']
INSERT INTO "Breweries" ("Id", "BreweryType", "City", "Country", "LastRefreshedUtc", "Latitude", "Longitude", "Name", "Phone", "PostalCode", "State", "Street", "WebsiteUrl")
VALUES (@p0, @p1, @p2, @p3, @p4, @p5, @p6, @p7, @p8, @p9, @p10, @p11, @p12);
2026-09-05 14:34:21.925 +05:30 [INF] Executed DbCommand (0ms) [Parameters=[@p0='?' (Size = 36), @p1='?' (Size = 5), @p2='?' (Size = 4), @p3='?' (Size = 13), @p4='?' (DbType = DateTimeOffset), @p5='?' (DbType = Double), @p6='?' (DbType = Double), @p7='?' (Size = 20), @p8='?' (Size = 14), @p9='?' (Size = 10), @p10='?' (Size = 6), @p11='?' (Size = 13), @p12='?' (Size = 23)], CommandType='"Text"', CommandTimeout='30']
INSERT INTO "Breweries" ("Id", "BreweryType", "City", "Country", "LastRefreshedUtc", "Latitude", "Longitude", "Name", "Phone", "PostalCode", "State", "Street", "WebsiteUrl")
VALUES (@p0, @p1, @p2, @p3, @p4, @p5, @p6, @p7, @p8, @p9, @p10, @p11, @p12);
2026-09-05 14:34:21.925 +05:30 [INF] Executed DbCommand (0ms) [Parameters=[@p0='?' (Size = 36), @p1='?' (Size = 5), @p2='?' (Size = 12), @p3='?' (Size = 13), @p4='?' (DbType = DateTimeOffset), @p5='?' (DbType = Double), @p6='?' (DbType = Double), @p7='?' (Size = 15), @p8='?' (Size = 14), @p9='?' (Size = 10), @p10='?' (Size = 8), @p11='?' (Size = 14), @p12='?' (Size = 26)], CommandType='"Text"', CommandTimeout='30']
INSERT INTO "Breweries" ("Id", "BreweryType", "City", "Country", "LastRefreshedUtc", "Latitude", "Longitude", "Name", "Phone", "PostalCode", "State", "Street", "WebsiteUrl")
VALUES (@p0, @p1, @p2, @p3, @p4, @p5, @p6, @p7, @p8, @p9, @p10, @p11, @p12);
2026-09-05 14:34:21.926 +05:30 [INF] Executed DbCommand (0ms) [Parameters=[@p0='?' (Size = 36), @p1='?' (Size = 5), @p2='?' (Size = 6), @p3='?' (Size = 13), @p4='?' (DbType = DateTimeOffset), @p5='?' (DbType = Double), @p6='?' (DbType = Double), @p7='?' (Size = 27), @p8='?' (Size = 14), @p9='?' (Size = 10), @p10='?' (Size = 8), @p11='?' (Size = 15), @p12='?' (Size = 33)], CommandType='"Text"', CommandTimeout='30']
INSERT INTO "Breweries" ("Id", "BreweryType", "City", "Country", "LastRefreshedUtc", "Latitude", "Longitude", "Name", "Phone", "PostalCode", "State", "Street", "WebsiteUrl")
VALUES (@p0, @p1, @p2, @p3, @p4, @p5, @p6, @p7, @p8, @p9, @p10, @p11, @p12);
2026-09-05 14:34:21.926 +05:30 [INF] Executed DbCommand (0ms) [Parameters=[@p0='?' (Size = 36), @p1='?' (Size = 7), @p2='?' (Size = 6), @p3='?' (Size = 7), @p4='?' (DbType = DateTimeOffset), @p5='?' (DbType = Double), @p6='?' (DbType = Double), @p7='?' (Size = 13), @p8='?' (Size = 15), @p9='?' (Size = 5), @p10='?' (Size = 17), @p11='?' (Size = 15), @p12='?' (Size = 32)], CommandType='"Text"', CommandTimeout='30']
INSERT INTO "Breweries" ("Id", "BreweryType", "City", "Country", "LastRefreshedUtc", "Latitude", "Longitude", "Name", "Phone", "PostalCode", "State", "Street", "WebsiteUrl")
VALUES (@p0, @p1, @p2, @p3, @p4, @p5, @p6, @p7, @p8, @p9, @p10, @p11, @p12);
2026-09-05 14:34:21.926 +05:30 [INF] Executed DbCommand (0ms) [Parameters=[@p0='?' (Size = 36), @p1='?' (Size = 5), @p2='?' (Size = 4), @p3='?' (Size = 13), @p4='?' (DbType = DateTimeOffset), @p5='?' (DbType = Double), @p6='?' (DbType = Double), @p7='?' (Size = 24), @p8='?' (Size = 9), @p9='?' (Size = 10), @p10='?' (Size = 4), @p11='?' (Size = 15), @p12='?' (Size = 30)], CommandType='"Text"', CommandTimeout='30']
INSERT INTO "Breweries" ("Id", "BreweryType", "City", "Country", "LastRefreshedUtc", "Latitude", "Longitude", "Name", "Phone", "PostalCode", "State", "Street", "WebsiteUrl")
VALUES (@p0, @p1, @p2, @p3, @p4, @p5, @p6, @p7, @p8, @p9, @p10, @p11, @p12);
2026-09-05 14:34:21.927 +05:30 [INF] Executed DbCommand (0ms) [Parameters=[@p0='?' (Size = 36), @p1='?' (Size = 5), @p2='?' (Size = 4), @p3='?' (Size = 13), @p4='?' (DbType = DateTimeOffset), @p5='?' (DbType = Double), @p6='?' (DbType = Double), @p7='?' (Size = 34), @p8='?' (Size = 14), @p9='?' (Size = 10), @p10='?' (Size = 5), @p11='?' (Size = 15), @p12='?' (Size = 28)], CommandType='"Text"', CommandTimeout='30']
INSERT INTO "Breweries" ("Id", "BreweryType", "City", "Country", "LastRefreshedUtc", "Latitude", "Longitude", "Name", "Phone", "PostalCode", "State", "Street", "WebsiteUrl")
VALUES (@p0, @p1, @p2, @p3, @p4, @p5, @p6, @p7, @p8, @p9, @p10, @p11, @p12);
2026-09-05 14:34:21.927 +05:30 [INF] Executed DbCommand (0ms) [Parameters=[@p0='?' (Size = 36), @p1='?' (Size = 5), @p2='?' (Size = 5), @p3='?' (Size = 7), @p4='?' (DbType = DateTimeOffset), @p5='?' (DbType = Double), @p6='?' (DbType = Double), @p7='?' (Size = 25), @p8='?' (Size = 14), @p9='?' (Size = 4), @p10='?' (Size = 23), @p11='?' (Size = 24), @p12='?' (Size = 32)], CommandType='"Text"', CommandTimeout='30']
INSERT INTO "Breweries" ("Id", "BreweryType", "City", "Country", "LastRefreshedUtc", "Latitude", "Longitude", "Name", "Phone", "PostalCode", "State", "Street", "WebsiteUrl")
VALUES (@p0, @p1, @p2, @p3, @p4, @p5, @p6, @p7, @p8, @p9, @p10, @p11, @p12);
2026-09-05 14:34:21.928 +05:30 [INF] Executed DbCommand (0ms) [Parameters=[@p0='?' (Size = 36), @p1='?' (Size = 7), @p2='?' (Size = 10), @p3='?' (Size = 13), @p4='?' (DbType = DateTimeOffset), @p5='?' (DbType = Double), @p6='?' (DbType = Double), @p7='?' (Size = 21), @p8='?' (Size = 14), @p9='?' (Size = 5), @p10='?' (Size = 7), @p11='?' (Size = 15), @p12='?' (Size = 34)], CommandType='"Text"', CommandTimeout='30']
INSERT INTO "Breweries" ("Id", "BreweryType", "City", "Country", "LastRefreshedUtc", "Latitude", "Longitude", "Name", "Phone", "PostalCode", "State", "Street", "WebsiteUrl")
VALUES (@p0, @p1, @p2, @p3, @p4, @p5, @p6, @p7, @p8, @p9, @p10, @p11, @p12);
2026-09-05 14:34:21.928 +05:30 [INF] Executed DbCommand (0ms) [Parameters=[@p0='?' (Size = 36), @p1='?' (Size = 5), @p2='?' (Size = 7), @p3='?' (Size = 13), @p4='?' (DbType = DateTimeOffset), @p5='?' (DbType = Double), @p6='?' (DbType = Double), @p7='?' (Size = 19), @p8='?' (Size = 14), @p9='?' (Size = 10), @p10='?' (Size = 6), @p11='?' (Size = 16), @p12='?' (Size = 32)], CommandType='"Text"', CommandTimeout='30']
INSERT INTO "Breweries" ("Id", "BreweryType", "City", "Country", "LastRefreshedUtc", "Latitude", "Longitude", "Name", "Phone", "PostalCode", "State", "Street", "WebsiteUrl")
VALUES (@p0, @p1, @p2, @p3, @p4, @p5, @p6, @p7, @p8, @p9, @p10, @p11, @p12);
2026-09-05 14:34:21.929 +05:30 [INF] Executed DbCommand (0ms) [Parameters=[@p0='?' (Size = 36), @p1='?' (Size = 7), @p2='?' (Size = 8), @p3='?' (Size = 13), @p4='?' (DbType = DateTimeOffset), @p5='?' (DbType = Double), @p6='?' (DbType = Double), @p7='?' (Size = 23), @p8='?' (Size = 14), @p9='?' (Size = 10), @p10='?' (Size = 8), @p11='?' (Size = 10), @p12='?' (Size = 25)], CommandType='"Text"', CommandTimeout='30']
INSERT INTO "Breweries" ("Id", "BreweryType", "City", "Country", "LastRefreshedUtc", "Latitude", "Longitude", "Name", "Phone", "PostalCode", "State", "Street", "WebsiteUrl")
VALUES (@p0, @p1, @p2, @p3, @p4, @p5, @p6, @p7, @p8, @p9, @p10, @p11, @p12);
2026-09-05 14:34:21.929 +05:30 [INF] Executed DbCommand (0ms) [Parameters=[@p0='?' (Size = 36), @p1='?' (Size = 7), @p2='?' (Size = 7), @p3='?' (Size = 7), @p4='?' (DbType = DateTimeOffset), @p5='?' (DbType = Double), @p6='?' (DbType = Double), @p7='?' (Size = 19), @p8='?' (Size = 14), @p9='?' (Size = 8), @p10='?' (Size = 11), @p11='?' (Size = 14), @p12='?' (Size = 33)], CommandType='"Text"', CommandTimeout='30']
INSERT INTO "Breweries" ("Id", "BreweryType", "City", "Country", "LastRefreshedUtc", "Latitude", "Longitude", "Name", "Phone", "PostalCode", "State", "Street", "WebsiteUrl")
VALUES (@p0, @p1, @p2, @p3, @p4, @p5, @p6, @p7, @p8, @p9, @p10, @p11, @p12);
2026-09-05 14:34:21.929 +05:30 [INF] Executed DbCommand (0ms) [Parameters=[@p0='?' (Size = 36), @p1='?' (Size = 5), @p2='?' (Size = 10), @p3='?' (Size = 13), @p4='?' (DbType = DateTimeOffset), @p5='?' (DbType = Double), @p6='?' (DbType = Double), @p7='?' (Size = 23), @p8='?' (Size = 14), @p9='?' (Size = 10), @p10='?' (Size = 9), @p11='?' (Size = 12), @p12='?' (Size = 32)], CommandType='"Text"', CommandTimeout='30']
INSERT INTO "Breweries" ("Id", "BreweryType", "City", "Country", "LastRefreshedUtc", "Latitude", "Longitude", "Name", "Phone", "PostalCode", "State", "Street", "WebsiteUrl")
VALUES (@p0, @p1, @p2, @p3, @p4, @p5, @p6, @p7, @p8, @p9, @p10, @p11, @p12);
2026-09-05 14:34:21.930 +05:30 [INF] Executed DbCommand (0ms) [Parameters=[@p0='?' (Size = 36), @p1='?' (Size = 6), @p2='?' (Size = 9), @p3='?' (Size = 6), @p4='?' (DbType = DateTimeOffset), @p5='?' (DbType = Double), @p6='?' (DbType = Double), @p7='?' (Size = 22), @p8='?', @p9='?' (Size = 7), @p10='?' (Size = 16), @p11='?' (Size = 18), @p12='?'], CommandType='"Text"', CommandTimeout='30']
INSERT INTO "Breweries" ("Id", "BreweryType", "City", "Country", "LastRefreshedUtc", "Latitude", "Longitude", "Name", "Phone", "PostalCode", "State", "Street", "WebsiteUrl")
VALUES (@p0, @p1, @p2, @p3, @p4, @p5, @p6, @p7, @p8, @p9, @p10, @p11, @p12);
2026-09-05 14:34:21.930 +05:30 [INF] Executed DbCommand (0ms) [Parameters=[@p0='?' (Size = 36), @p1='?' (Size = 5), @p2='?' (Size = 7), @p3='?' (Size = 13), @p4='?' (DbType = DateTimeOffset), @p5='?' (DbType = Double), @p6='?' (DbType = Double), @p7='?' (Size = 30), @p8='?' (Size = 14), @p9='?' (Size = 10), @p10='?' (Size = 10), @p11='?' (Size = 12), @p12='?' (Size = 42)], CommandType='"Text"', CommandTimeout='30']
INSERT INTO "Breweries" ("Id", "BreweryType", "City", "Country", "LastRefreshedUtc", "Latitude", "Longitude", "Name", "Phone", "PostalCode", "State", "Street", "WebsiteUrl")
VALUES (@p0, @p1, @p2, @p3, @p4, @p5, @p6, @p7, @p8, @p9, @p10, @p11, @p12);
2026-09-05 14:34:21.930 +05:30 [INF] Executed DbCommand (0ms) [Parameters=[@p0='?' (Size = 36), @p1='?' (Size = 8), @p2='?' (Size = 13), @p3='?' (Size = 13), @p4='?' (DbType = DateTimeOffset), @p5='?' (DbType = Double), @p6='?' (DbType = Double), @p7='?' (Size = 23), @p8='?' (Size = 14), @p9='?' (Size = 10), @p10='?' (Size = 14), @p11='?' (Size = 22), @p12='?' (Size = 26)], CommandType='"Text"', CommandTimeout='30']
INSERT INTO "Breweries" ("Id", "BreweryType", "City", "Country", "LastRefreshedUtc", "Latitude", "Longitude", "Name", "Phone", "PostalCode", "State", "Street", "WebsiteUrl")
VALUES (@p0, @p1, @p2, @p3, @p4, @p5, @p6, @p7, @p8, @p9, @p10, @p11, @p12);
2026-09-05 14:34:21.931 +05:30 [INF] Executed DbCommand (0ms) [Parameters=[@p0='?' (Size = 36), @p1='?' (Size = 5), @p2='?' (Size = 8), @p3='?' (Size = 13), @p4='?' (DbType = DateTimeOffset), @p5='?' (DbType = Double), @p6='?' (DbType = Double), @p7='?' (Size = 15), @p8='?' (Size = 14), @p9='?' (Size = 10), @p10='?' (Size = 5), @p11='?' (Size = 18), @p12='?'], CommandType='"Text"', CommandTimeout='30']
INSERT INTO "Breweries" ("Id", "BreweryType", "City", "Country", "LastRefreshedUtc", "Latitude", "Longitude", "Name", "Phone", "PostalCode", "State", "Street", "WebsiteUrl")
VALUES (@p0, @p1, @p2, @p3, @p4, @p5, @p6, @p7, @p8, @p9, @p10, @p11, @p12);
2026-09-05 14:34:21.931 +05:30 [INF] Executed DbCommand (0ms) [Parameters=[@p0='?' (Size = 36), @p1='?' (Size = 7), @p2='?' (Size = 7), @p3='?' (Size = 13), @p4='?' (DbType = DateTimeOffset), @p5='?' (DbType = Double), @p6='?' (DbType = Double), @p7='?' (Size = 26), @p8='?' (Size = 14), @p9='?' (Size = 10), @p10='?' (Size = 7), @p11='?' (Size = 17), @p12='?' (Size = 18)], CommandType='"Text"', CommandTimeout='30']
INSERT INTO "Breweries" ("Id", "BreweryType", "City", "Country", "LastRefreshedUtc", "Latitude", "Longitude", "Name", "Phone", "PostalCode", "State", "Street", "WebsiteUrl")
VALUES (@p0, @p1, @p2, @p3, @p4, @p5, @p6, @p7, @p8, @p9, @p10, @p11, @p12);
2026-09-05 14:34:21.932 +05:30 [INF] Executed DbCommand (0ms) [Parameters=[@p0='?' (Size = 36), @p1='?' (Size = 5), @p2='?' (Size = 6), @p3='?' (Size = 7), @p4='?' (DbType = DateTimeOffset), @p5='?' (DbType = Double), @p6='?' (DbType = Double), @p7='?' (Size = 14), @p8='?', @p9='?' (Size = 4), @p10='?' (Size = 10), @p11='?' (Size = 21), @p12='?' (Size = 46)], CommandType='"Text"', CommandTimeout='30']
INSERT INTO "Breweries" ("Id", "BreweryType", "City", "Country", "LastRefreshedUtc", "Latitude", "Longitude", "Name", "Phone", "PostalCode", "State", "Street", "WebsiteUrl")
VALUES (@p0, @p1, @p2, @p3, @p4, @p5, @p6, @p7, @p8, @p9, @p10, @p11, @p12);
2026-09-05 14:34:21.932 +05:30 [INF] Executed DbCommand (0ms) [Parameters=[@p0='?' (Size = 36), @p1='?' (Size = 7), @p2='?' (Size = 9), @p3='?' (Size = 6), @p4='?' (DbType = DateTimeOffset), @p5='?' (DbType = Double), @p6='?' (DbType = Double), @p7='?' (Size = 21), @p8='?', @p9='?' (Size = 7), @p10='?' (Size = 16), @p11='?' (Size = 18), @p12='?' (Size = 29)], CommandType='"Text"', CommandTimeout='30']
INSERT INTO "Breweries" ("Id", "BreweryType", "City", "Country", "LastRefreshedUtc", "Latitude", "Longitude", "Name", "Phone", "PostalCode", "State", "Street", "WebsiteUrl")
VALUES (@p0, @p1, @p2, @p3, @p4, @p5, @p6, @p7, @p8, @p9, @p10, @p11, @p12);
2026-09-05 14:34:21.932 +05:30 [INF] Executed DbCommand (0ms) [Parameters=[@p0='?' (Size = 36), @p1='?' (Size = 5), @p2='?' (Size = 6), @p3='?' (Size = 13), @p4='?' (DbType = DateTimeOffset), @p5='?' (DbType = Double), @p6='?' (DbType = Double), @p7='?' (Size = 43), @p8='?' (Size = 14), @p9='?' (Size = 5), @p10='?' (Size = 10), @p11='?' (Size = 21), @p12='?' (Size = 38)], CommandType='"Text"', CommandTimeout='30']
INSERT INTO "Breweries" ("Id", "BreweryType", "City", "Country", "LastRefreshedUtc", "Latitude", "Longitude", "Name", "Phone", "PostalCode", "State", "Street", "WebsiteUrl")
VALUES (@p0, @p1, @p2, @p3, @p4, @p5, @p6, @p7, @p8, @p9, @p10, @p11, @p12);
2026-09-05 14:34:21.933 +05:30 [INF] Executed DbCommand (0ms) [Parameters=[@p0='?' (Size = 36), @p1='?' (Size = 8), @p2='?' (Size = 7), @p3='?' (Size = 13), @p4='?' (DbType = DateTimeOffset), @p5='?' (DbType = Double), @p6='?' (DbType = Double), @p7='?' (Size = 18), @p8='?' (Size = 14), @p9='?' (Size = 10), @p10='?' (Size = 8), @p11='?' (Size = 20), @p12='?' (Size = 26)], CommandType='"Text"', CommandTimeout='30']
INSERT INTO "Breweries" ("Id", "BreweryType", "City", "Country", "LastRefreshedUtc", "Latitude", "Longitude", "Name", "Phone", "PostalCode", "State", "Street", "WebsiteUrl")
VALUES (@p0, @p1, @p2, @p3, @p4, @p5, @p6, @p7, @p8, @p9, @p10, @p11, @p12);
2026-09-05 14:34:21.933 +05:30 [INF] Executed DbCommand (0ms) [Parameters=[@p0='?' (Size = 36), @p1='?' (Size = 5), @p2='?' (Size = 10), @p3='?' (Size = 13), @p4='?' (DbType = DateTimeOffset), @p5='?' (DbType = Double), @p6='?' (DbType = Double), @p7='?' (Size = 25), @p8='?' (Size = 14), @p9='?' (Size = 10), @p10='?' (Size = 10), @p11='?' (Size = 19), @p12='?'], CommandType='"Text"', CommandTimeout='30']
INSERT INTO "Breweries" ("Id", "BreweryType", "City", "Country", "LastRefreshedUtc", "Latitude", "Longitude", "Name", "Phone", "PostalCode", "State", "Street", "WebsiteUrl")
VALUES (@p0, @p1, @p2, @p3, @p4, @p5, @p6, @p7, @p8, @p9, @p10, @p11, @p12);
2026-09-05 14:34:21.934 +05:30 [INF] Executed DbCommand (0ms) [Parameters=[@p0='?' (Size = 36), @p1='?' (Size = 5), @p2='?' (Size = 9), @p3='?' (Size = 13), @p4='?' (DbType = DateTimeOffset), @p5='?' (DbType = Double), @p6='?' (DbType = Double), @p7='?' (Size = 28), @p8='?' (Size = 14), @p9='?' (Size = 10), @p10='?' (Size = 9), @p11='?' (Size = 20), @p12='?' (Size = 33)], CommandType='"Text"', CommandTimeout='30']
INSERT INTO "Breweries" ("Id", "BreweryType", "City", "Country", "LastRefreshedUtc", "Latitude", "Longitude", "Name", "Phone", "PostalCode", "State", "Street", "WebsiteUrl")
VALUES (@p0, @p1, @p2, @p3, @p4, @p5, @p6, @p7, @p8, @p9, @p10, @p11, @p12);
2026-09-05 14:34:21.934 +05:30 [INF] Executed DbCommand (0ms) [Parameters=[@p0='?' (Size = 36), @p1='?' (Size = 5), @p2='?' (Size = 9), @p3='?' (Size = 13), @p4='?' (DbType = DateTimeOffset), @p5='?' (DbType = Double), @p6='?' (DbType = Double), @p7='?' (Size = 12), @p8='?' (Size = 14), @p9='?' (Size = 10), @p10='?' (Size = 8), @p11='?' (Size = 22), @p12='?' (Size = 27)], CommandType='"Text"', CommandTimeout='30']
INSERT INTO "Breweries" ("Id", "BreweryType", "City", "Country", "LastRefreshedUtc", "Latitude", "Longitude", "Name", "Phone", "PostalCode", "State", "Street", "WebsiteUrl")
VALUES (@p0, @p1, @p2, @p3, @p4, @p5, @p6, @p7, @p8, @p9, @p10, @p11, @p12);
2026-09-05 14:34:21.935 +05:30 [INF] Executed DbCommand (0ms) [Parameters=[@p0='?' (Size = 36), @p1='?' (Size = 5), @p2='?' (Size = 9), @p3='?' (Size = 13), @p4='?' (DbType = DateTimeOffset), @p5='?' (DbType = Double), @p6='?' (DbType = Double), @p7='?' (Size = 20), @p8='?' (Size = 14), @p9='?' (Size = 10), @p10='?' (Size = 10), @p11='?' (Size = 18), @p12='?' (Size = 26)], CommandType='"Text"', CommandTimeout='30']
INSERT INTO "Breweries" ("Id", "BreweryType", "City", "Country", "LastRefreshedUtc", "Latitude", "Longitude", "Name", "Phone", "PostalCode", "State", "Street", "WebsiteUrl")
VALUES (@p0, @p1, @p2, @p3, @p4, @p5, @p6, @p7, @p8, @p9, @p10, @p11, @p12);
2026-09-05 14:34:21.935 +05:30 [INF] Executed DbCommand (0ms) [Parameters=[@p0='?' (Size = 36), @p1='?' (Size = 8), @p2='?' (Size = 6), @p3='?' (Size = 13), @p4='?' (DbType = DateTimeOffset), @p5='?' (DbType = Double), @p6='?' (DbType = Double), @p7='?' (Size = 28), @p8='?' (Size = 14), @p9='?' (Size = 10), @p10='?' (Size = 10), @p11='?' (Size = 18), @p12='?' (Size = 26)], CommandType='"Text"', CommandTimeout='30']
INSERT INTO "Breweries" ("Id", "BreweryType", "City", "Country", "LastRefreshedUtc", "Latitude", "Longitude", "Name", "Phone", "PostalCode", "State", "Street", "WebsiteUrl")
VALUES (@p0, @p1, @p2, @p3, @p4, @p5, @p6, @p7, @p8, @p9, @p10, @p11, @p12);
2026-09-05 14:34:21.936 +05:30 [INF] Executed DbCommand (0ms) [Parameters=[@p0='?' (Size = 36), @p1='?' (Size = 5), @p2='?' (Size = 14), @p3='?' (Size = 13), @p4='?' (DbType = DateTimeOffset), @p5='?' (DbType = Double), @p6='?' (DbType = Double), @p7='?' (Size = 20), @p8='?' (Size = 14), @p9='?' (Size = 10), @p10='?' (Size = 8), @p11='?' (Size = 23), @p12='?' (Size = 31)], CommandType='"Text"', CommandTimeout='30']
INSERT INTO "Breweries" ("Id", "BreweryType", "City", "Country", "LastRefreshedUtc", "Latitude", "Longitude", "Name", "Phone", "PostalCode", "State", "Street", "WebsiteUrl")
VALUES (@p0, @p1, @p2, @p3, @p4, @p5, @p6, @p7, @p8, @p9, @p10, @p11, @p12);
2026-09-05 14:34:21.937 +05:30 [INF] Executed DbCommand (0ms) [Parameters=[@p0='?' (Size = 36), @p1='?' (Size = 5), @p2='?' (Size = 10), @p3='?' (Size = 7), @p4='?' (DbType = DateTimeOffset), @p5='?' (DbType = Double), @p6='?' (DbType = Double), @p7='?' (Size = 10), @p8='?' (Size = 14), @p9='?' (Size = 8), @p10='?' (Size = 11), @p11='?' (Size = 14), @p12='?' (Size = 22)], CommandType='"Text"', CommandTimeout='30']
INSERT INTO "Breweries" ("Id", "BreweryType", "City", "Country", "LastRefreshedUtc", "Latitude", "Longitude", "Name", "Phone", "PostalCode", "State", "Street", "WebsiteUrl")
VALUES (@p0, @p1, @p2, @p3, @p4, @p5, @p6, @p7, @p8, @p9, @p10, @p11, @p12);
2026-09-05 14:34:21.938 +05:30 [INF] Executed DbCommand (0ms) [Parameters=[@p0='?' (Size = 36), @p1='?' (Size = 5), @p2='?' (Size = 6), @p3='?' (Size = 13), @p4='?' (DbType = DateTimeOffset), @p5='?' (DbType = Double), @p6='?' (DbType = Double), @p7='?' (Size = 17), @p8='?' (Size = 14), @p9='?' (Size = 10), @p10='?' (Size = 10), @p11='?' (Size = 18), @p12='?' (Size = 27)], CommandType='"Text"', CommandTimeout='30']
INSERT INTO "Breweries" ("Id", "BreweryType", "City", "Country", "LastRefreshedUtc", "Latitude", "Longitude", "Name", "Phone", "PostalCode", "State", "Street", "WebsiteUrl")
VALUES (@p0, @p1, @p2, @p3, @p4, @p5, @p6, @p7, @p8, @p9, @p10, @p11, @p12);
2026-09-05 14:34:21.939 +05:30 [INF] Executed DbCommand (0ms) [Parameters=[@p0='?' (Size = 36), @p1='?' (Size = 8), @p2='?' (Size = 5), @p3='?' (Size = 13), @p4='?' (DbType = DateTimeOffset), @p5='?' (DbType = Double), @p6='?' (DbType = Double), @p7='?' (Size = 19), @p8='?' (Size = 14), @p9='?' (Size = 10), @p10='?' (Size = 8), @p11='?', @p12='?' (Size = 32)], CommandType='"Text"', CommandTimeout='30']
INSERT INTO "Breweries" ("Id", "BreweryType", "City", "Country", "LastRefreshedUtc", "Latitude", "Longitude", "Name", "Phone", "PostalCode", "State", "Street", "WebsiteUrl")
VALUES (@p0, @p1, @p2, @p3, @p4, @p5, @p6, @p7, @p8, @p9, @p10, @p11, @p12);
2026-09-05 14:34:21.940 +05:30 [INF] Executed DbCommand (0ms) [Parameters=[@p0='?' (Size = 36), @p1='?' (Size = 5), @p2='?' (Size = 9), @p3='?' (Size = 6), @p4='?' (DbType = DateTimeOffset), @p5='?' (DbType = Double), @p6='?' (DbType = Double), @p7='?' (Size = 26), @p8='?' (Size = 11), @p9='?' (Size = 7), @p10='?' (Size = 16), @p11='?' (Size = 17), @p12='?'], CommandType='"Text"', CommandTimeout='30']
INSERT INTO "Breweries" ("Id", "BreweryType", "City", "Country", "LastRefreshedUtc", "Latitude", "Longitude", "Name", "Phone", "PostalCode", "State", "Street", "WebsiteUrl")
VALUES (@p0, @p1, @p2, @p3, @p4, @p5, @p6, @p7, @p8, @p9, @p10, @p11, @p12);
2026-09-05 14:34:21.940 +05:30 [INF] Executed DbCommand (0ms) [Parameters=[@p0='?' (Size = 36), @p1='?' (Size = 5), @p2='?' (Size = 10), @p3='?' (Size = 13), @p4='?' (DbType = DateTimeOffset), @p5='?' (DbType = Double), @p6='?' (DbType = Double), @p7='?' (Size = 18), @p8='?', @p9='?' (Size = 10), @p10='?' (Size = 8), @p11='?' (Size = 21), @p12='?' (Size = 25)], CommandType='"Text"', CommandTimeout='30']
INSERT INTO "Breweries" ("Id", "BreweryType", "City", "Country", "LastRefreshedUtc", "Latitude", "Longitude", "Name", "Phone", "PostalCode", "State", "Street", "WebsiteUrl")
VALUES (@p0, @p1, @p2, @p3, @p4, @p5, @p6, @p7, @p8, @p9, @p10, @p11, @p12);
2026-09-05 14:34:21.941 +05:30 [INF] Executed DbCommand (0ms) [Parameters=[@p0='?' (Size = 36), @p1='?' (Size = 5), @p2='?' (Size = 4), @p3='?' (Size = 13), @p4='?' (DbType = DateTimeOffset), @p5='?' (DbType = Double), @p6='?' (DbType = Double), @p7='?' (Size = 21), @p8='?' (Size = 14), @p9='?' (Size = 5), @p10='?' (Size = 7), @p11='?' (Size = 13), @p12='?'], CommandType='"Text"', CommandTimeout='30']
INSERT INTO "Breweries" ("Id", "BreweryType", "City", "Country", "LastRefreshedUtc", "Latitude", "Longitude", "Name", "Phone", "PostalCode", "State", "Street", "WebsiteUrl")
VALUES (@p0, @p1, @p2, @p3, @p4, @p5, @p6, @p7, @p8, @p9, @p10, @p11, @p12);
2026-09-05 14:34:21.941 +05:30 [INF] Executed DbCommand (0ms) [Parameters=[@p0='?' (Size = 36), @p1='?' (Size = 5), @p2='?' (Size = 10), @p3='?' (Size = 13), @p4='?' (DbType = DateTimeOffset), @p5='?' (DbType = Double), @p6='?' (DbType = Double), @p7='?' (Size = 27), @p8='?', @p9='?' (Size = 5), @p10='?' (Size = 4), @p11='?' (Size = 13), @p12='?' (Size = 29)], CommandType='"Text"', CommandTimeout='30']
INSERT INTO "Breweries" ("Id", "BreweryType", "City", "Country", "LastRefreshedUtc", "Latitude", "Longitude", "Name", "Phone", "PostalCode", "State", "Street", "WebsiteUrl")
VALUES (@p0, @p1, @p2, @p3, @p4, @p5, @p6, @p7, @p8, @p9, @p10, @p11, @p12);
2026-09-05 14:34:21.941 +05:30 [INF] Executed DbCommand (0ms) [Parameters=[@p0='?' (Size = 36), @p1='?' (Size = 5), @p2='?' (Size = 7), @p3='?' (Size = 13), @p4='?' (DbType = DateTimeOffset), @p5='?' (DbType = Double), @p6='?' (DbType = Double), @p7='?' (Size = 36), @p8='?' (Size = 14), @p9='?' (Size = 5), @p10='?' (Size = 10), @p11='?' (Size = 26), @p12='?' (Size = 36)], CommandType='"Text"', CommandTimeout='30']
INSERT INTO "Breweries" ("Id", "BreweryType", "City", "Country", "LastRefreshedUtc", "Latitude", "Longitude", "Name", "Phone", "PostalCode", "State", "Street", "WebsiteUrl")
VALUES (@p0, @p1, @p2, @p3, @p4, @p5, @p6, @p7, @p8, @p9, @p10, @p11, @p12);
2026-09-05 14:34:21.942 +05:30 [INF] Executed DbCommand (0ms) [Parameters=[@p0='?' (Size = 36), @p1='?' (Size = 7), @p2='?' (Size = 7), @p3='?' (Size = 6), @p4='?' (DbType = DateTimeOffset), @p5='?' (DbType = Double), @p6='?' (DbType = Double), @p7='?' (Size = 17), @p8='?' (Size = 14), @p9='?' (Size = 6), @p10='?' (Size = 7), @p11='?' (Size = 16), @p12='?' (Size = 29)], CommandType='"Text"', CommandTimeout='30']
INSERT INTO "Breweries" ("Id", "BreweryType", "City", "Country", "LastRefreshedUtc", "Latitude", "Longitude", "Name", "Phone", "PostalCode", "State", "Street", "WebsiteUrl")
VALUES (@p0, @p1, @p2, @p3, @p4, @p5, @p6, @p7, @p8, @p9, @p10, @p11, @p12);
2026-09-05 14:34:21.942 +05:30 [INF] Executed DbCommand (0ms) [Parameters=[@p0='?' (Size = 36), @p1='?' (Size = 5), @p2='?' (Size = 8), @p3='?' (Size = 11), @p4='?' (DbType = DateTimeOffset), @p5='?' (DbType = Double), @p6='?' (DbType = Double), @p7='?' (Size = 17), @p8='?' (Size = 16), @p9='?' (Size = 7), @p10='?' (Size = 13), @p11='?' (Size = 8), @p12='?' (Size = 35)], CommandType='"Text"', CommandTimeout='30']
INSERT INTO "Breweries" ("Id", "BreweryType", "City", "Country", "LastRefreshedUtc", "Latitude", "Longitude", "Name", "Phone", "PostalCode", "State", "Street", "WebsiteUrl")
VALUES (@p0, @p1, @p2, @p3, @p4, @p5, @p6, @p7, @p8, @p9, @p10, @p11, @p12);
2026-09-05 14:34:21.943 +05:30 [INF] Executed DbCommand (0ms) [Parameters=[@p0='?' (Size = 36), @p1='?' (Size = 8), @p2='?' (Size = 6), @p3='?' (Size = 7), @p4='?' (DbType = DateTimeOffset), @p5='?' (DbType = Double), @p6='?' (DbType = Double), @p7='?' (Size = 15), @p8='?', @p9='?' (Size = 8), @p10='?' (Size = 6), @p11='?' (Size = 16), @p12='?' (Size = 34)], CommandType='"Text"', CommandTimeout='30']
INSERT INTO "Breweries" ("Id", "BreweryType", "City", "Country", "LastRefreshedUtc", "Latitude", "Longitude", "Name", "Phone", "PostalCode", "State", "Street", "WebsiteUrl")
VALUES (@p0, @p1, @p2, @p3, @p4, @p5, @p6, @p7, @p8, @p9, @p10, @p11, @p12);
2026-09-05 14:34:21.943 +05:30 [INF] Executed DbCommand (0ms) [Parameters=[@p0='?' (Size = 36), @p1='?' (Size = 5), @p2='?' (Size = 6), @p3='?' (Size = 13), @p4='?' (DbType = DateTimeOffset), @p5='?' (DbType = Double), @p6='?' (DbType = Double), @p7='?' (Size = 27), @p8='?' (Size = 14), @p9='?' (Size = 10), @p10='?' (Size = 5), @p11='?' (Size = 17), @p12='?'], CommandType='"Text"', CommandTimeout='30']
INSERT INTO "Breweries" ("Id", "BreweryType", "City", "Country", "LastRefreshedUtc", "Latitude", "Longitude", "Name", "Phone", "PostalCode", "State", "Street", "WebsiteUrl")
VALUES (@p0, @p1, @p2, @p3, @p4, @p5, @p6, @p7, @p8, @p9, @p10, @p11, @p12);
2026-09-05 14:34:21.943 +05:30 [INF] Executed DbCommand (0ms) [Parameters=[@p0='?' (Size = 36), @p1='?' (Size = 5), @p2='?' (Size = 10), @p3='?' (Size = 13), @p4='?' (DbType = DateTimeOffset), @p5='?' (DbType = Double), @p6='?' (DbType = Double), @p7='?' (Size = 20), @p8='?' (Size = 14), @p9='?' (Size = 10), @p10='?' (Size = 6), @p11='?' (Size = 23), @p12='?' (Size = 37)], CommandType='"Text"', CommandTimeout='30']
INSERT INTO "Breweries" ("Id", "BreweryType", "City", "Country", "LastRefreshedUtc", "Latitude", "Longitude", "Name", "Phone", "PostalCode", "State", "Street", "WebsiteUrl")
VALUES (@p0, @p1, @p2, @p3, @p4, @p5, @p6, @p7, @p8, @p9, @p10, @p11, @p12);
2026-09-05 14:34:21.944 +05:30 [INF] Executed DbCommand (0ms) [Parameters=[@p0='?' (Size = 36), @p1='?' (Size = 8), @p2='?' (Size = 11), @p3='?' (Size = 13), @p4='?' (DbType = DateTimeOffset), @p5='?' (DbType = Double), @p6='?' (DbType = Double), @p7='?' (Size = 17), @p8='?' (Size = 14), @p9='?' (Size = 5), @p10='?' (Size = 7), @p11='?', @p12='?' (Size = 32)], CommandType='"Text"', CommandTimeout='30']
INSERT INTO "Breweries" ("Id", "BreweryType", "City", "Country", "LastRefreshedUtc", "Latitude", "Longitude", "Name", "Phone", "PostalCode", "State", "Street", "WebsiteUrl")
VALUES (@p0, @p1, @p2, @p3, @p4, @p5, @p6, @p7, @p8, @p9, @p10, @p11, @p12);
2026-09-05 14:34:21.944 +05:30 [INF] Executed DbCommand (0ms) [Parameters=[@p0='?' (Size = 36), @p1='?' (Size = 7), @p2='?' (Size = 8), @p3='?' (Size = 7), @p4='?' (DbType = DateTimeOffset), @p5='?' (DbType = Double), @p6='?' (DbType = Double), @p7='?' (Size = 11), @p8='?' (Size = 15), @p9='?' (Size = 5), @p10='?' (Size = 6), @p11='?' (Size = 13), @p12='?' (Size = 25)], CommandType='"Text"', CommandTimeout='30']
INSERT INTO "Breweries" ("Id", "BreweryType", "City", "Country", "LastRefreshedUtc", "Latitude", "Longitude", "Name", "Phone", "PostalCode", "State", "Street", "WebsiteUrl")
VALUES (@p0, @p1, @p2, @p3, @p4, @p5, @p6, @p7, @p8, @p9, @p10, @p11, @p12);
2026-09-05 14:34:21.944 +05:30 [INF] Executed DbCommand (0ms) [Parameters=[@p0='?' (Size = 36), @p1='?' (Size = 7), @p2='?' (Size = 9), @p3='?' (Size = 6), @p4='?' (DbType = DateTimeOffset), @p5='?' (DbType = Double), @p6='?' (DbType = Double), @p7='?' (Size = 15), @p8='?' (Size = 12), @p9='?' (Size = 7), @p10='?' (Size = 7), @p11='?' (Size = 18), @p12='?' (Size = 17)], CommandType='"Text"', CommandTimeout='30']
INSERT INTO "Breweries" ("Id", "BreweryType", "City", "Country", "LastRefreshedUtc", "Latitude", "Longitude", "Name", "Phone", "PostalCode", "State", "Street", "WebsiteUrl")
VALUES (@p0, @p1, @p2, @p3, @p4, @p5, @p6, @p7, @p8, @p9, @p10, @p11, @p12);
2026-09-05 14:34:21.945 +05:30 [INF] Executed DbCommand (0ms) [Parameters=[@p0='?' (Size = 36), @p1='?' (Size = 5), @p2='?' (Size = 6), @p3='?' (Size = 13), @p4='?' (DbType = DateTimeOffset), @p5='?' (DbType = Double), @p6='?' (DbType = Double), @p7='?' (Size = 19), @p8='?' (Size = 14), @p9='?' (Size = 10), @p10='?' (Size = 8), @p11='?' (Size = 19), @p12='?' (Size = 31)], CommandType='"Text"', CommandTimeout='30']
INSERT INTO "Breweries" ("Id", "BreweryType", "City", "Country", "LastRefreshedUtc", "Latitude", "Longitude", "Name", "Phone", "PostalCode", "State", "Street", "WebsiteUrl")
VALUES (@p0, @p1, @p2, @p3, @p4, @p5, @p6, @p7, @p8, @p9, @p10, @p11, @p12);
2026-09-05 14:34:21.945 +05:30 [INF] Executed DbCommand (0ms) [Parameters=[@p0='?' (Size = 36), @p1='?' (Size = 7), @p2='?' (Size = 9), @p3='?' (Size = 7), @p4='?' (DbType = DateTimeOffset), @p5='?' (DbType = Double), @p6='?' (DbType = Double), @p7='?' (Size = 11), @p8='?' (Size = 14), @p9='?' (Size = 5), @p10='?' (Size = 9), @p11='?' (Size = 17), @p12='?' (Size = 32)], CommandType='"Text"', CommandTimeout='30']
INSERT INTO "Breweries" ("Id", "BreweryType", "City", "Country", "LastRefreshedUtc", "Latitude", "Longitude", "Name", "Phone", "PostalCode", "State", "Street", "WebsiteUrl")
VALUES (@p0, @p1, @p2, @p3, @p4, @p5, @p6, @p7, @p8, @p9, @p10, @p11, @p12);
2026-09-05 14:34:21.946 +05:30 [INF] Executed DbCommand (0ms) [Parameters=[@p0='?' (Size = 36), @p1='?' (Size = 5), @p2='?' (Size = 5), @p3='?' (Size = 13), @p4='?' (DbType = DateTimeOffset), @p5='?' (DbType = Double), @p6='?' (DbType = Double), @p7='?' (Size = 21), @p8='?' (Size = 14), @p9='?' (Size = 10), @p10='?' (Size = 7), @p11='?' (Size = 25), @p12='?' (Size = 22)], CommandType='"Text"', CommandTimeout='30']
INSERT INTO "Breweries" ("Id", "BreweryType", "City", "Country", "LastRefreshedUtc", "Latitude", "Longitude", "Name", "Phone", "PostalCode", "State", "Street", "WebsiteUrl")
VALUES (@p0, @p1, @p2, @p3, @p4, @p5, @p6, @p7, @p8, @p9, @p10, @p11, @p12);
2026-09-05 14:34:21.946 +05:30 [INF] Executed DbCommand (0ms) [Parameters=[@p0='?' (Size = 36), @p1='?' (Size = 7), @p2='?' (Size = 8), @p3='?' (Size = 7), @p4='?' (DbType = DateTimeOffset), @p5='?' (DbType = Double), @p6='?' (DbType = Double), @p7='?' (Size = 4), @p8='?' (Size = 14), @p9='?' (Size = 5), @p10='?' (Size = 6), @p11='?' (Size = 8), @p12='?' (Size = 25)], CommandType='"Text"', CommandTimeout='30']
INSERT INTO "Breweries" ("Id", "BreweryType", "City", "Country", "LastRefreshedUtc", "Latitude", "Longitude", "Name", "Phone", "PostalCode", "State", "Street", "WebsiteUrl")
VALUES (@p0, @p1, @p2, @p3, @p4, @p5, @p6, @p7, @p8, @p9, @p10, @p11, @p12);
2026-09-05 14:34:21.946 +05:30 [INF] Executed DbCommand (0ms) [Parameters=[@p0='?' (Size = 36), @p1='?' (Size = 5), @p2='?' (Size = 9), @p3='?' (Size = 13), @p4='?' (DbType = DateTimeOffset), @p5='?' (DbType = Double), @p6='?' (DbType = Double), @p7='?' (Size = 44), @p8='?' (Size = 14), @p9='?' (Size = 10), @p10='?' (Size = 10), @p11='?' (Size = 13), @p12='?' (Size = 27)], CommandType='"Text"', CommandTimeout='30']
INSERT INTO "Breweries" ("Id", "BreweryType", "City", "Country", "LastRefreshedUtc", "Latitude", "Longitude", "Name", "Phone", "PostalCode", "State", "Street", "WebsiteUrl")
VALUES (@p0, @p1, @p2, @p3, @p4, @p5, @p6, @p7, @p8, @p9, @p10, @p11, @p12);
2026-09-05 14:34:21.947 +05:30 [INF] Executed DbCommand (0ms) [Parameters=[@p0='?' (Size = 36), @p1='?' (Size = 5), @p2='?' (Size = 8), @p3='?' (Size = 13), @p4='?' (DbType = DateTimeOffset), @p5='?' (DbType = Double), @p6='?' (DbType = Double), @p7='?' (Size = 15), @p8='?' (Size = 14), @p9='?' (Size = 10), @p10='?' (Size = 8), @p11='?' (Size = 20), @p12='?' (Size = 29)], CommandType='"Text"', CommandTimeout='30']
INSERT INTO "Breweries" ("Id", "BreweryType", "City", "Country", "LastRefreshedUtc", "Latitude", "Longitude", "Name", "Phone", "PostalCode", "State", "Street", "WebsiteUrl")
VALUES (@p0, @p1, @p2, @p3, @p4, @p5, @p6, @p7, @p8, @p9, @p10, @p11, @p12);
2026-09-05 14:34:21.947 +05:30 [INF] Executed DbCommand (0ms) [Parameters=[@p0='?' (Size = 36), @p1='?' (Size = 5), @p2='?' (Size = 10), @p3='?' (Size = 13), @p4='?' (DbType = DateTimeOffset), @p5='?' (DbType = Double), @p6='?' (DbType = Double), @p7='?' (Size = 18), @p8='?' (Size = 14), @p9='?' (Size = 10), @p10='?' (Size = 20), @p11='?' (Size = 15), @p12='?' (Size = 28)], CommandType='"Text"', CommandTimeout='30']
INSERT INTO "Breweries" ("Id", "BreweryType", "City", "Country", "LastRefreshedUtc", "Latitude", "Longitude", "Name", "Phone", "PostalCode", "State", "Street", "WebsiteUrl")
VALUES (@p0, @p1, @p2, @p3, @p4, @p5, @p6, @p7, @p8, @p9, @p10, @p11, @p12);
2026-09-05 14:34:21.947 +05:30 [INF] Executed DbCommand (0ms) [Parameters=[@p0='?' (Size = 36), @p1='?' (Size = 5), @p2='?' (Size = 5), @p3='?' (Size = 13), @p4='?' (DbType = DateTimeOffset), @p5='?' (DbType = Double), @p6='?' (DbType = Double), @p7='?' (Size = 21), @p8='?' (Size = 14), @p9='?' (Size = 10), @p10='?' (Size = 10), @p11='?' (Size = 25), @p12='?' (Size = 27)], CommandType='"Text"', CommandTimeout='30']
INSERT INTO "Breweries" ("Id", "BreweryType", "City", "Country", "LastRefreshedUtc", "Latitude", "Longitude", "Name", "Phone", "PostalCode", "State", "Street", "WebsiteUrl")
VALUES (@p0, @p1, @p2, @p3, @p4, @p5, @p6, @p7, @p8, @p9, @p10, @p11, @p12);
2026-09-05 14:34:21.948 +05:30 [INF] Executed DbCommand (0ms) [Parameters=[@p0='?' (Size = 36), @p1='?' (Size = 7), @p2='?' (Size = 7), @p3='?' (Size = 13), @p4='?' (DbType = DateTimeOffset), @p5='?' (DbType = Double), @p6='?' (DbType = Double), @p7='?' (Size = 7), @p8='?', @p9='?' (Size = 5), @p10='?' (Size = 8), @p11='?' (Size = 12), @p12='?' (Size = 25)], CommandType='"Text"', CommandTimeout='30']
INSERT INTO "Breweries" ("Id", "BreweryType", "City", "Country", "LastRefreshedUtc", "Latitude", "Longitude", "Name", "Phone", "PostalCode", "State", "Street", "WebsiteUrl")
VALUES (@p0, @p1, @p2, @p3, @p4, @p5, @p6, @p7, @p8, @p9, @p10, @p11, @p12);
2026-09-05 14:34:21.948 +05:30 [INF] Executed DbCommand (0ms) [Parameters=[@p0='?' (Size = 36), @p1='?' (Size = 6), @p2='?' (Size = 8), @p3='?' (Size = 13), @p4='?' (DbType = DateTimeOffset), @p5='?' (DbType = Double), @p6='?' (DbType = Double), @p7='?' (Size = 9), @p8='?', @p9='?' (Size = 5), @p10='?' (Size = 10), @p11='?' (Size = 24), @p12='?' (Size = 23)], CommandType='"Text"', CommandTimeout='30']
INSERT INTO "Breweries" ("Id", "BreweryType", "City", "Country", "LastRefreshedUtc", "Latitude", "Longitude", "Name", "Phone", "PostalCode", "State", "Street", "WebsiteUrl")
VALUES (@p0, @p1, @p2, @p3, @p4, @p5, @p6, @p7, @p8, @p9, @p10, @p11, @p12);
2026-09-05 14:34:21.948 +05:30 [INF] Executed DbCommand (0ms) [Parameters=[@p0='?' (Size = 36), @p1='?' (Size = 6), @p2='?' (Size = 8), @p3='?' (Size = 13), @p4='?' (DbType = DateTimeOffset), @p5='?' (DbType = Double), @p6='?' (DbType = Double), @p7='?' (Size = 24), @p8='?', @p9='?' (Size = 10), @p10='?' (Size = 13), @p11='?' (Size = 17), @p12='?'], CommandType='"Text"', CommandTimeout='30']
INSERT INTO "Breweries" ("Id", "BreweryType", "City", "Country", "LastRefreshedUtc", "Latitude", "Longitude", "Name", "Phone", "PostalCode", "State", "Street", "WebsiteUrl")
VALUES (@p0, @p1, @p2, @p3, @p4, @p5, @p6, @p7, @p8, @p9, @p10, @p11, @p12);
2026-09-05 14:34:21.949 +05:30 [INF] Executed DbCommand (0ms) [Parameters=[@p0='?' (Size = 36), @p1='?' (Size = 5), @p2='?' (Size = 10), @p3='?' (Size = 13), @p4='?' (DbType = DateTimeOffset), @p5='?' (DbType = Double), @p6='?' (DbType = Double), @p7='?' (Size = 21), @p8='?' (Size = 14), @p9='?' (Size = 10), @p10='?' (Size = 6), @p11='?' (Size = 12), @p12='?' (Size = 27)], CommandType='"Text"', CommandTimeout='30']
INSERT INTO "Breweries" ("Id", "BreweryType", "City", "Country", "LastRefreshedUtc", "Latitude", "Longitude", "Name", "Phone", "PostalCode", "State", "Street", "WebsiteUrl")
VALUES (@p0, @p1, @p2, @p3, @p4, @p5, @p6, @p7, @p8, @p9, @p10, @p11, @p12);
2026-09-05 14:34:21.949 +05:30 [INF] Executed DbCommand (0ms) [Parameters=[@p0='?' (Size = 36), @p1='?' (Size = 5), @p2='?' (Size = 7), @p3='?' (Size = 13), @p4='?' (DbType = DateTimeOffset), @p5='?' (DbType = Double), @p6='?' (DbType = Double), @p7='?' (Size = 13), @p8='?' (Size = 14), @p9='?' (Size = 10), @p10='?' (Size = 8), @p11='?' (Size = 17), @p12='?' (Size = 27)], CommandType='"Text"', CommandTimeout='30']
INSERT INTO "Breweries" ("Id", "BreweryType", "City", "Country", "LastRefreshedUtc", "Latitude", "Longitude", "Name", "Phone", "PostalCode", "State", "Street", "WebsiteUrl")
VALUES (@p0, @p1, @p2, @p3, @p4, @p5, @p6, @p7, @p8, @p9, @p10, @p11, @p12);
2026-09-05 14:34:21.949 +05:30 [INF] Executed DbCommand (0ms) [Parameters=[@p0='?' (Size = 36), @p1='?' (Size = 5), @p2='?' (Size = 7), @p3='?' (Size = 13), @p4='?' (DbType = DateTimeOffset), @p5='?' (DbType = Double), @p6='?' (DbType = Double), @p7='?' (Size = 14), @p8='?' (Size = 14), @p9='?' (Size = 5), @p10='?' (Size = 10), @p11='?' (Size = 29), @p12='?' (Size = 29)], CommandType='"Text"', CommandTimeout='30']
INSERT INTO "Breweries" ("Id", "BreweryType", "City", "Country", "LastRefreshedUtc", "Latitude", "Longitude", "Name", "Phone", "PostalCode", "State", "Street", "WebsiteUrl")
VALUES (@p0, @p1, @p2, @p3, @p4, @p5, @p6, @p7, @p8, @p9, @p10, @p11, @p12);
2026-09-05 14:34:21.950 +05:30 [INF] Executed DbCommand (0ms) [Parameters=[@p0='?' (Size = 36), @p1='?' (Size = 6), @p2='?' (Size = 6), @p3='?' (Size = 7), @p4='?' (DbType = DateTimeOffset), @p5='?' (DbType = Double), @p6='?' (DbType = Double), @p7='?' (Size = 30), @p8='?' (Size = 14), @p9='?' (Size = 5), @p10='?' (Size = 19), @p11='?' (Size = 22), @p12='?' (Size = 45)], CommandType='"Text"', CommandTimeout='30']
INSERT INTO "Breweries" ("Id", "BreweryType", "City", "Country", "LastRefreshedUtc", "Latitude", "Longitude", "Name", "Phone", "PostalCode", "State", "Street", "WebsiteUrl")
VALUES (@p0, @p1, @p2, @p3, @p4, @p5, @p6, @p7, @p8, @p9, @p10, @p11, @p12);
2026-09-05 14:34:21.950 +05:30 [INF] Executed DbCommand (0ms) [Parameters=[@p0='?' (Size = 36), @p1='?' (Size = 7), @p2='?' (Size = 9), @p3='?' (Size = 7), @p4='?' (DbType = DateTimeOffset), @p5='?' (DbType = Double), @p6='?' (DbType = Double), @p7='?' (Size = 24), @p8='?' (Size = 14), @p9='?' (Size = 5), @p10='?' (Size = 6), @p11='?' (Size = 12), @p12='?' (Size = 27)], CommandType='"Text"', CommandTimeout='30']
INSERT INTO "Breweries" ("Id", "BreweryType", "City", "Country", "LastRefreshedUtc", "Latitude", "Longitude", "Name", "Phone", "PostalCode", "State", "Street", "WebsiteUrl")
VALUES (@p0, @p1, @p2, @p3, @p4, @p5, @p6, @p7, @p8, @p9, @p10, @p11, @p12);
2026-09-05 14:34:21.951 +05:30 [INF] Executed DbCommand (0ms) [Parameters=[@p0='?' (Size = 36), @p1='?' (Size = 7), @p2='?' (Size = 10), @p3='?' (Size = 13), @p4='?' (DbType = DateTimeOffset), @p5='?' (DbType = Double), @p6='?' (DbType = Double), @p7='?' (Size = 39), @p8='?' (Size = 14), @p9='?' (Size = 10), @p10='?' (Size = 10), @p11='?' (Size = 16), @p12='?' (Size = 30)], CommandType='"Text"', CommandTimeout='30']
INSERT INTO "Breweries" ("Id", "BreweryType", "City", "Country", "LastRefreshedUtc", "Latitude", "Longitude", "Name", "Phone", "PostalCode", "State", "Street", "WebsiteUrl")
VALUES (@p0, @p1, @p2, @p3, @p4, @p5, @p6, @p7, @p8, @p9, @p10, @p11, @p12);
2026-09-05 14:34:21.951 +05:30 [INF] Executed DbCommand (0ms) [Parameters=[@p0='?' (Size = 36), @p1='?' (Size = 10), @p2='?' (Size = 11), @p3='?' (Size = 13), @p4='?' (DbType = DateTimeOffset), @p5='?' (DbType = Double), @p6='?' (DbType = Double), @p7='?' (Size = 19), @p8='?' (Size = 14), @p9='?' (Size = 10), @p10='?' (Size = 8), @p11='?', @p12='?' (Size = 24)], CommandType='"Text"', CommandTimeout='30']
INSERT INTO "Breweries" ("Id", "BreweryType", "City", "Country", "LastRefreshedUtc", "Latitude", "Longitude", "Name", "Phone", "PostalCode", "State", "Street", "WebsiteUrl")
VALUES (@p0, @p1, @p2, @p3, @p4, @p5, @p6, @p7, @p8, @p9, @p10, @p11, @p12);
2026-09-05 14:34:21.952 +05:30 [INF] Executed DbCommand (0ms) [Parameters=[@p0='?' (Size = 36), @p1='?' (Size = 7), @p2='?' (Size = 10), @p3='?' (Size = 13), @p4='?' (DbType = DateTimeOffset), @p5='?' (DbType = Double), @p6='?' (DbType = Double), @p7='?' (Size = 36), @p8='?' (Size = 14), @p9='?' (Size = 10), @p10='?' (Size = 7), @p11='?' (Size = 23), @p12='?' (Size = 40)], CommandType='"Text"', CommandTimeout='30']
INSERT INTO "Breweries" ("Id", "BreweryType", "City", "Country", "LastRefreshedUtc", "Latitude", "Longitude", "Name", "Phone", "PostalCode", "State", "Street", "WebsiteUrl")
VALUES (@p0, @p1, @p2, @p3, @p4, @p5, @p6, @p7, @p8, @p9, @p10, @p11, @p12);
2026-09-05 14:34:21.953 +05:30 [INF] Executed DbCommand (0ms) [Parameters=[@p0='?' (Size = 36), @p1='?' (Size = 5), @p2='?' (Size = 5), @p3='?' (Size = 13), @p4='?' (DbType = DateTimeOffset), @p5='?' (DbType = Double), @p6='?' (DbType = Double), @p7='?' (Size = 27), @p8='?' (Size = 14), @p9='?' (Size = 10), @p10='?' (Size = 5), @p11='?' (Size = 17), @p12='?' (Size = 32)], CommandType='"Text"', CommandTimeout='30']
INSERT INTO "Breweries" ("Id", "BreweryType", "City", "Country", "LastRefreshedUtc", "Latitude", "Longitude", "Name", "Phone", "PostalCode", "State", "Street", "WebsiteUrl")
VALUES (@p0, @p1, @p2, @p3, @p4, @p5, @p6, @p7, @p8, @p9, @p10, @p11, @p12);
2026-09-05 14:34:21.954 +05:30 [INF] Executed DbCommand (0ms) [Parameters=[@p0='?' (Size = 36), @p1='?' (Size = 5), @p2='?' (Size = 7), @p3='?' (Size = 13), @p4='?' (DbType = DateTimeOffset), @p5='?' (DbType = Double), @p6='?' (DbType = Double), @p7='?' (Size = 23), @p8='?', @p9='?' (Size = 10), @p10='?' (Size = 10), @p11='?' (Size = 20), @p12='?'], CommandType='"Text"', CommandTimeout='30']
INSERT INTO "Breweries" ("Id", "BreweryType", "City", "Country", "LastRefreshedUtc", "Latitude", "Longitude", "Name", "Phone", "PostalCode", "State", "Street", "WebsiteUrl")
VALUES (@p0, @p1, @p2, @p3, @p4, @p5, @p6, @p7, @p8, @p9, @p10, @p11, @p12);
2026-09-05 14:34:21.955 +05:30 [INF] Executed DbCommand (0ms) [Parameters=[@p0='?' (Size = 36), @p1='?' (Size = 7), @p2='?' (Size = 15), @p3='?' (Size = 7), @p4='?' (DbType = DateTimeOffset), @p5='?' (DbType = Double), @p6='?' (DbType = Double), @p7='?' (Size = 12), @p8='?' (Size = 16), @p9='?' (Size = 5), @p10='?' (Size = 15), @p11='?' (Size = 15), @p12='?' (Size = 26)], CommandType='"Text"', CommandTimeout='30']
INSERT INTO "Breweries" ("Id", "BreweryType", "City", "Country", "LastRefreshedUtc", "Latitude", "Longitude", "Name", "Phone", "PostalCode", "State", "Street", "WebsiteUrl")
VALUES (@p0, @p1, @p2, @p3, @p4, @p5, @p6, @p7, @p8, @p9, @p10, @p11, @p12);
2026-09-05 14:34:21.956 +05:30 [INF] Executed DbCommand (0ms) [Parameters=[@p0='?' (Size = 36), @p1='?' (Size = 5), @p2='?' (Size = 5), @p3='?' (Size = 13), @p4='?' (DbType = DateTimeOffset), @p5='?' (DbType = Double), @p6='?' (DbType = Double), @p7='?' (Size = 21), @p8='?' (Size = 14), @p9='?' (Size = 10), @p10='?' (Size = 5), @p11='?' (Size = 13), @p12='?'], CommandType='"Text"', CommandTimeout='30']
INSERT INTO "Breweries" ("Id", "BreweryType", "City", "Country", "LastRefreshedUtc", "Latitude", "Longitude", "Name", "Phone", "PostalCode", "State", "Street", "WebsiteUrl")
VALUES (@p0, @p1, @p2, @p3, @p4, @p5, @p6, @p7, @p8, @p9, @p10, @p11, @p12);
2026-09-05 14:34:21.956 +05:30 [INF] Executed DbCommand (0ms) [Parameters=[@p0='?' (Size = 36), @p1='?' (Size = 5), @p2='?' (Size = 8), @p3='?' (Size = 13), @p4='?' (DbType = DateTimeOffset), @p5='?' (DbType = Double), @p6='?' (DbType = Double), @p7='?' (Size = 32), @p8='?' (Size = 14), @p9='?' (Size = 10), @p10='?' (Size = 10), @p11='?' (Size = 17), @p12='?'], CommandType='"Text"', CommandTimeout='30']
INSERT INTO "Breweries" ("Id", "BreweryType", "City", "Country", "LastRefreshedUtc", "Latitude", "Longitude", "Name", "Phone", "PostalCode", "State", "Street", "WebsiteUrl")
VALUES (@p0, @p1, @p2, @p3, @p4, @p5, @p6, @p7, @p8, @p9, @p10, @p11, @p12);
2026-09-05 14:34:21.957 +05:30 [INF] Executed DbCommand (0ms) [Parameters=[@p0='?' (Size = 36), @p1='?' (Size = 5), @p2='?' (Size = 10), @p3='?' (Size = 9), @p4='?' (DbType = DateTimeOffset), @p5='?' (DbType = Double), @p6='?' (DbType = Double), @p7='?' (Size = 24), @p8='?' (Size = 15), @p9='?' (Size = 4), @p10='?' (Size = 3), @p11='?' (Size = 16), @p12='?' (Size = 30)], CommandType='"Text"', CommandTimeout='30']
INSERT INTO "Breweries" ("Id", "BreweryType", "City", "Country", "LastRefreshedUtc", "Latitude", "Longitude", "Name", "Phone", "PostalCode", "State", "Street", "WebsiteUrl")
VALUES (@p0, @p1, @p2, @p3, @p4, @p5, @p6, @p7, @p8, @p9, @p10, @p11, @p12);
2026-09-05 14:34:21.957 +05:30 [INF] Executed DbCommand (0ms) [Parameters=[@p0='?' (Size = 36), @p1='?' (Size = 6), @p2='?' (Size = 7), @p3='?' (Size = 6), @p4='?' (DbType = DateTimeOffset), @p5='?' (DbType = Double), @p6='?' (DbType = Double), @p7='?' (Size = 32), @p8='?', @p9='?' (Size = 7), @p10='?' (Size = 16), @p11='?' (Size = 15), @p12='?'], CommandType='"Text"', CommandTimeout='30']
INSERT INTO "Breweries" ("Id", "BreweryType", "City", "Country", "LastRefreshedUtc", "Latitude", "Longitude", "Name", "Phone", "PostalCode", "State", "Street", "WebsiteUrl")
VALUES (@p0, @p1, @p2, @p3, @p4, @p5, @p6, @p7, @p8, @p9, @p10, @p11, @p12);
2026-09-05 14:34:21.958 +05:30 [INF] Executed DbCommand (0ms) [Parameters=[@p0='?' (Size = 36), @p1='?' (Size = 5), @p2='?' (Size = 7), @p3='?' (Size = 13), @p4='?' (DbType = DateTimeOffset), @p5='?' (DbType = Double), @p6='?' (DbType = Double), @p7='?' (Size = 37), @p8='?' (Size = 14), @p9='?' (Size = 10), @p10='?' (Size = 10), @p11='?' (Size = 23), @p12='?' (Size = 30)], CommandType='"Text"', CommandTimeout='30']
INSERT INTO "Breweries" ("Id", "BreweryType", "City", "Country", "LastRefreshedUtc", "Latitude", "Longitude", "Name", "Phone", "PostalCode", "State", "Street", "WebsiteUrl")
VALUES (@p0, @p1, @p2, @p3, @p4, @p5, @p6, @p7, @p8, @p9, @p10, @p11, @p12);
2026-09-05 14:34:21.958 +05:30 [INF] Executed DbCommand (0ms) [Parameters=[@p0='?' (Size = 36), @p1='?' (Size = 5), @p2='?' (Size = 6), @p3='?' (Size = 13), @p4='?' (DbType = DateTimeOffset), @p5='?' (DbType = Double), @p6='?' (DbType = Double), @p7='?' (Size = 19), @p8='?' (Size = 14), @p9='?' (Size = 10), @p10='?' (Size = 5), @p11='?' (Size = 14), @p12='?' (Size = 32)], CommandType='"Text"', CommandTimeout='30']
INSERT INTO "Breweries" ("Id", "BreweryType", "City", "Country", "LastRefreshedUtc", "Latitude", "Longitude", "Name", "Phone", "PostalCode", "State", "Street", "WebsiteUrl")
VALUES (@p0, @p1, @p2, @p3, @p4, @p5, @p6, @p7, @p8, @p9, @p10, @p11, @p12);
2026-09-05 14:34:21.959 +05:30 [INF] Executed DbCommand (0ms) [Parameters=[@p0='?' (Size = 36), @p1='?' (Size = 7), @p2='?' (Size = 10), @p3='?' (Size = 13), @p4='?' (DbType = DateTimeOffset), @p5='?' (DbType = Double), @p6='?' (DbType = Double), @p7='?' (Size = 25), @p8='?' (Size = 14), @p9='?' (Size = 10), @p10='?' (Size = 13), @p11='?' (Size = 15), @p12='?' (Size = 27)], CommandType='"Text"', CommandTimeout='30']
INSERT INTO "Breweries" ("Id", "BreweryType", "City", "Country", "LastRefreshedUtc", "Latitude", "Longitude", "Name", "Phone", "PostalCode", "State", "Street", "WebsiteUrl")
VALUES (@p0, @p1, @p2, @p3, @p4, @p5, @p6, @p7, @p8, @p9, @p10, @p11, @p12);
2026-09-05 14:34:21.959 +05:30 [INF] Executed DbCommand (0ms) [Parameters=[@p0='?' (Size = 36), @p1='?' (Size = 6), @p2='?' (Size = 11), @p3='?' (Size = 13), @p4='?' (DbType = DateTimeOffset), @p5='?' (DbType = Double), @p6='?' (DbType = Double), @p7='?' (Size = 16), @p8='?' (Size = 14), @p9='?' (Size = 10), @p10='?' (Size = 13), @p11='?' (Size = 11), @p12='?' (Size = 25)], CommandType='"Text"', CommandTimeout='30']
INSERT INTO "Breweries" ("Id", "BreweryType", "City", "Country", "LastRefreshedUtc", "Latitude", "Longitude", "Name", "Phone", "PostalCode", "State", "Street", "WebsiteUrl")
VALUES (@p0, @p1, @p2, @p3, @p4, @p5, @p6, @p7, @p8, @p9, @p10, @p11, @p12);
2026-09-05 14:34:21.960 +05:30 [INF] Executed DbCommand (0ms) [Parameters=[@p0='?' (Size = 36), @p1='?' (Size = 7), @p2='?' (Size = 10), @p3='?' (Size = 7), @p4='?' (DbType = DateTimeOffset), @p5='?' (DbType = Double), @p6='?' (DbType = Double), @p7='?' (Size = 5), @p8='?' (Size = 15), @p9='?' (Size = 5), @p10='?' (Size = 17), @p11='?' (Size = 15), @p12='?' (Size = 24)], CommandType='"Text"', CommandTimeout='30']
INSERT INTO "Breweries" ("Id", "BreweryType", "City", "Country", "LastRefreshedUtc", "Latitude", "Longitude", "Name", "Phone", "PostalCode", "State", "Street", "WebsiteUrl")
VALUES (@p0, @p1, @p2, @p3, @p4, @p5, @p6, @p7, @p8, @p9, @p10, @p11, @p12);
2026-09-05 14:34:21.960 +05:30 [INF] Executed DbCommand (0ms) [Parameters=[@p0='?' (Size = 36), @p1='?' (Size = 6), @p2='?' (Size = 11), @p3='?' (Size = 7), @p4='?' (DbType = DateTimeOffset), @p5='?' (DbType = Double), @p6='?' (DbType = Double), @p7='?' (Size = 25), @p8='?' (Size = 15), @p9='?' (Size = 5), @p10='?' (Size = 13), @p11='?' (Size = 14), @p12='?' (Size = 37)], CommandType='"Text"', CommandTimeout='30']
INSERT INTO "Breweries" ("Id", "BreweryType", "City", "Country", "LastRefreshedUtc", "Latitude", "Longitude", "Name", "Phone", "PostalCode", "State", "Street", "WebsiteUrl")
VALUES (@p0, @p1, @p2, @p3, @p4, @p5, @p6, @p7, @p8, @p9, @p10, @p11, @p12);
2026-09-05 14:34:21.961 +05:30 [INF] Executed DbCommand (0ms) [Parameters=[@p0='?' (Size = 36), @p1='?' (Size = 5), @p2='?' (Size = 16), @p3='?' (Size = 13), @p4='?' (DbType = DateTimeOffset), @p5='?' (DbType = Double), @p6='?' (DbType = Double), @p7='?' (Size = 17), @p8='?' (Size = 14), @p9='?' (Size = 10), @p10='?' (Size = 5), @p11='?' (Size = 15), @p12='?' (Size = 28)], CommandType='"Text"', CommandTimeout='30']
INSERT INTO "Breweries" ("Id", "BreweryType", "City", "Country", "LastRefreshedUtc", "Latitude", "Longitude", "Name", "Phone", "PostalCode", "State", "Street", "WebsiteUrl")
VALUES (@p0, @p1, @p2, @p3, @p4, @p5, @p6, @p7, @p8, @p9, @p10, @p11, @p12);
2026-09-05 14:34:21.961 +05:30 [INF] Executed DbCommand (0ms) [Parameters=[@p0='?' (Size = 36), @p1='?' (Size = 7), @p2='?' (Size = 12), @p3='?' (Size = 7), @p4='?' (DbType = DateTimeOffset), @p5='?' (DbType = Double), @p6='?' (DbType = Double), @p7='?' (Size = 18), @p8='?' (Size = 16), @p9='?' (Size = 5), @p10='?' (Size = 6), @p11='?' (Size = 16), @p12='?' (Size = 37)], CommandType='"Text"', CommandTimeout='30']
INSERT INTO "Breweries" ("Id", "BreweryType", "City", "Country", "LastRefreshedUtc", "Latitude", "Longitude", "Name", "Phone", "PostalCode", "State", "Street", "WebsiteUrl")
VALUES (@p0, @p1, @p2, @p3, @p4, @p5, @p6, @p7, @p8, @p9, @p10, @p11, @p12);
2026-09-05 14:34:21.961 +05:30 [INF] Executed DbCommand (0ms) [Parameters=[@p0='?' (Size = 36), @p1='?' (Size = 5), @p2='?' (Size = 6), @p3='?' (Size = 13), @p4='?' (DbType = DateTimeOffset), @p5='?' (DbType = Double), @p6='?' (DbType = Double), @p7='?' (Size = 22), @p8='?' (Size = 14), @p9='?' (Size = 5), @p10='?' (Size = 5), @p11='?' (Size = 12), @p12='?' (Size = 28)], CommandType='"Text"', CommandTimeout='30']
INSERT INTO "Breweries" ("Id", "BreweryType", "City", "Country", "LastRefreshedUtc", "Latitude", "Longitude", "Name", "Phone", "PostalCode", "State", "Street", "WebsiteUrl")
VALUES (@p0, @p1, @p2, @p3, @p4, @p5, @p6, @p7, @p8, @p9, @p10, @p11, @p12);
2026-09-05 14:34:21.962 +05:30 [INF] Executed DbCommand (0ms) [Parameters=[@p0='?' (Size = 36), @p1='?' (Size = 5), @p2='?' (Size = 5), @p3='?' (Size = 13), @p4='?' (DbType = DateTimeOffset), @p5='?' (DbType = Double), @p6='?' (DbType = Double), @p7='?' (Size = 18), @p8='?' (Size = 14), @p9='?' (Size = 10), @p10='?' (Size = 5), @p11='?' (Size = 31), @p12='?' (Size = 24)], CommandType='"Text"', CommandTimeout='30']
INSERT INTO "Breweries" ("Id", "BreweryType", "City", "Country", "LastRefreshedUtc", "Latitude", "Longitude", "Name", "Phone", "PostalCode", "State", "Street", "WebsiteUrl")
VALUES (@p0, @p1, @p2, @p3, @p4, @p5, @p6, @p7, @p8, @p9, @p10, @p11, @p12);
2026-09-05 14:34:21.962 +05:30 [INF] Executed DbCommand (0ms) [Parameters=[@p0='?' (Size = 36), @p1='?' (Size = 7), @p2='?' (Size = 6), @p3='?' (Size = 7), @p4='?' (DbType = DateTimeOffset), @p5='?' (DbType = Double), @p6='?' (DbType = Double), @p7='?' (Size = 9), @p8='?' (Size = 12), @p9='?' (Size = 5), @p10='?' (Size = 6), @p11='?' (Size = 5), @p12='?' (Size = 32)], CommandType='"Text"', CommandTimeout='30']
INSERT INTO "Breweries" ("Id", "BreweryType", "City", "Country", "LastRefreshedUtc", "Latitude", "Longitude", "Name", "Phone", "PostalCode", "State", "Street", "WebsiteUrl")
VALUES (@p0, @p1, @p2, @p3, @p4, @p5, @p6, @p7, @p8, @p9, @p10, @p11, @p12);
2026-09-05 14:34:21.963 +05:30 [INF] Executed DbCommand (0ms) [Parameters=[@p0='?' (Size = 36), @p1='?' (Size = 7), @p2='?' (Size = 8), @p3='?' (Size = 13), @p4='?' (DbType = DateTimeOffset), @p5='?' (DbType = Double), @p6='?' (DbType = Double), @p7='?' (Size = 42), @p8='?' (Size = 14), @p9='?' (Size = 10), @p10='?' (Size = 4), @p11='?' (Size = 13), @p12='?' (Size = 29)], CommandType='"Text"', CommandTimeout='30']
INSERT INTO "Breweries" ("Id", "BreweryType", "City", "Country", "LastRefreshedUtc", "Latitude", "Longitude", "Name", "Phone", "PostalCode", "State", "Street", "WebsiteUrl")
VALUES (@p0, @p1, @p2, @p3, @p4, @p5, @p6, @p7, @p8, @p9, @p10, @p11, @p12);
2026-09-05 14:34:21.963 +05:30 [INF] Executed DbCommand (0ms) [Parameters=[@p0='?' (Size = 36), @p1='?' (Size = 7), @p2='?' (Size = 13), @p3='?' (Size = 13), @p4='?' (DbType = DateTimeOffset), @p5='?' (DbType = Double), @p6='?' (DbType = Double), @p7='?' (Size = 28), @p8='?' (Size = 14), @p9='?' (Size = 10), @p10='?' (Size = 7), @p11='?' (Size = 15), @p12='?' (Size = 30)], CommandType='"Text"', CommandTimeout='30']
INSERT INTO "Breweries" ("Id", "BreweryType", "City", "Country", "LastRefreshedUtc", "Latitude", "Longitude", "Name", "Phone", "PostalCode", "State", "Street", "WebsiteUrl")
VALUES (@p0, @p1, @p2, @p3, @p4, @p5, @p6, @p7, @p8, @p9, @p10, @p11, @p12);
2026-09-05 14:34:21.963 +05:30 [INF] Executed DbCommand (0ms) [Parameters=[@p0='?' (Size = 36), @p1='?' (Size = 8), @p2='?' (Size = 11), @p3='?' (Size = 13), @p4='?' (DbType = DateTimeOffset), @p5='?' (DbType = Double), @p6='?' (DbType = Double), @p7='?' (Size = 16), @p8='?', @p9='?' (Size = 10), @p10='?' (Size = 9), @p11='?', @p12='?' (Size = 29)], CommandType='"Text"', CommandTimeout='30']
INSERT INTO "Breweries" ("Id", "BreweryType", "City", "Country", "LastRefreshedUtc", "Latitude", "Longitude", "Name", "Phone", "PostalCode", "State", "Street", "WebsiteUrl")
VALUES (@p0, @p1, @p2, @p3, @p4, @p5, @p6, @p7, @p8, @p9, @p10, @p11, @p12);
2026-09-05 14:34:21.964 +05:30 [INF] Executed DbCommand (0ms) [Parameters=[@p0='?' (Size = 36), @p1='?' (Size = 7), @p2='?' (Size = 7), @p3='?' (Size = 7), @p4='?' (DbType = DateTimeOffset), @p5='?' (DbType = Double), @p6='?' (DbType = Double), @p7='?' (Size = 8), @p8='?' (Size = 14), @p9='?' (Size = 5), @p10='?' (Size = 17), @p11='?' (Size = 19), @p12='?' (Size = 24)], CommandType='"Text"', CommandTimeout='30']
INSERT INTO "Breweries" ("Id", "BreweryType", "City", "Country", "LastRefreshedUtc", "Latitude", "Longitude", "Name", "Phone", "PostalCode", "State", "Street", "WebsiteUrl")
VALUES (@p0, @p1, @p2, @p3, @p4, @p5, @p6, @p7, @p8, @p9, @p10, @p11, @p12);
2026-09-05 14:34:21.964 +05:30 [INF] Executed DbCommand (0ms) [Parameters=[@p0='?' (Size = 36), @p1='?' (Size = 8), @p2='?' (Size = 8), @p3='?' (Size = 13), @p4='?' (DbType = DateTimeOffset), @p5='?' (DbType = Double), @p6='?' (DbType = Double), @p7='?' (Size = 24), @p8='?' (Size = 14), @p9='?' (Size = 10), @p10='?' (Size = 8), @p11='?' (Size = 18), @p12='?' (Size = 21)], CommandType='"Text"', CommandTimeout='30']
INSERT INTO "Breweries" ("Id", "BreweryType", "City", "Country", "LastRefreshedUtc", "Latitude", "Longitude", "Name", "Phone", "PostalCode", "State", "Street", "WebsiteUrl")
VALUES (@p0, @p1, @p2, @p3, @p4, @p5, @p6, @p7, @p8, @p9, @p10, @p11, @p12);
2026-09-05 14:34:21.965 +05:30 [INF] Executed DbCommand (0ms) [Parameters=[@p0='?' (Size = 36), @p1='?' (Size = 5), @p2='?' (Size = 7), @p3='?' (Size = 13), @p4='?' (DbType = DateTimeOffset), @p5='?' (DbType = Double), @p6='?' (DbType = Double), @p7='?' (Size = 21), @p8='?' (Size = 14), @p9='?' (Size = 10), @p10='?' (Size = 12), @p11='?' (Size = 18), @p12='?' (Size = 27)], CommandType='"Text"', CommandTimeout='30']
INSERT INTO "Breweries" ("Id", "BreweryType", "City", "Country", "LastRefreshedUtc", "Latitude", "Longitude", "Name", "Phone", "PostalCode", "State", "Street", "WebsiteUrl")
VALUES (@p0, @p1, @p2, @p3, @p4, @p5, @p6, @p7, @p8, @p9, @p10, @p11, @p12);
2026-09-05 14:34:21.965 +05:30 [INF] Executed DbCommand (0ms) [Parameters=[@p0='?' (Size = 36), @p1='?' (Size = 5), @p2='?' (Size = 4), @p3='?' (Size = 7), @p4='?' (DbType = DateTimeOffset), @p5='?' (DbType = Double), @p6='?' (DbType = Double), @p7='?' (Size = 31), @p8='?' (Size = 12), @p9='?' (Size = 8), @p10='?' (Size = 4), @p11='?' (Size = 14), @p12='?' (Size = 18)], CommandType='"Text"', CommandTimeout='30']
INSERT INTO "Breweries" ("Id", "BreweryType", "City", "Country", "LastRefreshedUtc", "Latitude", "Longitude", "Name", "Phone", "PostalCode", "State", "Street", "WebsiteUrl")
VALUES (@p0, @p1, @p2, @p3, @p4, @p5, @p6, @p7, @p8, @p9, @p10, @p11, @p12);
2026-09-05 14:34:21.965 +05:30 [INF] Executed DbCommand (0ms) [Parameters=[@p0='?' (Size = 36), @p1='?' (Size = 7), @p2='?' (Size = 8), @p3='?' (Size = 7), @p4='?' (DbType = DateTimeOffset), @p5='?' (DbType = Double), @p6='?' (DbType = Double), @p7='?' (Size = 5), @p8='?' (Size = 14), @p9='?' (Size = 5), @p10='?' (Size = 19), @p11='?' (Size = 23), @p12='?' (Size = 19)], CommandType='"Text"', CommandTimeout='30']
INSERT INTO "Breweries" ("Id", "BreweryType", "City", "Country", "LastRefreshedUtc", "Latitude", "Longitude", "Name", "Phone", "PostalCode", "State", "Street", "WebsiteUrl")
VALUES (@p0, @p1, @p2, @p3, @p4, @p5, @p6, @p7, @p8, @p9, @p10, @p11, @p12);
2026-09-05 14:34:21.966 +05:30 [INF] Executed DbCommand (0ms) [Parameters=[@p0='?' (Size = 36), @p1='?' (Size = 8), @p2='?' (Size = 20), @p3='?' (Size = 13), @p4='?' (DbType = DateTimeOffset), @p5='?' (DbType = Double), @p6='?' (DbType = Double), @p7='?' (Size = 24), @p8='?' (Size = 14), @p9='?' (Size = 5), @p10='?' (Size = 7), @p11='?', @p12='?'], CommandType='"Text"', CommandTimeout='30']
INSERT INTO "Breweries" ("Id", "BreweryType", "City", "Country", "LastRefreshedUtc", "Latitude", "Longitude", "Name", "Phone", "PostalCode", "State", "Street", "WebsiteUrl")
VALUES (@p0, @p1, @p2, @p3, @p4, @p5, @p6, @p7, @p8, @p9, @p10, @p11, @p12);
2026-09-05 14:34:21.966 +05:30 [INF] Executed DbCommand (0ms) [Parameters=[@p0='?' (Size = 36), @p1='?' (Size = 7), @p2='?' (Size = 6), @p3='?' (Size = 13), @p4='?' (DbType = DateTimeOffset), @p5='?' (DbType = Double), @p6='?' (DbType = Double), @p7='?' (Size = 24), @p8='?' (Size = 14), @p9='?' (Size = 10), @p10='?' (Size = 7), @p11='?' (Size = 12), @p12='?' (Size = 25)], CommandType='"Text"', CommandTimeout='30']
INSERT INTO "Breweries" ("Id", "BreweryType", "City", "Country", "LastRefreshedUtc", "Latitude", "Longitude", "Name", "Phone", "PostalCode", "State", "Street", "WebsiteUrl")
VALUES (@p0, @p1, @p2, @p3, @p4, @p5, @p6, @p7, @p8, @p9, @p10, @p11, @p12);
2026-09-05 14:34:21.967 +05:30 [INF] Executed DbCommand (0ms) [Parameters=[@p0='?' (Size = 36), @p1='?' (Size = 7), @p2='?' (Size = 8), @p3='?' (Size = 13), @p4='?' (DbType = DateTimeOffset), @p5='?' (DbType = Double), @p6='?' (DbType = Double), @p7='?' (Size = 23), @p8='?' (Size = 14), @p9='?' (Size = 10), @p10='?' (Size = 7), @p11='?' (Size = 13), @p12='?' (Size = 29)], CommandType='"Text"', CommandTimeout='30']
INSERT INTO "Breweries" ("Id", "BreweryType", "City", "Country", "LastRefreshedUtc", "Latitude", "Longitude", "Name", "Phone", "PostalCode", "State", "Street", "WebsiteUrl")
VALUES (@p0, @p1, @p2, @p3, @p4, @p5, @p6, @p7, @p8, @p9, @p10, @p11, @p12);
2026-09-05 14:34:21.967 +05:30 [INF] Executed DbCommand (0ms) [Parameters=[@p0='?' (Size = 36), @p1='?' (Size = 7), @p2='?' (Size = 9), @p3='?' (Size = 12), @p4='?' (DbType = DateTimeOffset), @p5='?' (DbType = Double), @p6='?' (DbType = Double), @p7='?' (Size = 21), @p8='?' (Size = 15), @p9='?' (Size = 4), @p10='?' (Size = 12), @p11='?' (Size = 13), @p12='?' (Size = 32)], CommandType='"Text"', CommandTimeout='30']
INSERT INTO "Breweries" ("Id", "BreweryType", "City", "Country", "LastRefreshedUtc", "Latitude", "Longitude", "Name", "Phone", "PostalCode", "State", "Street", "WebsiteUrl")
VALUES (@p0, @p1, @p2, @p3, @p4, @p5, @p6, @p7, @p8, @p9, @p10, @p11, @p12);
2026-09-05 14:34:21.967 +05:30 [INF] Executed DbCommand (0ms) [Parameters=[@p0='?' (Size = 36), @p1='?' (Size = 5), @p2='?' (Size = 7), @p3='?' (Size = 13), @p4='?' (DbType = DateTimeOffset), @p5='?' (DbType = Double), @p6='?' (DbType = Double), @p7='?' (Size = 22), @p8='?' (Size = 14), @p9='?' (Size = 10), @p10='?' (Size = 10), @p11='?' (Size = 27), @p12='?' (Size = 35)], CommandType='"Text"', CommandTimeout='30']
INSERT INTO "Breweries" ("Id", "BreweryType", "City", "Country", "LastRefreshedUtc", "Latitude", "Longitude", "Name", "Phone", "PostalCode", "State", "Street", "WebsiteUrl")
VALUES (@p0, @p1, @p2, @p3, @p4, @p5, @p6, @p7, @p8, @p9, @p10, @p11, @p12);
2026-09-05 14:34:21.968 +05:30 [INF] Executed DbCommand (0ms) [Parameters=[@p0='?' (Size = 36), @p1='?' (Size = 5), @p2='?' (Size = 9), @p3='?' (Size = 7), @p4='?' (DbType = DateTimeOffset), @p5='?' (DbType = Double), @p6='?' (DbType = Double), @p7='?' (Size = 15), @p8='?' (Size = 14), @p9='?' (Size = 4), @p10='?' (Size = 8), @p11='?', @p12='?' (Size = 31)], CommandType='"Text"', CommandTimeout='30']
INSERT INTO "Breweries" ("Id", "BreweryType", "City", "Country", "LastRefreshedUtc", "Latitude", "Longitude", "Name", "Phone", "PostalCode", "State", "Street", "WebsiteUrl")
VALUES (@p0, @p1, @p2, @p3, @p4, @p5, @p6, @p7, @p8, @p9, @p10, @p11, @p12);
2026-09-05 14:34:21.968 +05:30 [INF] Executed DbCommand (0ms) [Parameters=[@p0='?' (Size = 36), @p1='?' (Size = 5), @p2='?' (Size = 9), @p3='?' (Size = 13), @p4='?' (DbType = DateTimeOffset), @p5='?' (DbType = Double), @p6='?' (DbType = Double), @p7='?' (Size = 19), @p8='?', @p9='?' (Size = 10), @p10='?' (Size = 4), @p11='?' (Size = 15), @p12='?' (Size = 30)], CommandType='"Text"', CommandTimeout='30']
INSERT INTO "Breweries" ("Id", "BreweryType", "City", "Country", "LastRefreshedUtc", "Latitude", "Longitude", "Name", "Phone", "PostalCode", "State", "Street", "WebsiteUrl")
VALUES (@p0, @p1, @p2, @p3, @p4, @p5, @p6, @p7, @p8, @p9, @p10, @p11, @p12);
2026-09-05 14:34:21.968 +05:30 [INF] Executed DbCommand (0ms) [Parameters=[@p0='?' (Size = 36), @p1='?' (Size = 6), @p2='?' (Size = 10), @p3='?' (Size = 11), @p4='?' (DbType = DateTimeOffset), @p5='?' (DbType = Double), @p6='?' (DbType = Double), @p7='?' (Size = 6), @p8='?' (Size = 14), @p9='?' (Size = 4), @p10='?' (Size = 17), @p11='?' (Size = 14), @p12='?' (Size = 31)], CommandType='"Text"', CommandTimeout='30']
INSERT INTO "Breweries" ("Id", "BreweryType", "City", "Country", "LastRefreshedUtc", "Latitude", "Longitude", "Name", "Phone", "PostalCode", "State", "Street", "WebsiteUrl")
VALUES (@p0, @p1, @p2, @p3, @p4, @p5, @p6, @p7, @p8, @p9, @p10, @p11, @p12);
2026-09-05 14:34:21.969 +05:30 [INF] Executed DbCommand (0ms) [Parameters=[@p0='?' (Size = 36), @p1='?' (Size = 5), @p2='?' (Size = 13), @p3='?' (Size = 13), @p4='?' (DbType = DateTimeOffset), @p5='?' (DbType = Double), @p6='?' (DbType = Double), @p7='?' (Size = 24), @p8='?' (Size = 14), @p9='?' (Size = 5), @p10='?' (Size = 5), @p11='?' (Size = 30), @p12='?'], CommandType='"Text"', CommandTimeout='30']
INSERT INTO "Breweries" ("Id", "BreweryType", "City", "Country", "LastRefreshedUtc", "Latitude", "Longitude", "Name", "Phone", "PostalCode", "State", "Street", "WebsiteUrl")
VALUES (@p0, @p1, @p2, @p3, @p4, @p5, @p6, @p7, @p8, @p9, @p10, @p11, @p12);
2026-09-05 14:34:21.970 +05:30 [INF] Executed DbCommand (0ms) [Parameters=[@p0='?' (Size = 36), @p1='?' (Size = 5), @p2='?' (Size = 8), @p3='?' (Size = 13), @p4='?' (DbType = DateTimeOffset), @p5='?' (DbType = Double), @p6='?' (DbType = Double), @p7='?' (Size = 21), @p8='?' (Size = 14), @p9='?' (Size = 10), @p10='?' (Size = 5), @p11='?' (Size = 22), @p12='?' (Size = 34)], CommandType='"Text"', CommandTimeout='30']
INSERT INTO "Breweries" ("Id", "BreweryType", "City", "Country", "LastRefreshedUtc", "Latitude", "Longitude", "Name", "Phone", "PostalCode", "State", "Street", "WebsiteUrl")
VALUES (@p0, @p1, @p2, @p3, @p4, @p5, @p6, @p7, @p8, @p9, @p10, @p11, @p12);
2026-09-05 14:34:21.971 +05:30 [INF] Executed DbCommand (0ms) [Parameters=[@p0='?' (Size = 36), @p1='?' (Size = 5), @p2='?' (Size = 9), @p3='?' (Size = 13), @p4='?' (DbType = DateTimeOffset), @p5='?' (DbType = Double), @p6='?' (DbType = Double), @p7='?' (Size = 31), @p8='?' (Size = 14), @p9='?' (Size = 5), @p10='?' (Size = 13), @p11='?' (Size = 14), @p12='?' (Size = 22)], CommandType='"Text"', CommandTimeout='30']
INSERT INTO "Breweries" ("Id", "BreweryType", "City", "Country", "LastRefreshedUtc", "Latitude", "Longitude", "Name", "Phone", "PostalCode", "State", "Street", "WebsiteUrl")
VALUES (@p0, @p1, @p2, @p3, @p4, @p5, @p6, @p7, @p8, @p9, @p10, @p11, @p12);
2026-09-05 14:34:21.972 +05:30 [INF] Executed DbCommand (0ms) [Parameters=[@p0='?' (Size = 36), @p1='?' (Size = 7), @p2='?' (Size = 11), @p3='?' (Size = 13), @p4='?' (DbType = DateTimeOffset), @p5='?' (DbType = Double), @p6='?' (DbType = Double), @p7='?' (Size = 19), @p8='?' (Size = 14), @p9='?' (Size = 5), @p10='?' (Size = 8), @p11='?' (Size = 17), @p12='?' (Size = 23)], CommandType='"Text"', CommandTimeout='30']
INSERT INTO "Breweries" ("Id", "BreweryType", "City", "Country", "LastRefreshedUtc", "Latitude", "Longitude", "Name", "Phone", "PostalCode", "State", "Street", "WebsiteUrl")
VALUES (@p0, @p1, @p2, @p3, @p4, @p5, @p6, @p7, @p8, @p9, @p10, @p11, @p12);
2026-09-05 14:34:21.973 +05:30 [INF] Executed DbCommand (0ms) [Parameters=[@p0='?' (Size = 36), @p1='?' (Size = 5), @p2='?' (Size = 8), @p3='?' (Size = 13), @p4='?' (DbType = DateTimeOffset), @p5='?' (DbType = Double), @p6='?' (DbType = Double), @p7='?' (Size = 24), @p8='?' (Size = 14), @p9='?' (Size = 10), @p10='?' (Size = 12), @p11='?' (Size = 13), @p12='?' (Size = 30)], CommandType='"Text"', CommandTimeout='30']
INSERT INTO "Breweries" ("Id", "BreweryType", "City", "Country", "LastRefreshedUtc", "Latitude", "Longitude", "Name", "Phone", "PostalCode", "State", "Street", "WebsiteUrl")
VALUES (@p0, @p1, @p2, @p3, @p4, @p5, @p6, @p7, @p8, @p9, @p10, @p11, @p12);
2026-09-05 14:34:21.973 +05:30 [INF] Executed DbCommand (0ms) [Parameters=[@p0='?' (Size = 36), @p1='?' (Size = 8), @p2='?' (Size = 7), @p3='?' (Size = 13), @p4='?' (DbType = DateTimeOffset), @p5='?' (DbType = Double), @p6='?' (DbType = Double), @p7='?' (Size = 15), @p8='?' (Size = 14), @p9='?' (Size = 10), @p10='?' (Size = 5), @p11='?', @p12='?' (Size = 25)], CommandType='"Text"', CommandTimeout='30']
INSERT INTO "Breweries" ("Id", "BreweryType", "City", "Country", "LastRefreshedUtc", "Latitude", "Longitude", "Name", "Phone", "PostalCode", "State", "Street", "WebsiteUrl")
VALUES (@p0, @p1, @p2, @p3, @p4, @p5, @p6, @p7, @p8, @p9, @p10, @p11, @p12);
2026-09-05 14:34:21.974 +05:30 [INF] Executed DbCommand (0ms) [Parameters=[@p0='?' (Size = 36), @p1='?' (Size = 5), @p2='?' (Size = 10), @p3='?' (Size = 13), @p4='?' (DbType = DateTimeOffset), @p5='?' (DbType = Double), @p6='?' (DbType = Double), @p7='?' (Size = 15), @p8='?' (Size = 14), @p9='?' (Size = 10), @p10='?' (Size = 4), @p11='?' (Size = 15), @p12='?' (Size = 22)], CommandType='"Text"', CommandTimeout='30']
INSERT INTO "Breweries" ("Id", "BreweryType", "City", "Country", "LastRefreshedUtc", "Latitude", "Longitude", "Name", "Phone", "PostalCode", "State", "Street", "WebsiteUrl")
VALUES (@p0, @p1, @p2, @p3, @p4, @p5, @p6, @p7, @p8, @p9, @p10, @p11, @p12);
2026-09-05 14:34:21.974 +05:30 [INF] Executed DbCommand (0ms) [Parameters=[@p0='?' (Size = 36), @p1='?' (Size = 5), @p2='?' (Size = 10), @p3='?' (Size = 13), @p4='?' (DbType = DateTimeOffset), @p5='?' (DbType = Double), @p6='?' (DbType = Double), @p7='?' (Size = 14), @p8='?' (Size = 14), @p9='?' (Size = 5), @p10='?' (Size = 10), @p11='?' (Size = 26), @p12='?' (Size = 24)], CommandType='"Text"', CommandTimeout='30']
INSERT INTO "Breweries" ("Id", "BreweryType", "City", "Country", "LastRefreshedUtc", "Latitude", "Longitude", "Name", "Phone", "PostalCode", "State", "Street", "WebsiteUrl")
VALUES (@p0, @p1, @p2, @p3, @p4, @p5, @p6, @p7, @p8, @p9, @p10, @p11, @p12);
2026-09-05 14:34:21.975 +05:30 [INF] Executed DbCommand (0ms) [Parameters=[@p0='?' (Size = 36), @p1='?' (Size = 5), @p2='?' (Size = 12), @p3='?' (Size = 13), @p4='?' (DbType = DateTimeOffset), @p5='?' (DbType = Double), @p6='?' (DbType = Double), @p7='?' (Size = 20), @p8='?' (Size = 14), @p9='?' (Size = 10), @p10='?' (Size = 8), @p11='?' (Size = 14), @p12='?'], CommandType='"Text"', CommandTimeout='30']
INSERT INTO "Breweries" ("Id", "BreweryType", "City", "Country", "LastRefreshedUtc", "Latitude", "Longitude", "Name", "Phone", "PostalCode", "State", "Street", "WebsiteUrl")
VALUES (@p0, @p1, @p2, @p3, @p4, @p5, @p6, @p7, @p8, @p9, @p10, @p11, @p12);
2026-09-05 14:34:21.975 +05:30 [INF] Executed DbCommand (0ms) [Parameters=[@p0='?' (Size = 36), @p1='?' (Size = 5), @p2='?' (Size = 12), @p3='?' (Size = 7), @p4='?' (DbType = DateTimeOffset), @p5='?' (DbType = Double), @p6='?' (DbType = Double), @p7='?' (Size = 11), @p8='?' (Size = 14), @p9='?' (Size = 5), @p10='?' (Size = 13), @p11='?' (Size = 20), @p12='?' (Size = 25)], CommandType='"Text"', CommandTimeout='30']
INSERT INTO "Breweries" ("Id", "BreweryType", "City", "Country", "LastRefreshedUtc", "Latitude", "Longitude", "Name", "Phone", "PostalCode", "State", "Street", "WebsiteUrl")
VALUES (@p0, @p1, @p2, @p3, @p4, @p5, @p6, @p7, @p8, @p9, @p10, @p11, @p12);
2026-09-05 14:34:21.975 +05:30 [INF] Executed DbCommand (0ms) [Parameters=[@p0='?' (Size = 36), @p1='?' (Size = 5), @p2='?' (Size = 6), @p3='?' (Size = 11), @p4='?' (DbType = DateTimeOffset), @p5='?' (DbType = Double), @p6='?' (DbType = Double), @p7='?' (Size = 27), @p8='?' (Size = 15), @p9='?' (Size = 7), @p10='?' (Size = 10), @p11='?' (Size = 14), @p12='?' (Size = 29)], CommandType='"Text"', CommandTimeout='30']
INSERT INTO "Breweries" ("Id", "BreweryType", "City", "Country", "LastRefreshedUtc", "Latitude", "Longitude", "Name", "Phone", "PostalCode", "State", "Street", "WebsiteUrl")
VALUES (@p0, @p1, @p2, @p3, @p4, @p5, @p6, @p7, @p8, @p9, @p10, @p11, @p12);
2026-09-05 14:34:21.976 +05:30 [INF] Executed DbCommand (0ms) [Parameters=[@p0='?' (Size = 36), @p1='?' (Size = 7), @p2='?' (Size = 5), @p3='?' (Size = 13), @p4='?' (DbType = DateTimeOffset), @p5='?' (DbType = Double), @p6='?' (DbType = Double), @p7='?' (Size = 15), @p8='?' (Size = 14), @p9='?' (Size = 10), @p10='?' (Size = 4), @p11='?' (Size = 14), @p12='?' (Size = 21)], CommandType='"Text"', CommandTimeout='30']
INSERT INTO "Breweries" ("Id", "BreweryType", "City", "Country", "LastRefreshedUtc", "Latitude", "Longitude", "Name", "Phone", "PostalCode", "State", "Street", "WebsiteUrl")
VALUES (@p0, @p1, @p2, @p3, @p4, @p5, @p6, @p7, @p8, @p9, @p10, @p11, @p12);
2026-09-05 14:34:21.976 +05:30 [INF] Executed DbCommand (0ms) [Parameters=[@p0='?' (Size = 36), @p1='?' (Size = 7), @p2='?' (Size = 12), @p3='?' (Size = 13), @p4='?' (DbType = DateTimeOffset), @p5='?' (DbType = Double), @p6='?' (DbType = Double), @p7='?' (Size = 37), @p8='?' (Size = 14), @p9='?' (Size = 10), @p10='?' (Size = 12), @p11='?' (Size = 45), @p12='?' (Size = 22)], CommandType='"Text"', CommandTimeout='30']
INSERT INTO "Breweries" ("Id", "BreweryType", "City", "Country", "LastRefreshedUtc", "Latitude", "Longitude", "Name", "Phone", "PostalCode", "State", "Street", "WebsiteUrl")
VALUES (@p0, @p1, @p2, @p3, @p4, @p5, @p6, @p7, @p8, @p9, @p10, @p11, @p12);
2026-09-05 14:34:21.977 +05:30 [INF] Executed DbCommand (0ms) [Parameters=[@p0='?' (Size = 36), @p1='?' (Size = 8), @p2='?' (Size = 9), @p3='?' (Size = 13), @p4='?' (DbType = DateTimeOffset), @p5='?' (DbType = Double), @p6='?' (DbType = Double), @p7='?' (Size = 26), @p8='?' (Size = 14), @p9='?' (Size = 10), @p10='?' (Size = 9), @p11='?', @p12='?' (Size = 28)], CommandType='"Text"', CommandTimeout='30']
INSERT INTO "Breweries" ("Id", "BreweryType", "City", "Country", "LastRefreshedUtc", "Latitude", "Longitude", "Name", "Phone", "PostalCode", "State", "Street", "WebsiteUrl")
VALUES (@p0, @p1, @p2, @p3, @p4, @p5, @p6, @p7, @p8, @p9, @p10, @p11, @p12);
2026-09-05 14:34:21.977 +05:30 [INF] Executed DbCommand (0ms) [Parameters=[@p0='?' (Size = 36), @p1='?' (Size = 7), @p2='?' (Size = 6), @p3='?' (Size = 13), @p4='?' (DbType = DateTimeOffset), @p5='?' (DbType = Double), @p6='?' (DbType = Double), @p7='?' (Size = 21), @p8='?' (Size = 14), @p9='?' (Size = 10), @p10='?' (Size = 8), @p11='?' (Size = 12), @p12='?' (Size = 33)], CommandType='"Text"', CommandTimeout='30']
INSERT INTO "Breweries" ("Id", "BreweryType", "City", "Country", "LastRefreshedUtc", "Latitude", "Longitude", "Name", "Phone", "PostalCode", "State", "Street", "WebsiteUrl")
VALUES (@p0, @p1, @p2, @p3, @p4, @p5, @p6, @p7, @p8, @p9, @p10, @p11, @p12);
2026-09-05 14:34:21.977 +05:30 [INF] Executed DbCommand (0ms) [Parameters=[@p0='?' (Size = 36), @p1='?' (Size = 5), @p2='?' (Size = 6), @p3='?' (Size = 13), @p4='?' (DbType = DateTimeOffset), @p5='?' (DbType = Double), @p6='?' (DbType = Double), @p7='?' (Size = 18), @p8='?' (Size = 14), @p9='?' (Size = 10), @p10='?' (Size = 10), @p11='?' (Size = 11), @p12='?' (Size = 28)], CommandType='"Text"', CommandTimeout='30']
INSERT INTO "Breweries" ("Id", "BreweryType", "City", "Country", "LastRefreshedUtc", "Latitude", "Longitude", "Name", "Phone", "PostalCode", "State", "Street", "WebsiteUrl")
VALUES (@p0, @p1, @p2, @p3, @p4, @p5, @p6, @p7, @p8, @p9, @p10, @p11, @p12);
2026-09-05 14:34:21.978 +05:30 [INF] Executed DbCommand (0ms) [Parameters=[@p0='?' (Size = 36), @p1='?' (Size = 5), @p2='?' (Size = 9), @p3='?' (Size = 9), @p4='?' (DbType = DateTimeOffset), @p5='?' (DbType = Double), @p6='?' (DbType = Double), @p7='?' (Size = 15), @p8='?' (Size = 15), @p9='?' (Size = 4), @p10='?' (Size = 3), @p11='?' (Size = 14), @p12='?' (Size = 32)], CommandType='"Text"', CommandTimeout='30']
INSERT INTO "Breweries" ("Id", "BreweryType", "City", "Country", "LastRefreshedUtc", "Latitude", "Longitude", "Name", "Phone", "PostalCode", "State", "Street", "WebsiteUrl")
VALUES (@p0, @p1, @p2, @p3, @p4, @p5, @p6, @p7, @p8, @p9, @p10, @p11, @p12);
2026-09-05 14:34:21.978 +05:30 [INF] Executed DbCommand (0ms) [Parameters=[@p0='?' (Size = 36), @p1='?' (Size = 7), @p2='?' (Size = 12), @p3='?' (Size = 13), @p4='?' (DbType = DateTimeOffset), @p5='?' (DbType = Double), @p6='?' (DbType = Double), @p7='?' (Size = 14), @p8='?' (Size = 14), @p9='?' (Size = 10), @p10='?' (Size = 10), @p11='?' (Size = 18), @p12='?' (Size = 28)], CommandType='"Text"', CommandTimeout='30']
INSERT INTO "Breweries" ("Id", "BreweryType", "City", "Country", "LastRefreshedUtc", "Latitude", "Longitude", "Name", "Phone", "PostalCode", "State", "Street", "WebsiteUrl")
VALUES (@p0, @p1, @p2, @p3, @p4, @p5, @p6, @p7, @p8, @p9, @p10, @p11, @p12);
2026-09-05 14:34:21.979 +05:30 [INF] Executed DbCommand (0ms) [Parameters=[@p0='?' (Size = 36), @p1='?' (Size = 8), @p2='?' (Size = 12), @p3='?' (Size = 13), @p4='?' (DbType = DateTimeOffset), @p5='?' (DbType = Double), @p6='?' (DbType = Double), @p7='?' (Size = 13), @p8='?' (Size = 14), @p9='?' (Size = 10), @p10='?' (Size = 12), @p11='?', @p12='?'], CommandType='"Text"', CommandTimeout='30']
INSERT INTO "Breweries" ("Id", "BreweryType", "City", "Country", "LastRefreshedUtc", "Latitude", "Longitude", "Name", "Phone", "PostalCode", "State", "Street", "WebsiteUrl")
VALUES (@p0, @p1, @p2, @p3, @p4, @p5, @p6, @p7, @p8, @p9, @p10, @p11, @p12);
2026-09-05 14:34:21.979 +05:30 [INF] Executed DbCommand (0ms) [Parameters=[@p0='?' (Size = 36), @p1='?' (Size = 7), @p2='?' (Size = 5), @p3='?' (Size = 13), @p4='?' (DbType = DateTimeOffset), @p5='?' (DbType = Double), @p6='?' (DbType = Double), @p7='?' (Size = 25), @p8='?' (Size = 14), @p9='?' (Size = 10), @p10='?' (Size = 8), @p11='?' (Size = 11), @p12='?' (Size = 30)], CommandType='"Text"', CommandTimeout='30']
INSERT INTO "Breweries" ("Id", "BreweryType", "City", "Country", "LastRefreshedUtc", "Latitude", "Longitude", "Name", "Phone", "PostalCode", "State", "Street", "WebsiteUrl")
VALUES (@p0, @p1, @p2, @p3, @p4, @p5, @p6, @p7, @p8, @p9, @p10, @p11, @p12);
2026-09-05 14:34:21.980 +05:30 [INF] Executed DbCommand (0ms) [Parameters=[@p0='?' (Size = 36), @p1='?' (Size = 5), @p2='?' (Size = 10), @p3='?' (Size = 13), @p4='?' (DbType = DateTimeOffset), @p5='?' (DbType = Double), @p6='?' (DbType = Double), @p7='?' (Size = 34), @p8='?', @p9='?' (Size = 10), @p10='?' (Size = 8), @p11='?' (Size = 14), @p12='?'], CommandType='"Text"', CommandTimeout='30']
INSERT INTO "Breweries" ("Id", "BreweryType", "City", "Country", "LastRefreshedUtc", "Latitude", "Longitude", "Name", "Phone", "PostalCode", "State", "Street", "WebsiteUrl")
VALUES (@p0, @p1, @p2, @p3, @p4, @p5, @p6, @p7, @p8, @p9, @p10, @p11, @p12);
2026-09-05 14:34:21.980 +05:30 [INF] Executed DbCommand (0ms) [Parameters=[@p0='?' (Size = 36), @p1='?' (Size = 5), @p2='?' (Size = 9), @p3='?' (Size = 7), @p4='?' (DbType = DateTimeOffset), @p5='?' (DbType = Double), @p6='?' (DbType = Double), @p7='?' (Size = 46), @p8='?' (Size = 14), @p9='?' (Size = 4), @p10='?' (Size = 10), @p11='?' (Size = 14), @p12='?' (Size = 19)], CommandType='"Text"', CommandTimeout='30']
INSERT INTO "Breweries" ("Id", "BreweryType", "City", "Country", "LastRefreshedUtc", "Latitude", "Longitude", "Name", "Phone", "PostalCode", "State", "Street", "WebsiteUrl")
VALUES (@p0, @p1, @p2, @p3, @p4, @p5, @p6, @p7, @p8, @p9, @p10, @p11, @p12);
2026-09-05 14:34:21.980 +05:30 [INF] Executed DbCommand (0ms) [Parameters=[@p0='?' (Size = 36), @p1='?' (Size = 8), @p2='?' (Size = 9), @p3='?' (Size = 13), @p4='?' (DbType = DateTimeOffset), @p5='?' (DbType = Double), @p6='?' (DbType = Double), @p7='?' (Size = 32), @p8='?', @p9='?' (Size = 10), @p10='?' (Size = 7), @p11='?', @p12='?' (Size = 43)], CommandType='"Text"', CommandTimeout='30']
INSERT INTO "Breweries" ("Id", "BreweryType", "City", "Country", "LastRefreshedUtc", "Latitude", "Longitude", "Name", "Phone", "PostalCode", "State", "Street", "WebsiteUrl")
VALUES (@p0, @p1, @p2, @p3, @p4, @p5, @p6, @p7, @p8, @p9, @p10, @p11, @p12);
2026-09-05 14:34:21.981 +05:30 [INF] Executed DbCommand (0ms) [Parameters=[@p0='?' (Size = 36), @p1='?' (Size = 5), @p2='?' (Size = 6), @p3='?' (Size = 13), @p4='?' (DbType = DateTimeOffset), @p5='?' (DbType = Double), @p6='?' (DbType = Double), @p7='?' (Size = 21), @p8='?' (Size = 14), @p9='?' (Size = 10), @p10='?' (Size = 7), @p11='?' (Size = 13), @p12='?'], CommandType='"Text"', CommandTimeout='30']
INSERT INTO "Breweries" ("Id", "BreweryType", "City", "Country", "LastRefreshedUtc", "Latitude", "Longitude", "Name", "Phone", "PostalCode", "State", "Street", "WebsiteUrl")
VALUES (@p0, @p1, @p2, @p3, @p4, @p5, @p6, @p7, @p8, @p9, @p10, @p11, @p12);
2026-09-05 14:34:21.981 +05:30 [INF] Executed DbCommand (0ms) [Parameters=[@p0='?' (Size = 36), @p1='?' (Size = 7), @p2='?' (Size = 10), @p3='?' (Size = 13), @p4='?' (DbType = DateTimeOffset), @p5='?' (DbType = Double), @p6='?' (DbType = Double), @p7='?' (Size = 18), @p8='?' (Size = 14), @p9='?' (Size = 10), @p10='?' (Size = 8), @p11='?' (Size = 13), @p12='?' (Size = 29)], CommandType='"Text"', CommandTimeout='30']
INSERT INTO "Breweries" ("Id", "BreweryType", "City", "Country", "LastRefreshedUtc", "Latitude", "Longitude", "Name", "Phone", "PostalCode", "State", "Street", "WebsiteUrl")
VALUES (@p0, @p1, @p2, @p3, @p4, @p5, @p6, @p7, @p8, @p9, @p10, @p11, @p12);
2026-09-05 14:34:21.982 +05:30 [INF] Executed DbCommand (0ms) [Parameters=[@p0='?' (Size = 36), @p1='?' (Size = 5), @p2='?' (Size = 10), @p3='?' (Size = 13), @p4='?' (DbType = DateTimeOffset), @p5='?' (DbType = Double), @p6='?' (DbType = Double), @p7='?' (Size = 14), @p8='?' (Size = 14), @p9='?' (Size = 5), @p10='?' (Size = 12), @p11='?' (Size = 16), @p12='?' (Size = 27)], CommandType='"Text"', CommandTimeout='30']
INSERT INTO "Breweries" ("Id", "BreweryType", "City", "Country", "LastRefreshedUtc", "Latitude", "Longitude", "Name", "Phone", "PostalCode", "State", "Street", "WebsiteUrl")
VALUES (@p0, @p1, @p2, @p3, @p4, @p5, @p6, @p7, @p8, @p9, @p10, @p11, @p12);
2026-09-05 14:34:21.982 +05:30 [INF] Executed DbCommand (0ms) [Parameters=[@p0='?' (Size = 36), @p1='?' (Size = 7), @p2='?' (Size = 18), @p3='?' (Size = 13), @p4='?' (DbType = DateTimeOffset), @p5='?' (DbType = Double), @p6='?' (DbType = Double), @p7='?' (Size = 44), @p8='?' (Size = 14), @p9='?' (Size = 10), @p10='?' (Size = 8), @p11='?' (Size = 18), @p12='?' (Size = 26)], CommandType='"Text"', CommandTimeout='30']
INSERT INTO "Breweries" ("Id", "BreweryType", "City", "Country", "LastRefreshedUtc", "Latitude", "Longitude", "Name", "Phone", "PostalCode", "State", "Street", "WebsiteUrl")
VALUES (@p0, @p1, @p2, @p3, @p4, @p5, @p6, @p7, @p8, @p9, @p10, @p11, @p12);
2026-09-05 14:34:21.982 +05:30 [INF] Executed DbCommand (0ms) [Parameters=[@p0='?' (Size = 36), @p1='?' (Size = 3), @p2='?' (Size = 9), @p3='?' (Size = 9), @p4='?' (DbType = DateTimeOffset), @p5='?' (DbType = Double), @p6='?' (DbType = Double), @p7='?' (Size = 8), @p8='?' (Size = 14), @p9='?' (Size = 6), @p10='?' (Size = 9), @p11='?' (Size = 19), @p12='?'], CommandType='"Text"', CommandTimeout='30']
INSERT INTO "Breweries" ("Id", "BreweryType", "City", "Country", "LastRefreshedUtc", "Latitude", "Longitude", "Name", "Phone", "PostalCode", "State", "Street", "WebsiteUrl")
VALUES (@p0, @p1, @p2, @p3, @p4, @p5, @p6, @p7, @p8, @p9, @p10, @p11, @p12);
2026-09-05 14:34:21.983 +05:30 [INF] Executed DbCommand (0ms) [Parameters=[@p0='?' (Size = 36), @p1='?' (Size = 8), @p2='?' (Size = 8), @p3='?' (Size = 13), @p4='?' (DbType = DateTimeOffset), @p5='?' (DbType = Double), @p6='?' (DbType = Double), @p7='?' (Size = 19), @p8='?' (Size = 14), @p9='?' (Size = 10), @p10='?' (Size = 5), @p11='?' (Size = 17), @p12='?' (Size = 23)], CommandType='"Text"', CommandTimeout='30']
INSERT INTO "Breweries" ("Id", "BreweryType", "City", "Country", "LastRefreshedUtc", "Latitude", "Longitude", "Name", "Phone", "PostalCode", "State", "Street", "WebsiteUrl")
VALUES (@p0, @p1, @p2, @p3, @p4, @p5, @p6, @p7, @p8, @p9, @p10, @p11, @p12);
2026-09-05 14:34:21.983 +05:30 [INF] Executed DbCommand (0ms) [Parameters=[@p0='?' (Size = 36), @p1='?' (Size = 5), @p2='?' (Size = 10), @p3='?' (Size = 13), @p4='?' (DbType = DateTimeOffset), @p5='?' (DbType = Double), @p6='?' (DbType = Double), @p7='?' (Size = 18), @p8='?', @p9='?' (Size = 10), @p10='?' (Size = 10), @p11='?' (Size = 19), @p12='?' (Size = 37)], CommandType='"Text"', CommandTimeout='30']
INSERT INTO "Breweries" ("Id", "BreweryType", "City", "Country", "LastRefreshedUtc", "Latitude", "Longitude", "Name", "Phone", "PostalCode", "State", "Street", "WebsiteUrl")
VALUES (@p0, @p1, @p2, @p3, @p4, @p5, @p6, @p7, @p8, @p9, @p10, @p11, @p12);
2026-09-05 14:34:21.984 +05:30 [INF] Executed DbCommand (0ms) [Parameters=[@p0='?' (Size = 36), @p1='?' (Size = 7), @p2='?' (Size = 13), @p3='?' (Size = 7), @p4='?' (DbType = DateTimeOffset), @p5='?' (DbType = Double), @p6='?' (DbType = Double), @p7='?' (Size = 22), @p8='?' (Size = 14), @p9='?' (Size = 5), @p10='?' (Size = 6), @p11='?' (Size = 22), @p12='?' (Size = 36)], CommandType='"Text"', CommandTimeout='30']
INSERT INTO "Breweries" ("Id", "BreweryType", "City", "Country", "LastRefreshedUtc", "Latitude", "Longitude", "Name", "Phone", "PostalCode", "State", "Street", "WebsiteUrl")
VALUES (@p0, @p1, @p2, @p3, @p4, @p5, @p6, @p7, @p8, @p9, @p10, @p11, @p12);
2026-09-05 14:34:21.984 +05:30 [INF] Executed DbCommand (0ms) [Parameters=[@p0='?' (Size = 36), @p1='?' (Size = 5), @p2='?' (Size = 9), @p3='?' (Size = 9), @p4='?' (DbType = DateTimeOffset), @p5='?' (DbType = Double), @p6='?' (DbType = Double), @p7='?' (Size = 18), @p8='?' (Size = 15), @p9='?' (Size = 4), @p10='?' (Size = 3), @p11='?' (Size = 19), @p12='?' (Size = 26)], CommandType='"Text"', CommandTimeout='30']
INSERT INTO "Breweries" ("Id", "BreweryType", "City", "Country", "LastRefreshedUtc", "Latitude", "Longitude", "Name", "Phone", "PostalCode", "State", "Street", "WebsiteUrl")
VALUES (@p0, @p1, @p2, @p3, @p4, @p5, @p6, @p7, @p8, @p9, @p10, @p11, @p12);
2026-09-05 14:34:21.984 +05:30 [INF] Executed DbCommand (0ms) [Parameters=[@p0='?' (Size = 36), @p1='?' (Size = 5), @p2='?' (Size = 9), @p3='?' (Size = 13), @p4='?' (DbType = DateTimeOffset), @p5='?' (DbType = Double), @p6='?' (DbType = Double), @p7='?' (Size = 26), @p8='?' (Size = 14), @p9='?' (Size = 5), @p10='?' (Size = 14), @p11='?' (Size = 22), @p12='?' (Size = 28)], CommandType='"Text"', CommandTimeout='30']
INSERT INTO "Breweries" ("Id", "BreweryType", "City", "Country", "LastRefreshedUtc", "Latitude", "Longitude", "Name", "Phone", "PostalCode", "State", "Street", "WebsiteUrl")
VALUES (@p0, @p1, @p2, @p3, @p4, @p5, @p6, @p7, @p8, @p9, @p10, @p11, @p12);
2026-09-05 14:34:21.985 +05:30 [INF] Executed DbCommand (0ms) [Parameters=[@p0='?' (Size = 36), @p1='?' (Size = 5), @p2='?' (Size = 7), @p3='?' (Size = 9), @p4='?' (DbType = DateTimeOffset), @p5='?' (DbType = Double), @p6='?' (DbType = Double), @p7='?' (Size = 22), @p8='?' (Size = 15), @p9='?' (Size = 4), @p10='?' (Size = 2), @p11='?' (Size = 16), @p12='?' (Size = 25)], CommandType='"Text"', CommandTimeout='30']
INSERT INTO "Breweries" ("Id", "BreweryType", "City", "Country", "LastRefreshedUtc", "Latitude", "Longitude", "Name", "Phone", "PostalCode", "State", "Street", "WebsiteUrl")
VALUES (@p0, @p1, @p2, @p3, @p4, @p5, @p6, @p7, @p8, @p9, @p10, @p11, @p12);
2026-09-05 14:34:21.986 +05:30 [INF] Executed DbCommand (0ms) [Parameters=[@p0='?' (Size = 36), @p1='?' (Size = 7), @p2='?' (Size = 7), @p3='?' (Size = 13), @p4='?' (DbType = DateTimeOffset), @p5='?' (DbType = Double), @p6='?' (DbType = Double), @p7='?' (Size = 32), @p8='?' (Size = 14), @p9='?' (Size = 10), @p10='?' (Size = 9), @p11='?' (Size = 14), @p12='?' (Size = 22)], CommandType='"Text"', CommandTimeout='30']
INSERT INTO "Breweries" ("Id", "BreweryType", "City", "Country", "LastRefreshedUtc", "Latitude", "Longitude", "Name", "Phone", "PostalCode", "State", "Street", "WebsiteUrl")
VALUES (@p0, @p1, @p2, @p3, @p4, @p5, @p6, @p7, @p8, @p9, @p10, @p11, @p12);
2026-09-05 14:34:21.987 +05:30 [INF] Executed DbCommand (0ms) [Parameters=[@p0='?' (Size = 36), @p1='?' (Size = 8), @p2='?' (Size = 7), @p3='?' (Size = 13), @p4='?' (DbType = DateTimeOffset), @p5='?' (DbType = Double), @p6='?' (DbType = Double), @p7='?' (Size = 19), @p8='?' (Size = 14), @p9='?' (Size = 10), @p10='?' (Size = 9), @p11='?', @p12='?' (Size = 29)], CommandType='"Text"', CommandTimeout='30']
INSERT INTO "Breweries" ("Id", "BreweryType", "City", "Country", "LastRefreshedUtc", "Latitude", "Longitude", "Name", "Phone", "PostalCode", "State", "Street", "WebsiteUrl")
VALUES (@p0, @p1, @p2, @p3, @p4, @p5, @p6, @p7, @p8, @p9, @p10, @p11, @p12);
2026-09-05 14:34:21.988 +05:30 [INF] Executed DbCommand (0ms) [Parameters=[@p0='?' (Size = 36), @p1='?' (Size = 5), @p2='?' (Size = 6), @p3='?' (Size = 13), @p4='?' (DbType = DateTimeOffset), @p5='?' (DbType = Double), @p6='?' (DbType = Double), @p7='?' (Size = 12), @p8='?' (Size = 14), @p9='?' (Size = 10), @p10='?' (Size = 5), @p11='?' (Size = 15), @p12='?' (Size = 25)], CommandType='"Text"', CommandTimeout='30']
INSERT INTO "Breweries" ("Id", "BreweryType", "City", "Country", "LastRefreshedUtc", "Latitude", "Longitude", "Name", "Phone", "PostalCode", "State", "Street", "WebsiteUrl")
VALUES (@p0, @p1, @p2, @p3, @p4, @p5, @p6, @p7, @p8, @p9, @p10, @p11, @p12);
2026-09-05 14:34:21.988 +05:30 [INF] Executed DbCommand (0ms) [Parameters=[@p0='?' (Size = 36), @p1='?' (Size = 7), @p2='?' (Size = 13), @p3='?' (Size = 13), @p4='?' (DbType = DateTimeOffset), @p5='?' (DbType = Double), @p6='?' (DbType = Double), @p7='?' (Size = 27), @p8='?' (Size = 14), @p9='?' (Size = 10), @p10='?' (Size = 10), @p11='?' (Size = 10), @p12='?' (Size = 29)], CommandType='"Text"', CommandTimeout='30']
INSERT INTO "Breweries" ("Id", "BreweryType", "City", "Country", "LastRefreshedUtc", "Latitude", "Longitude", "Name", "Phone", "PostalCode", "State", "Street", "WebsiteUrl")
VALUES (@p0, @p1, @p2, @p3, @p4, @p5, @p6, @p7, @p8, @p9, @p10, @p11, @p12);
2026-09-05 14:34:21.989 +05:30 [INF] Executed DbCommand (0ms) [Parameters=[@p0='?' (Size = 36), @p1='?' (Size = 5), @p2='?' (Size = 6), @p3='?' (Size = 13), @p4='?' (DbType = DateTimeOffset), @p5='?' (DbType = Double), @p6='?' (DbType = Double), @p7='?' (Size = 24), @p8='?' (Size = 14), @p9='?' (Size = 10), @p10='?' (Size = 8), @p11='?' (Size = 28), @p12='?' (Size = 27)], CommandType='"Text"', CommandTimeout='30']
INSERT INTO "Breweries" ("Id", "BreweryType", "City", "Country", "LastRefreshedUtc", "Latitude", "Longitude", "Name", "Phone", "PostalCode", "State", "Street", "WebsiteUrl")
VALUES (@p0, @p1, @p2, @p3, @p4, @p5, @p6, @p7, @p8, @p9, @p10, @p11, @p12);
2026-09-05 14:34:21.990 +05:30 [INF] Executed DbCommand (0ms) [Parameters=[@p0='?' (Size = 36), @p1='?' (Size = 8), @p2='?' (Size = 8), @p3='?' (Size = 13), @p4='?' (DbType = DateTimeOffset), @p5='?' (DbType = Double), @p6='?' (DbType = Double), @p7='?' (Size = 22), @p8='?' (Size = 14), @p9='?' (Size = 10), @p10='?' (Size = 5), @p11='?' (Size = 11), @p12='?' (Size = 28)], CommandType='"Text"', CommandTimeout='30']
INSERT INTO "Breweries" ("Id", "BreweryType", "City", "Country", "LastRefreshedUtc", "Latitude", "Longitude", "Name", "Phone", "PostalCode", "State", "Street", "WebsiteUrl")
VALUES (@p0, @p1, @p2, @p3, @p4, @p5, @p6, @p7, @p8, @p9, @p10, @p11, @p12);
2026-09-05 14:34:21.990 +05:30 [INF] Executed DbCommand (0ms) [Parameters=[@p0='?' (Size = 36), @p1='?' (Size = 5), @p2='?' (Size = 16), @p3='?' (Size = 13), @p4='?' (DbType = DateTimeOffset), @p5='?' (DbType = Double), @p6='?' (DbType = Double), @p7='?' (Size = 20), @p8='?' (Size = 14), @p9='?' (Size = 10), @p10='?' (Size = 8), @p11='?' (Size = 12), @p12='?' (Size = 33)], CommandType='"Text"', CommandTimeout='30']
INSERT INTO "Breweries" ("Id", "BreweryType", "City", "Country", "LastRefreshedUtc", "Latitude", "Longitude", "Name", "Phone", "PostalCode", "State", "Street", "WebsiteUrl")
VALUES (@p0, @p1, @p2, @p3, @p4, @p5, @p6, @p7, @p8, @p9, @p10, @p11, @p12);
2026-09-05 14:34:21.990 +05:30 [INF] Executed DbCommand (0ms) [Parameters=[@p0='?' (Size = 36), @p1='?' (Size = 5), @p2='?' (Size = 21), @p3='?' (Size = 13), @p4='?' (DbType = DateTimeOffset), @p5='?' (DbType = Double), @p6='?' (DbType = Double), @p7='?' (Size = 16), @p8='?' (Size = 14), @p9='?' (Size = 10), @p10='?' (Size = 7), @p11='?' (Size = 13), @p12='?' (Size = 29)], CommandType='"Text"', CommandTimeout='30']
INSERT INTO "Breweries" ("Id", "BreweryType", "City", "Country", "LastRefreshedUtc", "Latitude", "Longitude", "Name", "Phone", "PostalCode", "State", "Street", "WebsiteUrl")
VALUES (@p0, @p1, @p2, @p3, @p4, @p5, @p6, @p7, @p8, @p9, @p10, @p11, @p12);
2026-09-05 14:34:21.991 +05:30 [INF] Executed DbCommand (0ms) [Parameters=[@p0='?' (Size = 36), @p1='?' (Size = 5), @p2='?' (Size = 7), @p3='?' (Size = 6), @p4='?' (DbType = DateTimeOffset), @p5='?' (DbType = Double), @p6='?' (DbType = Double), @p7='?' (Size = 19), @p8='?' (Size = 11), @p9='?' (Size = 7), @p10='?' (Size = 16), @p11='?' (Size = 16), @p12='?' (Size = 27)], CommandType='"Text"', CommandTimeout='30']
INSERT INTO "Breweries" ("Id", "BreweryType", "City", "Country", "LastRefreshedUtc", "Latitude", "Longitude", "Name", "Phone", "PostalCode", "State", "Street", "WebsiteUrl")
VALUES (@p0, @p1, @p2, @p3, @p4, @p5, @p6, @p7, @p8, @p9, @p10, @p11, @p12);
2026-09-05 14:34:21.991 +05:30 [INF] Executed DbCommand (0ms) [Parameters=[@p0='?' (Size = 36), @p1='?' (Size = 7), @p2='?' (Size = 10), @p3='?' (Size = 11), @p4='?' (DbType = DateTimeOffset), @p5='?' (DbType = Double), @p6='?' (DbType = Double), @p7='?' (Size = 20), @p8='?' (Size = 14), @p9='?' (Size = 5), @p10='?' (Size = 11), @p11='?' (Size = 14), @p12='?' (Size = 27)], CommandType='"Text"', CommandTimeout='30']
INSERT INTO "Breweries" ("Id", "BreweryType", "City", "Country", "LastRefreshedUtc", "Latitude", "Longitude", "Name", "Phone", "PostalCode", "State", "Street", "WebsiteUrl")
VALUES (@p0, @p1, @p2, @p3, @p4, @p5, @p6, @p7, @p8, @p9, @p10, @p11, @p12);
2026-09-05 14:34:21.991 +05:30 [INF] Executed DbCommand (0ms) [Parameters=[@p0='?' (Size = 36), @p1='?' (Size = 5), @p2='?' (Size = 9), @p3='?' (Size = 13), @p4='?' (DbType = DateTimeOffset), @p5='?' (DbType = Double), @p6='?' (DbType = Double), @p7='?' (Size = 30), @p8='?' (Size = 14), @p9='?' (Size = 10), @p10='?' (Size = 8), @p11='?' (Size = 13), @p12='?'], CommandType='"Text"', CommandTimeout='30']
INSERT INTO "Breweries" ("Id", "BreweryType", "City", "Country", "LastRefreshedUtc", "Latitude", "Longitude", "Name", "Phone", "PostalCode", "State", "Street", "WebsiteUrl")
VALUES (@p0, @p1, @p2, @p3, @p4, @p5, @p6, @p7, @p8, @p9, @p10, @p11, @p12);
2026-09-05 14:34:21.992 +05:30 [INF] Executed DbCommand (0ms) [Parameters=[@p0='?' (Size = 36), @p1='?' (Size = 7), @p2='?' (Size = 9), @p3='?' (Size = 7), @p4='?' (DbType = DateTimeOffset), @p5='?' (DbType = Double), @p6='?' (DbType = Double), @p7='?' (Size = 7), @p8='?' (Size = 15), @p9='?' (Size = 5), @p10='?' (Size = 18), @p11='?' (Size = 14), @p12='?' (Size = 21)], CommandType='"Text"', CommandTimeout='30']
INSERT INTO "Breweries" ("Id", "BreweryType", "City", "Country", "LastRefreshedUtc", "Latitude", "Longitude", "Name", "Phone", "PostalCode", "State", "Street", "WebsiteUrl")
VALUES (@p0, @p1, @p2, @p3, @p4, @p5, @p6, @p7, @p8, @p9, @p10, @p11, @p12);
2026-09-05 14:34:21.992 +05:30 [INF] Executed DbCommand (0ms) [Parameters=[@p0='?' (Size = 36), @p1='?' (Size = 5), @p2='?' (Size = 9), @p3='?' (Size = 6), @p4='?' (DbType = DateTimeOffset), @p5='?' (DbType = Double), @p6='?' (DbType = Double), @p7='?' (Size = 22), @p8='?', @p9='?' (Size = 7), @p10='?' (Size = 16), @p11='?' (Size = 13), @p12='?' (Size = 30)], CommandType='"Text"', CommandTimeout='30']
INSERT INTO "Breweries" ("Id", "BreweryType", "City", "Country", "LastRefreshedUtc", "Latitude", "Longitude", "Name", "Phone", "PostalCode", "State", "Street", "WebsiteUrl")
VALUES (@p0, @p1, @p2, @p3, @p4, @p5, @p6, @p7, @p8, @p9, @p10, @p11, @p12);
2026-09-05 14:34:21.993 +05:30 [INF] Executed DbCommand (0ms) [Parameters=[@p0='?' (Size = 36), @p1='?' (Size = 7), @p2='?' (Size = 7), @p3='?' (Size = 13), @p4='?' (DbType = DateTimeOffset), @p5='?' (DbType = Double), @p6='?' (DbType = Double), @p7='?' (Size = 17), @p8='?' (Size = 14), @p9='?' (Size = 10), @p10='?' (Size = 6), @p11='?' (Size = 14), @p12='?' (Size = 28)], CommandType='"Text"', CommandTimeout='30']
INSERT INTO "Breweries" ("Id", "BreweryType", "City", "Country", "LastRefreshedUtc", "Latitude", "Longitude", "Name", "Phone", "PostalCode", "State", "Street", "WebsiteUrl")
VALUES (@p0, @p1, @p2, @p3, @p4, @p5, @p6, @p7, @p8, @p9, @p10, @p11, @p12);
2026-09-05 14:34:21.993 +05:30 [INF] Executed DbCommand (0ms) [Parameters=[@p0='?' (Size = 36), @p1='?' (Size = 7), @p2='?' (Size = 10), @p3='?' (Size = 13), @p4='?' (DbType = DateTimeOffset), @p5='?' (DbType = Double), @p6='?' (DbType = Double), @p7='?' (Size = 16), @p8='?' (Size = 14), @p9='?' (Size = 10), @p10='?' (Size = 8), @p11='?' (Size = 16), @p12='?' (Size = 32)], CommandType='"Text"', CommandTimeout='30']
INSERT INTO "Breweries" ("Id", "BreweryType", "City", "Country", "LastRefreshedUtc", "Latitude", "Longitude", "Name", "Phone", "PostalCode", "State", "Street", "WebsiteUrl")
VALUES (@p0, @p1, @p2, @p3, @p4, @p5, @p6, @p7, @p8, @p9, @p10, @p11, @p12);
2026-09-05 14:34:21.993 +05:30 [INF] Executed DbCommand (0ms) [Parameters=[@p0='?' (Size = 36), @p1='?' (Size = 7), @p2='?' (Size = 8), @p3='?' (Size = 13), @p4='?' (DbType = DateTimeOffset), @p5='?' (DbType = Double), @p6='?' (DbType = Double), @p7='?' (Size = 21), @p8='?' (Size = 14), @p9='?' (Size = 10), @p10='?' (Size = 6), @p11='?' (Size = 21), @p12='?' (Size = 31)], CommandType='"Text"', CommandTimeout='30']
INSERT INTO "Breweries" ("Id", "BreweryType", "City", "Country", "LastRefreshedUtc", "Latitude", "Longitude", "Name", "Phone", "PostalCode", "State", "Street", "WebsiteUrl")
VALUES (@p0, @p1, @p2, @p3, @p4, @p5, @p6, @p7, @p8, @p9, @p10, @p11, @p12);
2026-09-05 14:34:21.994 +05:30 [INF] Executed DbCommand (0ms) [Parameters=[@p0='?' (Size = 36), @p1='?' (Size = 5), @p2='?' (Size = 10), @p3='?' (Size = 13), @p4='?' (DbType = DateTimeOffset), @p5='?' (DbType = Double), @p6='?' (DbType = Double), @p7='?' (Size = 16), @p8='?' (Size = 14), @p9='?' (Size = 10), @p10='?' (Size = 8), @p11='?' (Size = 25), @p12='?' (Size = 30)], CommandType='"Text"', CommandTimeout='30']
INSERT INTO "Breweries" ("Id", "BreweryType", "City", "Country", "LastRefreshedUtc", "Latitude", "Longitude", "Name", "Phone", "PostalCode", "State", "Street", "WebsiteUrl")
VALUES (@p0, @p1, @p2, @p3, @p4, @p5, @p6, @p7, @p8, @p9, @p10, @p11, @p12);
2026-09-05 14:34:21.994 +05:30 [INF] Executed DbCommand (0ms) [Parameters=[@p0='?' (Size = 36), @p1='?' (Size = 5), @p2='?' (Size = 12), @p3='?' (Size = 7), @p4='?' (DbType = DateTimeOffset), @p5='?' (DbType = Double), @p6='?' (DbType = Double), @p7='?' (Size = 13), @p8='?' (Size = 14), @p9='?' (Size = 4), @p10='?' (Size = 10), @p11='?' (Size = 10), @p12='?' (Size = 27)], CommandType='"Text"', CommandTimeout='30']
INSERT INTO "Breweries" ("Id", "BreweryType", "City", "Country", "LastRefreshedUtc", "Latitude", "Longitude", "Name", "Phone", "PostalCode", "State", "Street", "WebsiteUrl")
VALUES (@p0, @p1, @p2, @p3, @p4, @p5, @p6, @p7, @p8, @p9, @p10, @p11, @p12);
2026-09-05 14:34:21.995 +05:30 [INF] Executed DbCommand (0ms) [Parameters=[@p0='?' (Size = 36), @p1='?' (Size = 7), @p2='?' (Size = 8), @p3='?' (Size = 7), @p4='?' (DbType = DateTimeOffset), @p5='?' (DbType = Double), @p6='?' (DbType = Double), @p7='?' (Size = 21), @p8='?' (Size = 16), @p9='?' (Size = 5), @p10='?' (Size = 19), @p11='?' (Size = 15), @p12='?' (Size = 37)], CommandType='"Text"', CommandTimeout='30']
INSERT INTO "Breweries" ("Id", "BreweryType", "City", "Country", "LastRefreshedUtc", "Latitude", "Longitude", "Name", "Phone", "PostalCode", "State", "Street", "WebsiteUrl")
VALUES (@p0, @p1, @p2, @p3, @p4, @p5, @p6, @p7, @p8, @p9, @p10, @p11, @p12);
2026-09-05 14:34:21.995 +05:30 [INF] Executed DbCommand (0ms) [Parameters=[@p0='?' (Size = 36), @p1='?' (Size = 5), @p2='?' (Size = 9), @p3='?' (Size = 13), @p4='?' (DbType = DateTimeOffset), @p5='?' (DbType = Double), @p6='?' (DbType = Double), @p7='?' (Size = 22), @p8='?' (Size = 14), @p9='?' (Size = 10), @p10='?' (Size = 8), @p11='?' (Size = 9), @p12='?' (Size = 28)], CommandType='"Text"', CommandTimeout='30']
INSERT INTO "Breweries" ("Id", "BreweryType", "City", "Country", "LastRefreshedUtc", "Latitude", "Longitude", "Name", "Phone", "PostalCode", "State", "Street", "WebsiteUrl")
VALUES (@p0, @p1, @p2, @p3, @p4, @p5, @p6, @p7, @p8, @p9, @p10, @p11, @p12);
2026-09-05 14:34:21.995 +05:30 [INF] Executed DbCommand (0ms) [Parameters=[@p0='?' (Size = 36), @p1='?' (Size = 5), @p2='?' (Size = 5), @p3='?' (Size = 7), @p4='?' (DbType = DateTimeOffset), @p5='?' (DbType = Double), @p6='?' (DbType = Double), @p7='?' (Size = 10), @p8='?' (Size = 14), @p9='?' (Size = 4), @p10='?' (Size = 10), @p11='?' (Size = 14), @p12='?' (Size = 25)], CommandType='"Text"', CommandTimeout='30']
INSERT INTO "Breweries" ("Id", "BreweryType", "City", "Country", "LastRefreshedUtc", "Latitude", "Longitude", "Name", "Phone", "PostalCode", "State", "Street", "WebsiteUrl")
VALUES (@p0, @p1, @p2, @p3, @p4, @p5, @p6, @p7, @p8, @p9, @p10, @p11, @p12);
2026-09-05 14:34:21.996 +05:30 [INF] Executed DbCommand (0ms) [Parameters=[@p0='?' (Size = 36), @p1='?' (Size = 8), @p2='?' (Size = 8), @p3='?' (Size = 13), @p4='?' (DbType = DateTimeOffset), @p5='?' (DbType = Double), @p6='?' (DbType = Double), @p7='?' (Size = 30), @p8='?' (Size = 14), @p9='?' (Size = 5), @p10='?' (Size = 9), @p11='?', @p12='?'], CommandType='"Text"', CommandTimeout='30']
INSERT INTO "Breweries" ("Id", "BreweryType", "City", "Country", "LastRefreshedUtc", "Latitude", "Longitude", "Name", "Phone", "PostalCode", "State", "Street", "WebsiteUrl")
VALUES (@p0, @p1, @p2, @p3, @p4, @p5, @p6, @p7, @p8, @p9, @p10, @p11, @p12);
2026-09-05 14:34:21.996 +05:30 [INF] Executed DbCommand (0ms) [Parameters=[@p0='?' (Size = 36), @p1='?' (Size = 7), @p2='?' (Size = 7), @p3='?' (Size = 13), @p4='?' (DbType = DateTimeOffset), @p5='?' (DbType = Double), @p6='?' (DbType = Double), @p7='?' (Size = 22), @p8='?' (Size = 14), @p9='?' (Size = 10), @p10='?' (Size = 6), @p11='?' (Size = 16), @p12='?' (Size = 32)], CommandType='"Text"', CommandTimeout='30']
INSERT INTO "Breweries" ("Id", "BreweryType", "City", "Country", "LastRefreshedUtc", "Latitude", "Longitude", "Name", "Phone", "PostalCode", "State", "Street", "WebsiteUrl")
VALUES (@p0, @p1, @p2, @p3, @p4, @p5, @p6, @p7, @p8, @p9, @p10, @p11, @p12);
2026-09-05 14:34:21.996 +05:30 [INF] Executed DbCommand (0ms) [Parameters=[@p0='?' (Size = 36), @p1='?' (Size = 5), @p2='?' (Size = 9), @p3='?' (Size = 13), @p4='?' (DbType = DateTimeOffset), @p5='?' (DbType = Double), @p6='?' (DbType = Double), @p7='?' (Size = 29), @p8='?' (Size = 14), @p9='?' (Size = 10), @p10='?' (Size = 10), @p11='?' (Size = 13), @p12='?'], CommandType='"Text"', CommandTimeout='30']
INSERT INTO "Breweries" ("Id", "BreweryType", "City", "Country", "LastRefreshedUtc", "Latitude", "Longitude", "Name", "Phone", "PostalCode", "State", "Street", "WebsiteUrl")
VALUES (@p0, @p1, @p2, @p3, @p4, @p5, @p6, @p7, @p8, @p9, @p10, @p11, @p12);
2026-09-05 14:34:21.997 +05:30 [INF] Executed DbCommand (0ms) [Parameters=[@p0='?' (Size = 36), @p1='?' (Size = 5), @p2='?' (Size = 10), @p3='?' (Size = 13), @p4='?' (DbType = DateTimeOffset), @p5='?' (DbType = Double), @p6='?' (DbType = Double), @p7='?' (Size = 16), @p8='?' (Size = 14), @p9='?' (Size = 10), @p10='?' (Size = 4), @p11='?' (Size = 14), @p12='?' (Size = 29)], CommandType='"Text"', CommandTimeout='30']
INSERT INTO "Breweries" ("Id", "BreweryType", "City", "Country", "LastRefreshedUtc", "Latitude", "Longitude", "Name", "Phone", "PostalCode", "State", "Street", "WebsiteUrl")
VALUES (@p0, @p1, @p2, @p3, @p4, @p5, @p6, @p7, @p8, @p9, @p10, @p11, @p12);
2026-09-05 14:34:21.997 +05:30 [INF] Executed DbCommand (0ms) [Parameters=[@p0='?' (Size = 36), @p1='?' (Size = 5), @p2='?' (Size = 13), @p3='?' (Size = 6), @p4='?' (DbType = DateTimeOffset), @p5='?' (DbType = Double), @p6='?' (DbType = Double), @p7='?' (Size = 19), @p8='?' (Size = 11), @p9='?' (Size = 7), @p10='?' (Size = 16), @p11='?' (Size = 15), @p12='?' (Size = 28)], CommandType='"Text"', CommandTimeout='30']
INSERT INTO "Breweries" ("Id", "BreweryType", "City", "Country", "LastRefreshedUtc", "Latitude", "Longitude", "Name", "Phone", "PostalCode", "State", "Street", "WebsiteUrl")
VALUES (@p0, @p1, @p2, @p3, @p4, @p5, @p6, @p7, @p8, @p9, @p10, @p11, @p12);
2026-09-05 14:34:21.997 +05:30 [INF] Executed DbCommand (0ms) [Parameters=[@p0='?' (Size = 36), @p1='?' (Size = 6), @p2='?' (Size = 7), @p3='?' (Size = 7), @p4='?' (DbType = DateTimeOffset), @p5='?' (DbType = Double), @p6='?' (DbType = Double), @p7='?' (Size = 10), @p8='?' (Size = 15), @p9='?' (Size = 5), @p10='?' (Size = 7), @p11='?' (Size = 20), @p12='?' (Size = 23)], CommandType='"Text"', CommandTimeout='30']
INSERT INTO "Breweries" ("Id", "BreweryType", "City", "Country", "LastRefreshedUtc", "Latitude", "Longitude", "Name", "Phone", "PostalCode", "State", "Street", "WebsiteUrl")
VALUES (@p0, @p1, @p2, @p3, @p4, @p5, @p6, @p7, @p8, @p9, @p10, @p11, @p12);
2026-09-05 14:34:21.998 +05:30 [INF] Executed DbCommand (0ms) [Parameters=[@p0='?' (Size = 36), @p1='?' (Size = 8), @p2='?' (Size = 15), @p3='?' (Size = 13), @p4='?' (DbType = DateTimeOffset), @p5='?' (DbType = Double), @p6='?' (DbType = Double), @p7='?' (Size = 17), @p8='?', @p9='?' (Size = 10), @p10='?' (Size = 5), @p11='?', @p12='?'], CommandType='"Text"', CommandTimeout='30']
INSERT INTO "Breweries" ("Id", "BreweryType", "City", "Country", "LastRefreshedUtc", "Latitude", "Longitude", "Name", "Phone", "PostalCode", "State", "Street", "WebsiteUrl")
VALUES (@p0, @p1, @p2, @p3, @p4, @p5, @p6, @p7, @p8, @p9, @p10, @p11, @p12);
2026-09-05 14:34:21.998 +05:30 [INF] Executed DbCommand (0ms) [Parameters=[@p0='?' (Size = 36), @p1='?' (Size = 5), @p2='?' (Size = 12), @p3='?' (Size = 9), @p4='?' (DbType = DateTimeOffset), @p5='?' (DbType = Double), @p6='?' (DbType = Double), @p7='?' (Size = 18), @p8='?' (Size = 15), @p9='?' (Size = 4), @p10='?' (Size = 2), @p11='?' (Size = 11), @p12='?' (Size = 35)], CommandType='"Text"', CommandTimeout='30']
INSERT INTO "Breweries" ("Id", "BreweryType", "City", "Country", "LastRefreshedUtc", "Latitude", "Longitude", "Name", "Phone", "PostalCode", "State", "Street", "WebsiteUrl")
VALUES (@p0, @p1, @p2, @p3, @p4, @p5, @p6, @p7, @p8, @p9, @p10, @p11, @p12);
2026-09-05 14:34:21.999 +05:30 [INF] Executed DbCommand (0ms) [Parameters=[@p0='?' (Size = 36), @p1='?' (Size = 6), @p2='?' (Size = 4), @p3='?' (Size = 13), @p4='?' (DbType = DateTimeOffset), @p5='?' (DbType = Double), @p6='?' (DbType = Double), @p7='?' (Size = 18), @p8='?' (Size = 14), @p9='?' (Size = 10), @p10='?' (Size = 10), @p11='?' (Size = 15), @p12='?' (Size = 29)], CommandType='"Text"', CommandTimeout='30']
INSERT INTO "Breweries" ("Id", "BreweryType", "City", "Country", "LastRefreshedUtc", "Latitude", "Longitude", "Name", "Phone", "PostalCode", "State", "Street", "WebsiteUrl")
VALUES (@p0, @p1, @p2, @p3, @p4, @p5, @p6, @p7, @p8, @p9, @p10, @p11, @p12);
2026-09-05 14:34:21.999 +05:30 [INF] Executed DbCommand (0ms) [Parameters=[@p0='?' (Size = 36), @p1='?' (Size = 7), @p2='?' (Size = 15), @p3='?' (Size = 13), @p4='?' (DbType = DateTimeOffset), @p5='?' (DbType = Double), @p6='?' (DbType = Double), @p7='?' (Size = 21), @p8='?' (Size = 14), @p9='?' (Size = 10), @p10='?' (Size = 4), @p11='?' (Size = 28), @p12='?'], CommandType='"Text"', CommandTimeout='30']
INSERT INTO "Breweries" ("Id", "BreweryType", "City", "Country", "LastRefreshedUtc", "Latitude", "Longitude", "Name", "Phone", "PostalCode", "State", "Street", "WebsiteUrl")
VALUES (@p0, @p1, @p2, @p3, @p4, @p5, @p6, @p7, @p8, @p9, @p10, @p11, @p12);
2026-09-05 14:34:21.999 +05:30 [INF] Executed DbCommand (0ms) [Parameters=[@p0='?' (Size = 36), @p1='?' (Size = 7), @p2='?' (Size = 6), @p3='?' (Size = 13), @p4='?' (DbType = DateTimeOffset), @p5='?' (DbType = Double), @p6='?' (DbType = Double), @p7='?' (Size = 13), @p8='?' (Size = 14), @p9='?' (Size = 10), @p10='?' (Size = 10), @p11='?' (Size = 17), @p12='?' (Size = 39)], CommandType='"Text"', CommandTimeout='30']
INSERT INTO "Breweries" ("Id", "BreweryType", "City", "Country", "LastRefreshedUtc", "Latitude", "Longitude", "Name", "Phone", "PostalCode", "State", "Street", "WebsiteUrl")
VALUES (@p0, @p1, @p2, @p3, @p4, @p5, @p6, @p7, @p8, @p9, @p10, @p11, @p12);
2026-09-05 14:34:22.000 +05:30 [INF] Executed DbCommand (0ms) [Parameters=[@p0='?' (Size = 36), @p1='?' (Size = 5), @p2='?' (Size = 13), @p3='?' (Size = 13), @p4='?' (DbType = DateTimeOffset), @p5='?' (DbType = Double), @p6='?' (DbType = Double), @p7='?' (Size = 26), @p8='?' (Size = 14), @p9='?' (Size = 10), @p10='?' (Size = 10), @p11='?' (Size = 17), @p12='?' (Size = 29)], CommandType='"Text"', CommandTimeout='30']
INSERT INTO "Breweries" ("Id", "BreweryType", "City", "Country", "LastRefreshedUtc", "Latitude", "Longitude", "Name", "Phone", "PostalCode", "State", "Street", "WebsiteUrl")
VALUES (@p0, @p1, @p2, @p3, @p4, @p5, @p6, @p7, @p8, @p9, @p10, @p11, @p12);
2026-09-05 14:34:22.000 +05:30 [INF] Executed DbCommand (0ms) [Parameters=[@p0='?' (Size = 36), @p1='?' (Size = 7), @p2='?' (Size = 11), @p3='?' (Size = 13), @p4='?' (DbType = DateTimeOffset), @p5='?' (DbType = Double), @p6='?' (DbType = Double), @p7='?' (Size = 13), @p8='?' (Size = 14), @p9='?' (Size = 10), @p10='?' (Size = 13), @p11='?' (Size = 11), @p12='?' (Size = 24)], CommandType='"Text"', CommandTimeout='30']
INSERT INTO "Breweries" ("Id", "BreweryType", "City", "Country", "LastRefreshedUtc", "Latitude", "Longitude", "Name", "Phone", "PostalCode", "State", "Street", "WebsiteUrl")
VALUES (@p0, @p1, @p2, @p3, @p4, @p5, @p6, @p7, @p8, @p9, @p10, @p11, @p12);
2026-09-05 14:34:22.001 +05:30 [INF] Executed DbCommand (0ms) [Parameters=[@p0='?' (Size = 36), @p1='?' (Size = 7), @p2='?' (Size = 9), @p3='?' (Size = 7), @p4='?' (DbType = DateTimeOffset), @p5='?' (DbType = Double), @p6='?' (DbType = Double), @p7='?' (Size = 10), @p8='?' (Size = 14), @p9='?' (Size = 5), @p10='?' (Size = 17), @p11='?' (Size = 12), @p12='?' (Size = 25)], CommandType='"Text"', CommandTimeout='30']
INSERT INTO "Breweries" ("Id", "BreweryType", "City", "Country", "LastRefreshedUtc", "Latitude", "Longitude", "Name", "Phone", "PostalCode", "State", "Street", "WebsiteUrl")
VALUES (@p0, @p1, @p2, @p3, @p4, @p5, @p6, @p7, @p8, @p9, @p10, @p11, @p12);
2026-09-05 14:34:22.001 +05:30 [INF] Executed DbCommand (0ms) [Parameters=[@p0='?' (Size = 36), @p1='?' (Size = 7), @p2='?' (Size = 10), @p3='?' (Size = 7), @p4='?' (DbType = DateTimeOffset), @p5='?' (DbType = Double), @p6='?' (DbType = Double), @p7='?' (Size = 3), @p8='?' (Size = 12), @p9='?' (Size = 5), @p10='?' (Size = 6), @p11='?' (Size = 13), @p12='?' (Size = 26)], CommandType='"Text"', CommandTimeout='30']
INSERT INTO "Breweries" ("Id", "BreweryType", "City", "Country", "LastRefreshedUtc", "Latitude", "Longitude", "Name", "Phone", "PostalCode", "State", "Street", "WebsiteUrl")
VALUES (@p0, @p1, @p2, @p3, @p4, @p5, @p6, @p7, @p8, @p9, @p10, @p11, @p12);
2026-09-05 14:34:22.002 +05:30 [INF] Executed DbCommand (0ms) [Parameters=[@p0='?' (Size = 36), @p1='?' (Size = 5), @p2='?' (Size = 8), @p3='?' (Size = 7), @p4='?' (DbType = DateTimeOffset), @p5='?' (DbType = Double), @p6='?' (DbType = Double), @p7='?' (Size = 17), @p8='?' (Size = 14), @p9='?' (Size = 8), @p10='?' (Size = 11), @p11='?' (Size = 16), @p12='?' (Size = 27)], CommandType='"Text"', CommandTimeout='30']
INSERT INTO "Breweries" ("Id", "BreweryType", "City", "Country", "LastRefreshedUtc", "Latitude", "Longitude", "Name", "Phone", "PostalCode", "State", "Street", "WebsiteUrl")
VALUES (@p0, @p1, @p2, @p3, @p4, @p5, @p6, @p7, @p8, @p9, @p10, @p11, @p12);
2026-09-05 14:34:22.002 +05:30 [INF] Executed DbCommand (0ms) [Parameters=[@p0='?' (Size = 36), @p1='?' (Size = 5), @p2='?' (Size = 6), @p3='?' (Size = 13), @p4='?' (DbType = DateTimeOffset), @p5='?' (DbType = Double), @p6='?' (DbType = Double), @p7='?' (Size = 20), @p8='?' (Size = 14), @p9='?' (Size = 10), @p10='?' (Size = 8), @p11='?' (Size = 18), @p12='?' (Size = 34)], CommandType='"Text"', CommandTimeout='30']
INSERT INTO "Breweries" ("Id", "BreweryType", "City", "Country", "LastRefreshedUtc", "Latitude", "Longitude", "Name", "Phone", "PostalCode", "State", "Street", "WebsiteUrl")
VALUES (@p0, @p1, @p2, @p3, @p4, @p5, @p6, @p7, @p8, @p9, @p10, @p11, @p12);
2026-09-05 14:34:22.002 +05:30 [INF] Executed DbCommand (0ms) [Parameters=[@p0='?' (Size = 36), @p1='?' (Size = 8), @p2='?' (Size = 6), @p3='?' (Size = 13), @p4='?' (DbType = DateTimeOffset), @p5='?' (DbType = Double), @p6='?' (DbType = Double), @p7='?' (Size = 16), @p8='?' (Size = 14), @p9='?' (Size = 10), @p10='?' (Size = 5), @p11='?' (Size = 19), @p12='?' (Size = 30)], CommandType='"Text"', CommandTimeout='30']
INSERT INTO "Breweries" ("Id", "BreweryType", "City", "Country", "LastRefreshedUtc", "Latitude", "Longitude", "Name", "Phone", "PostalCode", "State", "Street", "WebsiteUrl")
VALUES (@p0, @p1, @p2, @p3, @p4, @p5, @p6, @p7, @p8, @p9, @p10, @p11, @p12);
2026-09-05 14:34:22.003 +05:30 [INF] Executed DbCommand (0ms) [Parameters=[@p0='?' (Size = 36), @p1='?' (Size = 5), @p2='?' (Size = 10), @p3='?' (Size = 9), @p4='?' (DbType = DateTimeOffset), @p5='?' (DbType = Double), @p6='?' (DbType = Double), @p7='?' (Size = 23), @p8='?' (Size = 15), @p9='?' (Size = 4), @p10='?' (Size = 3), @p11='?' (Size = 16), @p12='?' (Size = 30)], CommandType='"Text"', CommandTimeout='30']
INSERT INTO "Breweries" ("Id", "BreweryType", "City", "Country", "LastRefreshedUtc", "Latitude", "Longitude", "Name", "Phone", "PostalCode", "State", "Street", "WebsiteUrl")
VALUES (@p0, @p1, @p2, @p3, @p4, @p5, @p6, @p7, @p8, @p9, @p10, @p11, @p12);
2026-09-05 14:34:22.004 +05:30 [INF] Executed DbCommand (0ms) [Parameters=[@p0='?' (Size = 36), @p1='?' (Size = 5), @p2='?' (Size = 8), @p3='?' (Size = 7), @p4='?' (DbType = DateTimeOffset), @p5='?' (DbType = Double), @p6='?' (DbType = Double), @p7='?' (Size = 24), @p8='?' (Size = 14), @p9='?' (Size = 4), @p10='?' (Size = 15), @p11='?' (Size = 22), @p12='?' (Size = 37)], CommandType='"Text"', CommandTimeout='30']
INSERT INTO "Breweries" ("Id", "BreweryType", "City", "Country", "LastRefreshedUtc", "Latitude", "Longitude", "Name", "Phone", "PostalCode", "State", "Street", "WebsiteUrl")
VALUES (@p0, @p1, @p2, @p3, @p4, @p5, @p6, @p7, @p8, @p9, @p10, @p11, @p12);
2026-09-05 14:34:22.004 +05:30 [INF] Executed DbCommand (0ms) [Parameters=[@p0='?' (Size = 36), @p1='?' (Size = 5), @p2='?' (Size = 7), @p3='?' (Size = 13), @p4='?' (DbType = DateTimeOffset), @p5='?' (DbType = Double), @p6='?' (DbType = Double), @p7='?' (Size = 20), @p8='?' (Size = 14), @p9='?' (Size = 10), @p10='?' (Size = 10), @p11='?' (Size = 16), @p12='?' (Size = 22)], CommandType='"Text"', CommandTimeout='30']
INSERT INTO "Breweries" ("Id", "BreweryType", "City", "Country", "LastRefreshedUtc", "Latitude", "Longitude", "Name", "Phone", "PostalCode", "State", "Street", "WebsiteUrl")
VALUES (@p0, @p1, @p2, @p3, @p4, @p5, @p6, @p7, @p8, @p9, @p10, @p11, @p12);
2026-09-05 14:34:22.005 +05:30 [INF] Executed DbCommand (0ms) [Parameters=[@p0='?' (Size = 36), @p1='?' (Size = 7), @p2='?' (Size = 8), @p3='?' (Size = 13), @p4='?' (DbType = DateTimeOffset), @p5='?' (DbType = Double), @p6='?' (DbType = Double), @p7='?' (Size = 19), @p8='?' (Size = 14), @p9='?' (Size = 10), @p10='?' (Size = 6), @p11='?' (Size = 17), @p12='?' (Size = 32)], CommandType='"Text"', CommandTimeout='30']
INSERT INTO "Breweries" ("Id", "BreweryType", "City", "Country", "LastRefreshedUtc", "Latitude", "Longitude", "Name", "Phone", "PostalCode", "State", "Street", "WebsiteUrl")
VALUES (@p0, @p1, @p2, @p3, @p4, @p5, @p6, @p7, @p8, @p9, @p10, @p11, @p12);
2026-09-05 14:34:22.006 +05:30 [INF] Executed DbCommand (0ms) [Parameters=[@p0='?' (Size = 36), @p1='?' (Size = 5), @p2='?' (Size = 14), @p3='?' (Size = 13), @p4='?' (DbType = DateTimeOffset), @p5='?' (DbType = Double), @p6='?' (DbType = Double), @p7='?' (Size = 24), @p8='?' (Size = 14), @p9='?' (Size = 5), @p10='?' (Size = 10), @p11='?' (Size = 23), @p12='?' (Size = 25)], CommandType='"Text"', CommandTimeout='30']
INSERT INTO "Breweries" ("Id", "BreweryType", "City", "Country", "LastRefreshedUtc", "Latitude", "Longitude", "Name", "Phone", "PostalCode", "State", "Street", "WebsiteUrl")
VALUES (@p0, @p1, @p2, @p3, @p4, @p5, @p6, @p7, @p8, @p9, @p10, @p11, @p12);
2026-09-05 14:34:22.007 +05:30 [INF] Executed DbCommand (0ms) [Parameters=[@p0='?' (Size = 36), @p1='?' (Size = 5), @p2='?' (Size = 14), @p3='?' (Size = 13), @p4='?' (DbType = DateTimeOffset), @p5='?' (DbType = Double), @p6='?' (DbType = Double), @p7='?' (Size = 16), @p8='?' (Size = 14), @p9='?' (Size = 10), @p10='?' (Size = 12), @p11='?' (Size = 15), @p12='?' (Size = 29)], CommandType='"Text"', CommandTimeout='30']
INSERT INTO "Breweries" ("Id", "BreweryType", "City", "Country", "LastRefreshedUtc", "Latitude", "Longitude", "Name", "Phone", "PostalCode", "State", "Street", "WebsiteUrl")
VALUES (@p0, @p1, @p2, @p3, @p4, @p5, @p6, @p7, @p8, @p9, @p10, @p11, @p12);
2026-09-05 14:34:22.007 +05:30 [INF] Executed DbCommand (0ms) [Parameters=[@p0='?' (Size = 36), @p1='?' (Size = 5), @p2='?' (Size = 11), @p3='?' (Size = 13), @p4='?' (DbType = DateTimeOffset), @p5='?' (DbType = Double), @p6='?' (DbType = Double), @p7='?' (Size = 16), @p8='?' (Size = 14), @p9='?' (Size = 10), @p10='?' (Size = 6), @p11='?' (Size = 13), @p12='?' (Size = 30)], CommandType='"Text"', CommandTimeout='30']
INSERT INTO "Breweries" ("Id", "BreweryType", "City", "Country", "LastRefreshedUtc", "Latitude", "Longitude", "Name", "Phone", "PostalCode", "State", "Street", "WebsiteUrl")
VALUES (@p0, @p1, @p2, @p3, @p4, @p5, @p6, @p7, @p8, @p9, @p10, @p11, @p12);
2026-09-05 14:34:22.008 +05:30 [INF] Executed DbCommand (0ms) [Parameters=[@p0='?' (Size = 36), @p1='?' (Size = 5), @p2='?' (Size = 5), @p3='?' (Size = 13), @p4='?' (DbType = DateTimeOffset), @p5='?' (DbType = Double), @p6='?' (DbType = Double), @p7='?' (Size = 15), @p8='?' (Size = 14), @p9='?' (Size = 10), @p10='?' (Size = 9), @p11='?' (Size = 12), @p12='?' (Size = 28)], CommandType='"Text"', CommandTimeout='30']
INSERT INTO "Breweries" ("Id", "BreweryType", "City", "Country", "LastRefreshedUtc", "Latitude", "Longitude", "Name", "Phone", "PostalCode", "State", "Street", "WebsiteUrl")
VALUES (@p0, @p1, @p2, @p3, @p4, @p5, @p6, @p7, @p8, @p9, @p10, @p11, @p12);
2026-09-05 14:34:22.008 +05:30 [INF] Executed DbCommand (0ms) [Parameters=[@p0='?' (Size = 36), @p1='?' (Size = 5), @p2='?' (Size = 6), @p3='?' (Size = 7), @p4='?' (DbType = DateTimeOffset), @p5='?' (DbType = Double), @p6='?' (DbType = Double), @p7='?' (Size = 18), @p8='?' (Size = 12), @p9='?' (Size = 8), @p10='?' (Size = 6), @p11='?' (Size = 17), @p12='?' (Size = 30)], CommandType='"Text"', CommandTimeout='30']
INSERT INTO "Breweries" ("Id", "BreweryType", "City", "Country", "LastRefreshedUtc", "Latitude", "Longitude", "Name", "Phone", "PostalCode", "State", "Street", "WebsiteUrl")
VALUES (@p0, @p1, @p2, @p3, @p4, @p5, @p6, @p7, @p8, @p9, @p10, @p11, @p12);
2026-09-05 14:34:22.009 +05:30 [INF] Executed DbCommand (0ms) [Parameters=[@p0='?' (Size = 36), @p1='?' (Size = 5), @p2='?' (Size = 9), @p3='?' (Size = 13), @p4='?' (DbType = DateTimeOffset), @p5='?' (DbType = Double), @p6='?' (DbType = Double), @p7='?' (Size = 24), @p8='?' (Size = 14), @p9='?' (Size = 5), @p10='?' (Size = 9), @p11='?' (Size = 15), @p12='?' (Size = 30)], CommandType='"Text"', CommandTimeout='30']
INSERT INTO "Breweries" ("Id", "BreweryType", "City", "Country", "LastRefreshedUtc", "Latitude", "Longitude", "Name", "Phone", "PostalCode", "State", "Street", "WebsiteUrl")
VALUES (@p0, @p1, @p2, @p3, @p4, @p5, @p6, @p7, @p8, @p9, @p10, @p11, @p12);
2026-09-05 14:34:22.009 +05:30 [INF] Executed DbCommand (0ms) [Parameters=[@p0='?' (Size = 36), @p1='?' (Size = 5), @p2='?' (Size = 7), @p3='?' (Size = 13), @p4='?' (DbType = DateTimeOffset), @p5='?' (DbType = Double), @p6='?' (DbType = Double), @p7='?' (Size = 19), @p8='?' (Size = 14), @p9='?' (Size = 10), @p10='?' (Size = 7), @p11='?' (Size = 19), @p12='?' (Size = 32)], CommandType='"Text"', CommandTimeout='30']
INSERT INTO "Breweries" ("Id", "BreweryType", "City", "Country", "LastRefreshedUtc", "Latitude", "Longitude", "Name", "Phone", "PostalCode", "State", "Street", "WebsiteUrl")
VALUES (@p0, @p1, @p2, @p3, @p4, @p5, @p6, @p7, @p8, @p9, @p10, @p11, @p12);
2026-09-05 14:34:22.010 +05:30 [INF] Executed DbCommand (0ms) [Parameters=[@p0='?' (Size = 36), @p1='?' (Size = 5), @p2='?' (Size = 6), @p3='?' (Size = 13), @p4='?' (DbType = DateTimeOffset), @p5='?' (DbType = Double), @p6='?' (DbType = Double), @p7='?' (Size = 16), @p8='?' (Size = 14), @p9='?' (Size = 10), @p10='?' (Size = 5), @p11='?' (Size = 21), @p12='?' (Size = 25)], CommandType='"Text"', CommandTimeout='30']
INSERT INTO "Breweries" ("Id", "BreweryType", "City", "Country", "LastRefreshedUtc", "Latitude", "Longitude", "Name", "Phone", "PostalCode", "State", "Street", "WebsiteUrl")
VALUES (@p0, @p1, @p2, @p3, @p4, @p5, @p6, @p7, @p8, @p9, @p10, @p11, @p12);
2026-09-05 14:34:22.010 +05:30 [INF] Executed DbCommand (0ms) [Parameters=[@p0='?' (Size = 36), @p1='?' (Size = 5), @p2='?' (Size = 8), @p3='?' (Size = 13), @p4='?' (DbType = DateTimeOffset), @p5='?' (DbType = Double), @p6='?' (DbType = Double), @p7='?' (Size = 26), @p8='?' (Size = 14), @p9='?' (Size = 5), @p10='?' (Size = 10), @p11='?' (Size = 18), @p12='?' (Size = 27)], CommandType='"Text"', CommandTimeout='30']
INSERT INTO "Breweries" ("Id", "BreweryType", "City", "Country", "LastRefreshedUtc", "Latitude", "Longitude", "Name", "Phone", "PostalCode", "State", "Street", "WebsiteUrl")
VALUES (@p0, @p1, @p2, @p3, @p4, @p5, @p6, @p7, @p8, @p9, @p10, @p11, @p12);
2026-09-05 14:34:22.011 +05:30 [INF] Executed DbCommand (0ms) [Parameters=[@p0='?' (Size = 36), @p1='?' (Size = 8), @p2='?' (Size = 11), @p3='?' (Size = 13), @p4='?' (DbType = DateTimeOffset), @p5='?' (DbType = Double), @p6='?' (DbType = Double), @p7='?' (Size = 16), @p8='?' (Size = 14), @p9='?' (Size = 10), @p10='?' (Size = 7), @p11='?' (Size = 12), @p12='?'], CommandType='"Text"', CommandTimeout='30']
INSERT INTO "Breweries" ("Id", "BreweryType", "City", "Country", "LastRefreshedUtc", "Latitude", "Longitude", "Name", "Phone", "PostalCode", "State", "Street", "WebsiteUrl")
VALUES (@p0, @p1, @p2, @p3, @p4, @p5, @p6, @p7, @p8, @p9, @p10, @p11, @p12);
2026-09-05 14:34:22.011 +05:30 [INF] Executed DbCommand (0ms) [Parameters=[@p0='?' (Size = 36), @p1='?' (Size = 5), @p2='?' (Size = 9), @p3='?' (Size = 13), @p4='?' (DbType = DateTimeOffset), @p5='?' (DbType = Double), @p6='?' (DbType = Double), @p7='?' (Size = 29), @p8='?' (Size = 14), @p9='?' (Size = 10), @p10='?' (Size = 6), @p11='?' (Size = 13), @p12='?' (Size = 44)], CommandType='"Text"', CommandTimeout='30']
INSERT INTO "Breweries" ("Id", "BreweryType", "City", "Country", "LastRefreshedUtc", "Latitude", "Longitude", "Name", "Phone", "PostalCode", "State", "Street", "WebsiteUrl")
VALUES (@p0, @p1, @p2, @p3, @p4, @p5, @p6, @p7, @p8, @p9, @p10, @p11, @p12);
2026-09-05 14:34:22.012 +05:30 [INF] Executed DbCommand (0ms) [Parameters=[@p0='?' (Size = 36), @p1='?' (Size = 5), @p2='?' (Size = 7), @p3='?' (Size = 13), @p4='?' (DbType = DateTimeOffset), @p5='?' (DbType = Double), @p6='?' (DbType = Double), @p7='?' (Size = 21), @p8='?' (Size = 14), @p9='?' (Size = 10), @p10='?' (Size = 10), @p11='?' (Size = 21), @p12='?' (Size = 32)], CommandType='"Text"', CommandTimeout='30']
INSERT INTO "Breweries" ("Id", "BreweryType", "City", "Country", "LastRefreshedUtc", "Latitude", "Longitude", "Name", "Phone", "PostalCode", "State", "Street", "WebsiteUrl")
VALUES (@p0, @p1, @p2, @p3, @p4, @p5, @p6, @p7, @p8, @p9, @p10, @p11, @p12);
2026-09-05 14:34:22.012 +05:30 [INF] Executed DbCommand (0ms) [Parameters=[@p0='?' (Size = 36), @p1='?' (Size = 7), @p2='?' (Size = 12), @p3='?' (Size = 13), @p4='?' (DbType = DateTimeOffset), @p5='?' (DbType = Double), @p6='?' (DbType = Double), @p7='?' (Size = 52), @p8='?' (Size = 14), @p9='?' (Size = 5), @p10='?' (Size = 10), @p11='?' (Size = 20), @p12='?' (Size = 23)], CommandType='"Text"', CommandTimeout='30']
INSERT INTO "Breweries" ("Id", "BreweryType", "City", "Country", "LastRefreshedUtc", "Latitude", "Longitude", "Name", "Phone", "PostalCode", "State", "Street", "WebsiteUrl")
VALUES (@p0, @p1, @p2, @p3, @p4, @p5, @p6, @p7, @p8, @p9, @p10, @p11, @p12);
2026-09-05 14:34:22.012 +05:30 [INF] Executed DbCommand (0ms) [Parameters=[@p0='?' (Size = 36), @p1='?' (Size = 5), @p2='?' (Size = 9), @p3='?' (Size = 13), @p4='?' (DbType = DateTimeOffset), @p5='?' (DbType = Double), @p6='?' (DbType = Double), @p7='?' (Size = 18), @p8='?' (Size = 14), @p9='?' (Size = 10), @p10='?' (Size = 6), @p11='?' (Size = 19), @p12='?' (Size = 29)], CommandType='"Text"', CommandTimeout='30']
INSERT INTO "Breweries" ("Id", "BreweryType", "City", "Country", "LastRefreshedUtc", "Latitude", "Longitude", "Name", "Phone", "PostalCode", "State", "Street", "WebsiteUrl")
VALUES (@p0, @p1, @p2, @p3, @p4, @p5, @p6, @p7, @p8, @p9, @p10, @p11, @p12);
2026-09-05 14:34:22.013 +05:30 [INF] Executed DbCommand (0ms) [Parameters=[@p0='?' (Size = 36), @p1='?' (Size = 5), @p2='?' (Size = 6), @p3='?' (Size = 13), @p4='?' (DbType = DateTimeOffset), @p5='?' (DbType = Double), @p6='?' (DbType = Double), @p7='?' (Size = 21), @p8='?' (Size = 14), @p9='?' (Size = 10), @p10='?' (Size = 8), @p11='?' (Size = 15), @p12='?' (Size = 31)], CommandType='"Text"', CommandTimeout='30']
INSERT INTO "Breweries" ("Id", "BreweryType", "City", "Country", "LastRefreshedUtc", "Latitude", "Longitude", "Name", "Phone", "PostalCode", "State", "Street", "WebsiteUrl")
VALUES (@p0, @p1, @p2, @p3, @p4, @p5, @p6, @p7, @p8, @p9, @p10, @p11, @p12);
2026-09-05 14:34:22.013 +05:30 [INF] Executed DbCommand (0ms) [Parameters=[@p0='?' (Size = 36), @p1='?' (Size = 5), @p2='?' (Size = 4), @p3='?' (Size = 8), @p4='?' (DbType = DateTimeOffset), @p5='?' (DbType = Double), @p6='?' (DbType = Double), @p7='?' (Size = 20), @p8='?' (Size = 17), @p9='?' (Size = 8), @p10='?' (Size = 4), @p11='?' (Size = 10), @p12='?' (Size = 24)], CommandType='"Text"', CommandTimeout='30']
INSERT INTO "Breweries" ("Id", "BreweryType", "City", "Country", "LastRefreshedUtc", "Latitude", "Longitude", "Name", "Phone", "PostalCode", "State", "Street", "WebsiteUrl")
VALUES (@p0, @p1, @p2, @p3, @p4, @p5, @p6, @p7, @p8, @p9, @p10, @p11, @p12);
2026-09-05 14:34:22.014 +05:30 [INF] Executed DbCommand (0ms) [Parameters=[@p0='?' (Size = 36), @p1='?' (Size = 5), @p2='?' (Size = 9), @p3='?' (Size = 12), @p4='?' (DbType = DateTimeOffset), @p5='?' (DbType = Double), @p6='?' (DbType = Double), @p7='?' (Size = 18), @p8='?' (Size = 15), @p9='?' (Size = 4), @p10='?' (Size = 12), @p11='?' (Size = 16), @p12='?' (Size = 19)], CommandType='"Text"', CommandTimeout='30']
INSERT INTO "Breweries" ("Id", "BreweryType", "City", "Country", "LastRefreshedUtc", "Latitude", "Longitude", "Name", "Phone", "PostalCode", "State", "Street", "WebsiteUrl")
VALUES (@p0, @p1, @p2, @p3, @p4, @p5, @p6, @p7, @p8, @p9, @p10, @p11, @p12);
2026-09-05 14:34:22.014 +05:30 [INF] Executed DbCommand (0ms) [Parameters=[@p0='?' (Size = 36), @p1='?' (Size = 6), @p2='?' (Size = 12), @p3='?' (Size = 13), @p4='?' (DbType = DateTimeOffset), @p5='?' (DbType = Double), @p6='?' (DbType = Double), @p7='?' (Size = 13), @p8='?' (Size = 14), @p9='?' (Size = 5), @p10='?' (Size = 13), @p11='?', @p12='?'], CommandType='"Text"', CommandTimeout='30']
INSERT INTO "Breweries" ("Id", "BreweryType", "City", "Country", "LastRefreshedUtc", "Latitude", "Longitude", "Name", "Phone", "PostalCode", "State", "Street", "WebsiteUrl")
VALUES (@p0, @p1, @p2, @p3, @p4, @p5, @p6, @p7, @p8, @p9, @p10, @p11, @p12);
2026-09-05 14:34:22.015 +05:30 [INF] Executed DbCommand (0ms) [Parameters=[@p0='?' (Size = 36), @p1='?' (Size = 7), @p2='?' (Size = 8), @p3='?' (Size = 7), @p4='?' (DbType = DateTimeOffset), @p5='?' (DbType = Double), @p6='?' (DbType = Double), @p7='?' (Size = 9), @p8='?' (Size = 15), @p9='?' (Size = 5), @p10='?' (Size = 9), @p11='?' (Size = 16), @p12='?' (Size = 21)], CommandType='"Text"', CommandTimeout='30']
INSERT INTO "Breweries" ("Id", "BreweryType", "City", "Country", "LastRefreshedUtc", "Latitude", "Longitude", "Name", "Phone", "PostalCode", "State", "Street", "WebsiteUrl")
VALUES (@p0, @p1, @p2, @p3, @p4, @p5, @p6, @p7, @p8, @p9, @p10, @p11, @p12);
2026-09-05 14:34:22.015 +05:30 [INF] Executed DbCommand (0ms) [Parameters=[@p0='?' (Size = 36), @p1='?' (Size = 6), @p2='?' (Size = 13), @p3='?' (Size = 13), @p4='?' (DbType = DateTimeOffset), @p5='?' (DbType = Double), @p6='?' (DbType = Double), @p7='?' (Size = 19), @p8='?' (Size = 14), @p9='?' (Size = 10), @p10='?' (Size = 10), @p11='?' (Size = 21), @p12='?' (Size = 21)], CommandType='"Text"', CommandTimeout='30']
INSERT INTO "Breweries" ("Id", "BreweryType", "City", "Country", "LastRefreshedUtc", "Latitude", "Longitude", "Name", "Phone", "PostalCode", "State", "Street", "WebsiteUrl")
VALUES (@p0, @p1, @p2, @p3, @p4, @p5, @p6, @p7, @p8, @p9, @p10, @p11, @p12);
2026-09-05 14:34:22.015 +05:30 [INF] Executed DbCommand (0ms) [Parameters=[@p0='?' (Size = 36), @p1='?' (Size = 7), @p2='?' (Size = 9), @p3='?' (Size = 7), @p4='?' (DbType = DateTimeOffset), @p5='?' (DbType = Double), @p6='?' (DbType = Double), @p7='?' (Size = 10), @p8='?', @p9='?' (Size = 5), @p10='?' (Size = 6), @p11='?' (Size = 16), @p12='?' (Size = 34)], CommandType='"Text"', CommandTimeout='30']
INSERT INTO "Breweries" ("Id", "BreweryType", "City", "Country", "LastRefreshedUtc", "Latitude", "Longitude", "Name", "Phone", "PostalCode", "State", "Street", "WebsiteUrl")
VALUES (@p0, @p1, @p2, @p3, @p4, @p5, @p6, @p7, @p8, @p9, @p10, @p11, @p12);
2026-09-05 14:34:22.016 +05:30 [INF] Executed DbCommand (0ms) [Parameters=[@p0='?' (Size = 36), @p1='?' (Size = 5), @p2='?' (Size = 4), @p3='?' (Size = 13), @p4='?' (DbType = DateTimeOffset), @p5='?' (DbType = Double), @p6='?' (DbType = Double), @p7='?' (Size = 31), @p8='?' (Size = 14), @p9='?' (Size = 5), @p10='?' (Size = 6), @p11='?' (Size = 16), @p12='?'], CommandType='"Text"', CommandTimeout='30']
INSERT INTO "Breweries" ("Id", "BreweryType", "City", "Country", "LastRefreshedUtc", "Latitude", "Longitude", "Name", "Phone", "PostalCode", "State", "Street", "WebsiteUrl")
VALUES (@p0, @p1, @p2, @p3, @p4, @p5, @p6, @p7, @p8, @p9, @p10, @p11, @p12);
2026-09-05 14:34:22.016 +05:30 [INF] Executed DbCommand (0ms) [Parameters=[@p0='?' (Size = 36), @p1='?' (Size = 5), @p2='?' (Size = 11), @p3='?' (Size = 7), @p4='?' (DbType = DateTimeOffset), @p5='?' (DbType = Double), @p6='?' (DbType = Double), @p7='?' (Size = 14), @p8='?' (Size = 14), @p9='?' (Size = 4), @p10='?' (Size = 15), @p11='?' (Size = 7), @p12='?' (Size = 24)], CommandType='"Text"', CommandTimeout='30']
INSERT INTO "Breweries" ("Id", "BreweryType", "City", "Country", "LastRefreshedUtc", "Latitude", "Longitude", "Name", "Phone", "PostalCode", "State", "Street", "WebsiteUrl")
VALUES (@p0, @p1, @p2, @p3, @p4, @p5, @p6, @p7, @p8, @p9, @p10, @p11, @p12);
2026-09-05 14:34:22.017 +05:30 [INF] Executed DbCommand (0ms) [Parameters=[@p0='?' (Size = 36), @p1='?' (Size = 8), @p2='?' (Size = 12), @p3='?' (Size = 13), @p4='?' (DbType = DateTimeOffset), @p5='?' (DbType = Double), @p6='?' (DbType = Double), @p7='?' (Size = 21), @p8='?' (Size = 14), @p9='?' (Size = 5), @p10='?' (Size = 13), @p11='?' (Size = 9), @p12='?' (Size = 26)], CommandType='"Text"', CommandTimeout='30']
INSERT INTO "Breweries" ("Id", "BreweryType", "City", "Country", "LastRefreshedUtc", "Latitude", "Longitude", "Name", "Phone", "PostalCode", "State", "Street", "WebsiteUrl")
VALUES (@p0, @p1, @p2, @p3, @p4, @p5, @p6, @p7, @p8, @p9, @p10, @p11, @p12);
2026-09-05 14:34:22.017 +05:30 [INF] Executed DbCommand (0ms) [Parameters=[@p0='?' (Size = 36), @p1='?' (Size = 5), @p2='?' (Size = 6), @p3='?' (Size = 13), @p4='?' (DbType = DateTimeOffset), @p5='?' (DbType = Double), @p6='?' (DbType = Double), @p7='?' (Size = 22), @p8='?' (Size = 14), @p9='?' (Size = 10), @p10='?' (Size = 5), @p11='?' (Size = 23), @p12='?' (Size = 28)], CommandType='"Text"', CommandTimeout='30']
INSERT INTO "Breweries" ("Id", "BreweryType", "City", "Country", "LastRefreshedUtc", "Latitude", "Longitude", "Name", "Phone", "PostalCode", "State", "Street", "WebsiteUrl")
VALUES (@p0, @p1, @p2, @p3, @p4, @p5, @p6, @p7, @p8, @p9, @p10, @p11, @p12);
2026-09-05 14:34:22.018 +05:30 [INF] Executed DbCommand (0ms) [Parameters=[@p0='?' (Size = 36), @p1='?' (Size = 5), @p2='?' (Size = 7), @p3='?' (Size = 5), @p4='?' (DbType = DateTimeOffset), @p5='?' (DbType = Double), @p6='?' (DbType = Double), @p7='?' (Size = 13), @p8='?', @p9='?' (Size = 8), @p10='?' (Size = 5), @p11='?' (Size = 14), @p12='?' (Size = 36)], CommandType='"Text"', CommandTimeout='30']
INSERT INTO "Breweries" ("Id", "BreweryType", "City", "Country", "LastRefreshedUtc", "Latitude", "Longitude", "Name", "Phone", "PostalCode", "State", "Street", "WebsiteUrl")
VALUES (@p0, @p1, @p2, @p3, @p4, @p5, @p6, @p7, @p8, @p9, @p10, @p11, @p12);
2026-09-05 14:34:22.018 +05:30 [INF] Executed DbCommand (0ms) [Parameters=[@p0='?' (Size = 36), @p1='?' (Size = 5), @p2='?' (Size = 12), @p3='?' (Size = 13), @p4='?' (DbType = DateTimeOffset), @p5='?' (DbType = Double), @p6='?' (DbType = Double), @p7='?' (Size = 29), @p8='?' (Size = 14), @p9='?' (Size = 10), @p10='?' (Size = 8), @p11='?' (Size = 22), @p12='?' (Size = 28)], CommandType='"Text"', CommandTimeout='30']
INSERT INTO "Breweries" ("Id", "BreweryType", "City", "Country", "LastRefreshedUtc", "Latitude", "Longitude", "Name", "Phone", "PostalCode", "State", "Street", "WebsiteUrl")
VALUES (@p0, @p1, @p2, @p3, @p4, @p5, @p6, @p7, @p8, @p9, @p10, @p11, @p12);
2026-09-05 14:34:22.019 +05:30 [INF] Executed DbCommand (0ms) [Parameters=[@p0='?' (Size = 36), @p1='?' (Size = 5), @p2='?' (Size = 7), @p3='?' (Size = 7), @p4='?' (DbType = DateTimeOffset), @p5='?' (DbType = Double), @p6='?' (DbType = Double), @p7='?' (Size = 20), @p8='?' (Size = 11), @p9='?' (Size = 8), @p10='?' (Size = 4), @p11='?' (Size = 12), @p12='?' (Size = 25)], CommandType='"Text"', CommandTimeout='30']
INSERT INTO "Breweries" ("Id", "BreweryType", "City", "Country", "LastRefreshedUtc", "Latitude", "Longitude", "Name", "Phone", "PostalCode", "State", "Street", "WebsiteUrl")
VALUES (@p0, @p1, @p2, @p3, @p4, @p5, @p6, @p7, @p8, @p9, @p10, @p11, @p12);
2026-09-05 14:34:22.020 +05:30 [INF] Executed DbCommand (0ms) [Parameters=[@p0='?' (Size = 36), @p1='?' (Size = 5), @p2='?' (Size = 9), @p3='?' (Size = 9), @p4='?' (DbType = DateTimeOffset), @p5='?' (DbType = Double), @p6='?' (DbType = Double), @p7='?' (Size = 17), @p8='?' (Size = 15), @p9='?' (Size = 4), @p10='?' (Size = 3), @p11='?' (Size = 19), @p12='?' (Size = 26)], CommandType='"Text"', CommandTimeout='30']
INSERT INTO "Breweries" ("Id", "BreweryType", "City", "Country", "LastRefreshedUtc", "Latitude", "Longitude", "Name", "Phone", "PostalCode", "State", "Street", "WebsiteUrl")
VALUES (@p0, @p1, @p2, @p3, @p4, @p5, @p6, @p7, @p8, @p9, @p10, @p11, @p12);
2026-09-05 14:34:22.021 +05:30 [INF] Executed DbCommand (0ms) [Parameters=[@p0='?' (Size = 36), @p1='?' (Size = 8), @p2='?' (Size = 6), @p3='?' (Size = 13), @p4='?' (DbType = DateTimeOffset), @p5='?' (DbType = Double), @p6='?' (DbType = Double), @p7='?' (Size = 29), @p8='?' (Size = 14), @p9='?' (Size = 5), @p10='?' (Size = 5), @p11='?', @p12='?' (Size = 23)], CommandType='"Text"', CommandTimeout='30']
INSERT INTO "Breweries" ("Id", "BreweryType", "City", "Country", "LastRefreshedUtc", "Latitude", "Longitude", "Name", "Phone", "PostalCode", "State", "Street", "WebsiteUrl")
VALUES (@p0, @p1, @p2, @p3, @p4, @p5, @p6, @p7, @p8, @p9, @p10, @p11, @p12);
2026-09-05 14:34:22.021 +05:30 [INF] Executed DbCommand (0ms) [Parameters=[@p0='?' (Size = 36), @p1='?' (Size = 5), @p2='?' (Size = 6), @p3='?' (Size = 13), @p4='?' (DbType = DateTimeOffset), @p5='?' (DbType = Double), @p6='?' (DbType = Double), @p7='?' (Size = 14), @p8='?' (Size = 14), @p9='?' (Size = 10), @p10='?' (Size = 8), @p11='?' (Size = 15), @p12='?' (Size = 27)], CommandType='"Text"', CommandTimeout='30']
INSERT INTO "Breweries" ("Id", "BreweryType", "City", "Country", "LastRefreshedUtc", "Latitude", "Longitude", "Name", "Phone", "PostalCode", "State", "Street", "WebsiteUrl")
VALUES (@p0, @p1, @p2, @p3, @p4, @p5, @p6, @p7, @p8, @p9, @p10, @p11, @p12);
2026-09-05 14:34:22.022 +05:30 [INF] Executed DbCommand (0ms) [Parameters=[@p0='?' (Size = 36), @p1='?' (Size = 5), @p2='?' (Size = 12), @p3='?' (Size = 9), @p4='?' (DbType = DateTimeOffset), @p5='?' (DbType = Double), @p6='?' (DbType = Double), @p7='?' (Size = 21), @p8='?' (Size = 15), @p9='?' (Size = 4), @p10='?' (Size = 3), @p11='?' (Size = 16), @p12='?' (Size = 33)], CommandType='"Text"', CommandTimeout='30']
INSERT INTO "Breweries" ("Id", "BreweryType", "City", "Country", "LastRefreshedUtc", "Latitude", "Longitude", "Name", "Phone", "PostalCode", "State", "Street", "WebsiteUrl")
VALUES (@p0, @p1, @p2, @p3, @p4, @p5, @p6, @p7, @p8, @p9, @p10, @p11, @p12);
2026-09-05 14:34:22.022 +05:30 [INF] Executed DbCommand (0ms) [Parameters=[@p0='?' (Size = 36), @p1='?' (Size = 5), @p2='?' (Size = 11), @p3='?' (Size = 13), @p4='?' (DbType = DateTimeOffset), @p5='?' (DbType = Double), @p6='?' (DbType = Double), @p7='?' (Size = 26), @p8='?' (Size = 14), @p9='?' (Size = 10), @p10='?' (Size = 8), @p11='?' (Size = 12), @p12='?' (Size = 21)], CommandType='"Text"', CommandTimeout='30']
INSERT INTO "Breweries" ("Id", "BreweryType", "City", "Country", "LastRefreshedUtc", "Latitude", "Longitude", "Name", "Phone", "PostalCode", "State", "Street", "WebsiteUrl")
VALUES (@p0, @p1, @p2, @p3, @p4, @p5, @p6, @p7, @p8, @p9, @p10, @p11, @p12);
2026-09-05 14:34:22.023 +05:30 [INF] Executed DbCommand (0ms) [Parameters=[@p0='?' (Size = 36), @p1='?' (Size = 5), @p2='?' (Size = 15), @p3='?' (Size = 13), @p4='?' (DbType = DateTimeOffset), @p5='?' (DbType = Double), @p6='?' (DbType = Double), @p7='?' (Size = 19), @p8='?' (Size = 14), @p9='?' (Size = 10), @p10='?' (Size = 8), @p11='?' (Size = 21), @p12='?' (Size = 29)], CommandType='"Text"', CommandTimeout='30']
INSERT INTO "Breweries" ("Id", "BreweryType", "City", "Country", "LastRefreshedUtc", "Latitude", "Longitude", "Name", "Phone", "PostalCode", "State", "Street", "WebsiteUrl")
VALUES (@p0, @p1, @p2, @p3, @p4, @p5, @p6, @p7, @p8, @p9, @p10, @p11, @p12);
2026-09-05 14:34:22.023 +05:30 [INF] Executed DbCommand (0ms) [Parameters=[@p0='?' (Size = 36), @p1='?' (Size = 5), @p2='?' (Size = 19), @p3='?' (Size = 13), @p4='?' (DbType = DateTimeOffset), @p5='?' (DbType = Double), @p6='?' (DbType = Double), @p7='?' (Size = 20), @p8='?' (Size = 14), @p9='?' (Size = 10), @p10='?' (Size = 10), @p11='?' (Size = 21), @p12='?' (Size = 31)], CommandType='"Text"', CommandTimeout='30']
INSERT INTO "Breweries" ("Id", "BreweryType", "City", "Country", "LastRefreshedUtc", "Latitude", "Longitude", "Name", "Phone", "PostalCode", "State", "Street", "WebsiteUrl")
VALUES (@p0, @p1, @p2, @p3, @p4, @p5, @p6, @p7, @p8, @p9, @p10, @p11, @p12);
2026-09-05 14:34:22.024 +05:30 [INF] Executed DbCommand (0ms) [Parameters=[@p0='?' (Size = 36), @p1='?' (Size = 5), @p2='?' (Size = 10), @p3='?' (Size = 13), @p4='?' (DbType = DateTimeOffset), @p5='?' (DbType = Double), @p6='?' (DbType = Double), @p7='?' (Size = 17), @p8='?' (Size = 14), @p9='?' (Size = 10), @p10='?' (Size = 13), @p11='?' (Size = 17), @p12='?' (Size = 29)], CommandType='"Text"', CommandTimeout='30']
INSERT INTO "Breweries" ("Id", "BreweryType", "City", "Country", "LastRefreshedUtc", "Latitude", "Longitude", "Name", "Phone", "PostalCode", "State", "Street", "WebsiteUrl")
VALUES (@p0, @p1, @p2, @p3, @p4, @p5, @p6, @p7, @p8, @p9, @p10, @p11, @p12);
2026-09-05 14:34:22.024 +05:30 [INF] Executed DbCommand (0ms) [Parameters=[@p0='?' (Size = 36), @p1='?' (Size = 5), @p2='?' (Size = 8), @p3='?' (Size = 13), @p4='?' (DbType = DateTimeOffset), @p5='?' (DbType = Double), @p6='?' (DbType = Double), @p7='?' (Size = 16), @p8='?' (Size = 14), @p9='?' (Size = 5), @p10='?' (Size = 4), @p11='?' (Size = 12), @p12='?' (Size = 27)], CommandType='"Text"', CommandTimeout='30']
INSERT INTO "Breweries" ("Id", "BreweryType", "City", "Country", "LastRefreshedUtc", "Latitude", "Longitude", "Name", "Phone", "PostalCode", "State", "Street", "WebsiteUrl")
VALUES (@p0, @p1, @p2, @p3, @p4, @p5, @p6, @p7, @p8, @p9, @p10, @p11, @p12);
2026-09-05 14:34:22.024 +05:30 [INF] Executed DbCommand (0ms) [Parameters=[@p0='?' (Size = 36), @p1='?' (Size = 5), @p2='?' (Size = 11), @p3='?' (Size = 13), @p4='?' (DbType = DateTimeOffset), @p5='?' (DbType = Double), @p6='?' (DbType = Double), @p7='?' (Size = 19), @p8='?' (Size = 14), @p9='?' (Size = 5), @p10='?' (Size = 14), @p11='?' (Size = 21), @p12='?'], CommandType='"Text"', CommandTimeout='30']
INSERT INTO "Breweries" ("Id", "BreweryType", "City", "Country", "LastRefreshedUtc", "Latitude", "Longitude", "Name", "Phone", "PostalCode", "State", "Street", "WebsiteUrl")
VALUES (@p0, @p1, @p2, @p3, @p4, @p5, @p6, @p7, @p8, @p9, @p10, @p11, @p12);
2026-09-05 14:34:22.025 +05:30 [INF] Executed DbCommand (0ms) [Parameters=[@p0='?' (Size = 36), @p1='?' (Size = 5), @p2='?' (Size = 6), @p3='?' (Size = 6), @p4='?' (DbType = DateTimeOffset), @p5='?' (DbType = Double), @p6='?' (DbType = Double), @p7='?' (Size = 25), @p8='?' (Size = 12), @p9='?' (Size = 7), @p10='?' (Size = 7), @p11='?' (Size = 17), @p12='?' (Size = 26)], CommandType='"Text"', CommandTimeout='30']
INSERT INTO "Breweries" ("Id", "BreweryType", "City", "Country", "LastRefreshedUtc", "Latitude", "Longitude", "Name", "Phone", "PostalCode", "State", "Street", "WebsiteUrl")
VALUES (@p0, @p1, @p2, @p3, @p4, @p5, @p6, @p7, @p8, @p9, @p10, @p11, @p12);
2026-09-05 14:34:22.025 +05:30 [INF] Executed DbCommand (0ms) [Parameters=[@p0='?' (Size = 36), @p1='?' (Size = 7), @p2='?' (Size = 15), @p3='?' (Size = 13), @p4='?' (DbType = DateTimeOffset), @p5='?' (DbType = Double), @p6='?' (DbType = Double), @p7='?' (Size = 20), @p8='?' (Size = 14), @p9='?' (Size = 10), @p10='?' (Size = 10), @p11='?' (Size = 24), @p12='?' (Size = 30)], CommandType='"Text"', CommandTimeout='30']
INSERT INTO "Breweries" ("Id", "BreweryType", "City", "Country", "LastRefreshedUtc", "Latitude", "Longitude", "Name", "Phone", "PostalCode", "State", "Street", "WebsiteUrl")
VALUES (@p0, @p1, @p2, @p3, @p4, @p5, @p6, @p7, @p8, @p9, @p10, @p11, @p12);
2026-09-05 14:34:22.025 +05:30 [INF] Executed DbCommand (0ms) [Parameters=[@p0='?' (Size = 36), @p1='?' (Size = 5), @p2='?' (Size = 5), @p3='?' (Size = 13), @p4='?' (DbType = DateTimeOffset), @p5='?' (DbType = Double), @p6='?' (DbType = Double), @p7='?' (Size = 21), @p8='?' (Size = 14), @p9='?' (Size = 10), @p10='?' (Size = 10), @p11='?' (Size = 21), @p12='?' (Size = 32)], CommandType='"Text"', CommandTimeout='30']
INSERT INTO "Breweries" ("Id", "BreweryType", "City", "Country", "LastRefreshedUtc", "Latitude", "Longitude", "Name", "Phone", "PostalCode", "State", "Street", "WebsiteUrl")
VALUES (@p0, @p1, @p2, @p3, @p4, @p5, @p6, @p7, @p8, @p9, @p10, @p11, @p12);
2026-09-05 14:34:22.026 +05:30 [INF] Executed DbCommand (0ms) [Parameters=[@p0='?' (Size = 36), @p1='?' (Size = 7), @p2='?' (Size = 5), @p3='?' (Size = 7), @p4='?' (DbType = DateTimeOffset), @p5='?' (DbType = Double), @p6='?' (DbType = Double), @p7='?' (Size = 21), @p8='?' (Size = 14), @p9='?' (Size = 5), @p10='?' (Size = 19), @p11='?' (Size = 13), @p12='?' (Size = 42)], CommandType='"Text"', CommandTimeout='30']
INSERT INTO "Breweries" ("Id", "BreweryType", "City", "Country", "LastRefreshedUtc", "Latitude", "Longitude", "Name", "Phone", "PostalCode", "State", "Street", "WebsiteUrl")
VALUES (@p0, @p1, @p2, @p3, @p4, @p5, @p6, @p7, @p8, @p9, @p10, @p11, @p12);
2026-09-05 14:34:22.026 +05:30 [INF] Executed DbCommand (0ms) [Parameters=[@p0='?' (Size = 36), @p1='?' (Size = 6), @p2='?' (Size = 6), @p3='?' (Size = 11), @p4='?' (DbType = DateTimeOffset), @p5='?' (DbType = Double), @p6='?' (DbType = Double), @p7='?' (Size = 12), @p8='?', @p9='?' (Size = 4), @p10='?' (Size = 13), @p11='?' (Size = 16), @p12='?'], CommandType='"Text"', CommandTimeout='30']
INSERT INTO "Breweries" ("Id", "BreweryType", "City", "Country", "LastRefreshedUtc", "Latitude", "Longitude", "Name", "Phone", "PostalCode", "State", "Street", "WebsiteUrl")
VALUES (@p0, @p1, @p2, @p3, @p4, @p5, @p6, @p7, @p8, @p9, @p10, @p11, @p12);
2026-09-05 14:34:22.027 +05:30 [INF] Executed DbCommand (0ms) [Parameters=[@p0='?' (Size = 36), @p1='?' (Size = 8), @p2='?' (Size = 10), @p3='?' (Size = 13), @p4='?' (DbType = DateTimeOffset), @p5='?' (DbType = Double), @p6='?' (DbType = Double), @p7='?' (Size = 14), @p8='?' (Size = 14), @p9='?' (Size = 10), @p10='?' (Size = 10), @p11='?', @p12='?' (Size = 28)], CommandType='"Text"', CommandTimeout='30']
INSERT INTO "Breweries" ("Id", "BreweryType", "City", "Country", "LastRefreshedUtc", "Latitude", "Longitude", "Name", "Phone", "PostalCode", "State", "Street", "WebsiteUrl")
VALUES (@p0, @p1, @p2, @p3, @p4, @p5, @p6, @p7, @p8, @p9, @p10, @p11, @p12);
2026-09-05 14:34:22.027 +05:30 [INF] Executed DbCommand (0ms) [Parameters=[@p0='?' (Size = 36), @p1='?' (Size = 5), @p2='?' (Size = 8), @p3='?' (Size = 13), @p4='?' (DbType = DateTimeOffset), @p5='?' (DbType = Double), @p6='?' (DbType = Double), @p7='?' (Size = 22), @p8='?' (Size = 14), @p9='?' (Size = 10), @p10='?' (Size = 10), @p11='?' (Size = 12), @p12='?' (Size = 28)], CommandType='"Text"', CommandTimeout='30']
INSERT INTO "Breweries" ("Id", "BreweryType", "City", "Country", "LastRefreshedUtc", "Latitude", "Longitude", "Name", "Phone", "PostalCode", "State", "Street", "WebsiteUrl")
VALUES (@p0, @p1, @p2, @p3, @p4, @p5, @p6, @p7, @p8, @p9, @p10, @p11, @p12);
2026-09-05 14:34:22.027 +05:30 [INF] Executed DbCommand (0ms) [Parameters=[@p0='?' (Size = 36), @p1='?' (Size = 5), @p2='?' (Size = 9), @p3='?' (Size = 13), @p4='?' (DbType = DateTimeOffset), @p5='?' (DbType = Double), @p6='?' (DbType = Double), @p7='?' (Size = 18), @p8='?' (Size = 14), @p9='?' (Size = 10), @p10='?' (Size = 8), @p11='?' (Size = 18), @p12='?' (Size = 29)], CommandType='"Text"', CommandTimeout='30']
INSERT INTO "Breweries" ("Id", "BreweryType", "City", "Country", "LastRefreshedUtc", "Latitude", "Longitude", "Name", "Phone", "PostalCode", "State", "Street", "WebsiteUrl")
VALUES (@p0, @p1, @p2, @p3, @p4, @p5, @p6, @p7, @p8, @p9, @p10, @p11, @p12);
2026-09-05 14:34:22.028 +05:30 [INF] Executed DbCommand (0ms) [Parameters=[@p0='?' (Size = 36), @p1='?' (Size = 5), @p2='?' (Size = 10), @p3='?' (Size = 13), @p4='?' (DbType = DateTimeOffset), @p5='?' (DbType = Double), @p6='?' (DbType = Double), @p7='?' (Size = 36), @p8='?' (Size = 14), @p9='?' (Size = 10), @p10='?' (Size = 7), @p11='?' (Size = 14), @p12='?' (Size = 64)], CommandType='"Text"', CommandTimeout='30']
INSERT INTO "Breweries" ("Id", "BreweryType", "City", "Country", "LastRefreshedUtc", "Latitude", "Longitude", "Name", "Phone", "PostalCode", "State", "Street", "WebsiteUrl")
VALUES (@p0, @p1, @p2, @p3, @p4, @p5, @p6, @p7, @p8, @p9, @p10, @p11, @p12);
2026-09-05 14:34:22.028 +05:30 [INF] Executed DbCommand (0ms) [Parameters=[@p0='?' (Size = 36), @p1='?' (Size = 5), @p2='?' (Size = 7), @p3='?' (Size = 13), @p4='?' (DbType = DateTimeOffset), @p5='?' (DbType = Double), @p6='?' (DbType = Double), @p7='?' (Size = 29), @p8='?' (Size = 14), @p9='?' (Size = 10), @p10='?' (Size = 5), @p11='?' (Size = 17), @p12='?' (Size = 30)], CommandType='"Text"', CommandTimeout='30']
INSERT INTO "Breweries" ("Id", "BreweryType", "City", "Country", "LastRefreshedUtc", "Latitude", "Longitude", "Name", "Phone", "PostalCode", "State", "Street", "WebsiteUrl")
VALUES (@p0, @p1, @p2, @p3, @p4, @p5, @p6, @p7, @p8, @p9, @p10, @p11, @p12);
2026-09-05 14:34:22.029 +05:30 [INF] Executed DbCommand (0ms) [Parameters=[@p0='?' (Size = 36), @p1='?' (Size = 5), @p2='?' (Size = 6), @p3='?' (Size = 13), @p4='?' (DbType = DateTimeOffset), @p5='?' (DbType = Double), @p6='?' (DbType = Double), @p7='?' (Size = 22), @p8='?' (Size = 14), @p9='?' (Size = 10), @p10='?' (Size = 10), @p11='?' (Size = 18), @p12='?' (Size = 29)], CommandType='"Text"', CommandTimeout='30']
INSERT INTO "Breweries" ("Id", "BreweryType", "City", "Country", "LastRefreshedUtc", "Latitude", "Longitude", "Name", "Phone", "PostalCode", "State", "Street", "WebsiteUrl")
VALUES (@p0, @p1, @p2, @p3, @p4, @p5, @p6, @p7, @p8, @p9, @p10, @p11, @p12);
2026-09-05 14:34:22.029 +05:30 [INF] Executed DbCommand (0ms) [Parameters=[@p0='?' (Size = 36), @p1='?' (Size = 5), @p2='?' (Size = 18), @p3='?' (Size = 13), @p4='?' (DbType = DateTimeOffset), @p5='?' (DbType = Double), @p6='?' (DbType = Double), @p7='?' (Size = 17), @p8='?' (Size = 14), @p9='?' (Size = 10), @p10='?' (Size = 8), @p11='?' (Size = 19), @p12='?' (Size = 24)], CommandType='"Text"', CommandTimeout='30']
INSERT INTO "Breweries" ("Id", "BreweryType", "City", "Country", "LastRefreshedUtc", "Latitude", "Longitude", "Name", "Phone", "PostalCode", "State", "Street", "WebsiteUrl")
VALUES (@p0, @p1, @p2, @p3, @p4, @p5, @p6, @p7, @p8, @p9, @p10, @p11, @p12);
2026-09-05 14:34:22.029 +05:30 [INF] Executed DbCommand (0ms) [Parameters=[@p0='?' (Size = 36), @p1='?' (Size = 8), @p2='?' (Size = 6), @p3='?' (Size = 13), @p4='?' (DbType = DateTimeOffset), @p5='?' (DbType = Double), @p6='?' (DbType = Double), @p7='?' (Size = 30), @p8='?' (Size = 14), @p9='?' (Size = 10), @p10='?' (Size = 5), @p11='?', @p12='?'], CommandType='"Text"', CommandTimeout='30']
INSERT INTO "Breweries" ("Id", "BreweryType", "City", "Country", "LastRefreshedUtc", "Latitude", "Longitude", "Name", "Phone", "PostalCode", "State", "Street", "WebsiteUrl")
VALUES (@p0, @p1, @p2, @p3, @p4, @p5, @p6, @p7, @p8, @p9, @p10, @p11, @p12);
2026-09-05 14:34:22.030 +05:30 [INF] Executed DbCommand (0ms) [Parameters=[@p0='?' (Size = 36), @p1='?' (Size = 5), @p2='?' (Size = 12), @p3='?' (Size = 13), @p4='?' (DbType = DateTimeOffset), @p5='?' (DbType = Double), @p6='?' (DbType = Double), @p7='?' (Size = 33), @p8='?' (Size = 14), @p9='?' (Size = 10), @p10='?' (Size = 7), @p11='?' (Size = 12), @p12='?'], CommandType='"Text"', CommandTimeout='30']
INSERT INTO "Breweries" ("Id", "BreweryType", "City", "Country", "LastRefreshedUtc", "Latitude", "Longitude", "Name", "Phone", "PostalCode", "State", "Street", "WebsiteUrl")
VALUES (@p0, @p1, @p2, @p3, @p4, @p5, @p6, @p7, @p8, @p9, @p10, @p11, @p12);
2026-09-05 14:34:22.030 +05:30 [INF] Executed DbCommand (0ms) [Parameters=[@p0='?' (Size = 36), @p1='?' (Size = 7), @p2='?' (Size = 12), @p3='?' (Size = 13), @p4='?' (DbType = DateTimeOffset), @p5='?' (DbType = Double), @p6='?' (DbType = Double), @p7='?' (Size = 26), @p8='?', @p9='?' (Size = 10), @p10='?' (Size = 12), @p11='?' (Size = 18), @p12='?'], CommandType='"Text"', CommandTimeout='30']
INSERT INTO "Breweries" ("Id", "BreweryType", "City", "Country", "LastRefreshedUtc", "Latitude", "Longitude", "Name", "Phone", "PostalCode", "State", "Street", "WebsiteUrl")
VALUES (@p0, @p1, @p2, @p3, @p4, @p5, @p6, @p7, @p8, @p9, @p10, @p11, @p12);
2026-09-05 14:34:22.031 +05:30 [INF] Executed DbCommand (0ms) [Parameters=[@p0='?' (Size = 36), @p1='?' (Size = 7), @p2='?' (Size = 9), @p3='?' (Size = 13), @p4='?' (DbType = DateTimeOffset), @p5='?' (DbType = Double), @p6='?' (DbType = Double), @p7='?' (Size = 16), @p8='?' (Size = 14), @p9='?' (Size = 10), @p10='?' (Size = 9), @p11='?' (Size = 17), @p12='?' (Size = 30)], CommandType='"Text"', CommandTimeout='30']
INSERT INTO "Breweries" ("Id", "BreweryType", "City", "Country", "LastRefreshedUtc", "Latitude", "Longitude", "Name", "Phone", "PostalCode", "State", "Street", "WebsiteUrl")
VALUES (@p0, @p1, @p2, @p3, @p4, @p5, @p6, @p7, @p8, @p9, @p10, @p11, @p12);
2026-09-05 14:34:22.031 +05:30 [INF] Executed DbCommand (0ms) [Parameters=[@p0='?' (Size = 36), @p1='?' (Size = 7), @p2='?' (Size = 7), @p3='?' (Size = 13), @p4='?' (DbType = DateTimeOffset), @p5='?' (DbType = Double), @p6='?' (DbType = Double), @p7='?' (Size = 24), @p8='?' (Size = 14), @p9='?' (Size = 10), @p10='?' (Size = 5), @p11='?' (Size = 12), @p12='?' (Size = 30)], CommandType='"Text"', CommandTimeout='30']
INSERT INTO "Breweries" ("Id", "BreweryType", "City", "Country", "LastRefreshedUtc", "Latitude", "Longitude", "Name", "Phone", "PostalCode", "State", "Street", "WebsiteUrl")
VALUES (@p0, @p1, @p2, @p3, @p4, @p5, @p6, @p7, @p8, @p9, @p10, @p11, @p12);
2026-09-05 14:34:22.031 +05:30 [INF] Executed DbCommand (0ms) [Parameters=[@p0='?' (Size = 36), @p1='?' (Size = 5), @p2='?' (Size = 12), @p3='?' (Size = 9), @p4='?' (DbType = DateTimeOffset), @p5='?' (DbType = Double), @p6='?' (DbType = Double), @p7='?' (Size = 16), @p8='?' (Size = 15), @p9='?' (Size = 4), @p10='?' (Size = 3), @p11='?' (Size = 16), @p12='?' (Size = 33)], CommandType='"Text"', CommandTimeout='30']
INSERT INTO "Breweries" ("Id", "BreweryType", "City", "Country", "LastRefreshedUtc", "Latitude", "Longitude", "Name", "Phone", "PostalCode", "State", "Street", "WebsiteUrl")
VALUES (@p0, @p1, @p2, @p3, @p4, @p5, @p6, @p7, @p8, @p9, @p10, @p11, @p12);
2026-09-05 14:34:22.032 +05:30 [INF] Executed DbCommand (0ms) [Parameters=[@p0='?' (Size = 36), @p1='?' (Size = 5), @p2='?' (Size = 9), @p3='?' (Size = 13), @p4='?' (DbType = DateTimeOffset), @p5='?' (DbType = Double), @p6='?' (DbType = Double), @p7='?' (Size = 19), @p8='?' (Size = 14), @p9='?' (Size = 10), @p10='?' (Size = 9), @p11='?' (Size = 14), @p12='?' (Size = 29)], CommandType='"Text"', CommandTimeout='30']
INSERT INTO "Breweries" ("Id", "BreweryType", "City", "Country", "LastRefreshedUtc", "Latitude", "Longitude", "Name", "Phone", "PostalCode", "State", "Street", "WebsiteUrl")
VALUES (@p0, @p1, @p2, @p3, @p4, @p5, @p6, @p7, @p8, @p9, @p10, @p11, @p12);
2026-09-05 14:34:22.032 +05:30 [INF] Executed DbCommand (0ms) [Parameters=[@p0='?' (Size = 36), @p1='?' (Size = 5), @p2='?' (Size = 9), @p3='?' (Size = 13), @p4='?' (DbType = DateTimeOffset), @p5='?' (DbType = Double), @p6='?' (DbType = Double), @p7='?' (Size = 34), @p8='?', @p9='?' (Size = 5), @p10='?' (Size = 14), @p11='?' (Size = 12), @p12='?'], CommandType='"Text"', CommandTimeout='30']
INSERT INTO "Breweries" ("Id", "BreweryType", "City", "Country", "LastRefreshedUtc", "Latitude", "Longitude", "Name", "Phone", "PostalCode", "State", "Street", "WebsiteUrl")
VALUES (@p0, @p1, @p2, @p3, @p4, @p5, @p6, @p7, @p8, @p9, @p10, @p11, @p12);
2026-09-05 14:34:22.033 +05:30 [INF] Executed DbCommand (0ms) [Parameters=[@p0='?' (Size = 36), @p1='?' (Size = 6), @p2='?' (Size = 6), @p3='?' (Size = 13), @p4='?' (DbType = DateTimeOffset), @p5='?' (DbType = Double), @p6='?' (DbType = Double), @p7='?' (Size = 11), @p8='?' (Size = 14), @p9='?' (Size = 10), @p10='?' (Size = 10), @p11='?' (Size = 13), @p12='?' (Size = 25)], CommandType='"Text"', CommandTimeout='30']
INSERT INTO "Breweries" ("Id", "BreweryType", "City", "Country", "LastRefreshedUtc", "Latitude", "Longitude", "Name", "Phone", "PostalCode", "State", "Street", "WebsiteUrl")
VALUES (@p0, @p1, @p2, @p3, @p4, @p5, @p6, @p7, @p8, @p9, @p10, @p11, @p12);
2026-09-05 14:34:22.033 +05:30 [INF] Executed DbCommand (0ms) [Parameters=[@p0='?' (Size = 36), @p1='?' (Size = 5), @p2='?' (Size = 6), @p3='?' (Size = 7), @p4='?' (DbType = DateTimeOffset), @p5='?' (DbType = Double), @p6='?' (DbType = Double), @p7='?' (Size = 13), @p8='?' (Size = 14), @p9='?' (Size = 4), @p10='?' (Size = 15), @p11='?' (Size = 21), @p12='?' (Size = 25)], CommandType='"Text"', CommandTimeout='30']
INSERT INTO "Breweries" ("Id", "BreweryType", "City", "Country", "LastRefreshedUtc", "Latitude", "Longitude", "Name", "Phone", "PostalCode", "State", "Street", "WebsiteUrl")
VALUES (@p0, @p1, @p2, @p3, @p4, @p5, @p6, @p7, @p8, @p9, @p10, @p11, @p12);
2026-09-05 14:34:22.033 +05:30 [INF] Executed DbCommand (0ms) [Parameters=[@p0='?' (Size = 36), @p1='?' (Size = 5), @p2='?' (Size = 7), @p3='?' (Size = 8), @p4='?' (DbType = DateTimeOffset), @p5='?' (DbType = Double), @p6='?' (DbType = Double), @p7='?' (Size = 4), @p8='?', @p9='?' (Size = 8), @p10='?' (Size = 7), @p11='?' (Size = 25), @p12='?'], CommandType='"Text"', CommandTimeout='30']
INSERT INTO "Breweries" ("Id", "BreweryType", "City", "Country", "LastRefreshedUtc", "Latitude", "Longitude", "Name", "Phone", "PostalCode", "State", "Street", "WebsiteUrl")
VALUES (@p0, @p1, @p2, @p3, @p4, @p5, @p6, @p7, @p8, @p9, @p10, @p11, @p12);
2026-09-05 14:34:22.034 +05:30 [INF] Executed DbCommand (0ms) [Parameters=[@p0='?' (Size = 36), @p1='?' (Size = 7), @p2='?' (Size = 10), @p3='?' (Size = 13), @p4='?' (DbType = DateTimeOffset), @p5='?' (DbType = Double), @p6='?' (DbType = Double), @p7='?' (Size = 19), @p8='?' (Size = 14), @p9='?' (Size = 5), @p10='?' (Size = 10), @p11='?' (Size = 16), @p12='?' (Size = 27)], CommandType='"Text"', CommandTimeout='30']
INSERT INTO "Breweries" ("Id", "BreweryType", "City", "Country", "LastRefreshedUtc", "Latitude", "Longitude", "Name", "Phone", "PostalCode", "State", "Street", "WebsiteUrl")
VALUES (@p0, @p1, @p2, @p3, @p4, @p5, @p6, @p7, @p8, @p9, @p10, @p11, @p12);
2026-09-05 14:34:22.034 +05:30 [INF] Executed DbCommand (0ms) [Parameters=[@p0='?' (Size = 36), @p1='?' (Size = 7), @p2='?' (Size = 14), @p3='?' (Size = 13), @p4='?' (DbType = DateTimeOffset), @p5='?' (DbType = Double), @p6='?' (DbType = Double), @p7='?' (Size = 22), @p8='?' (Size = 14), @p9='?' (Size = 10), @p10='?' (Size = 8), @p11='?' (Size = 13), @p12='?'], CommandType='"Text"', CommandTimeout='30']
INSERT INTO "Breweries" ("Id", "BreweryType", "City", "Country", "LastRefreshedUtc", "Latitude", "Longitude", "Name", "Phone", "PostalCode", "State", "Street", "WebsiteUrl")
VALUES (@p0, @p1, @p2, @p3, @p4, @p5, @p6, @p7, @p8, @p9, @p10, @p11, @p12);
2026-09-05 14:34:22.035 +05:30 [INF] Executed DbCommand (0ms) [Parameters=[@p0='?' (Size = 36), @p1='?' (Size = 5), @p2='?' (Size = 3), @p3='?' (Size = 7), @p4='?' (DbType = DateTimeOffset), @p5='?' (DbType = Double), @p6='?' (DbType = Double), @p7='?' (Size = 13), @p8='?' (Size = 16), @p9='?' (Size = 4), @p10='?' (Size = 10), @p11='?' (Size = 14), @p12='?' (Size = 22)], CommandType='"Text"', CommandTimeout='30']
INSERT INTO "Breweries" ("Id", "BreweryType", "City", "Country", "LastRefreshedUtc", "Latitude", "Longitude", "Name", "Phone", "PostalCode", "State", "Street", "WebsiteUrl")
VALUES (@p0, @p1, @p2, @p3, @p4, @p5, @p6, @p7, @p8, @p9, @p10, @p11, @p12);
2026-09-05 14:34:22.035 +05:30 [INF] Executed DbCommand (0ms) [Parameters=[@p0='?' (Size = 36), @p1='?' (Size = 7), @p2='?' (Size = 8), @p3='?' (Size = 13), @p4='?' (DbType = DateTimeOffset), @p5='?' (DbType = Double), @p6='?' (DbType = Double), @p7='?' (Size = 29), @p8='?' (Size = 14), @p9='?' (Size = 10), @p10='?' (Size = 10), @p11='?' (Size = 13), @p12='?' (Size = 31)], CommandType='"Text"', CommandTimeout='30']
INSERT INTO "Breweries" ("Id", "BreweryType", "City", "Country", "LastRefreshedUtc", "Latitude", "Longitude", "Name", "Phone", "PostalCode", "State", "Street", "WebsiteUrl")
VALUES (@p0, @p1, @p2, @p3, @p4, @p5, @p6, @p7, @p8, @p9, @p10, @p11, @p12);
2026-09-05 14:34:22.036 +05:30 [INF] Executed DbCommand (0ms) [Parameters=[@p0='?' (Size = 36), @p1='?' (Size = 7), @p2='?' (Size = 13), @p3='?' (Size = 7), @p4='?' (DbType = DateTimeOffset), @p5='?' (DbType = Double), @p6='?' (DbType = Double), @p7='?' (Size = 12), @p8='?' (Size = 14), @p9='?' (Size = 5), @p10='?' (Size = 6), @p11='?' (Size = 14), @p12='?' (Size = 26)], CommandType='"Text"', CommandTimeout='30']
INSERT INTO "Breweries" ("Id", "BreweryType", "City", "Country", "LastRefreshedUtc", "Latitude", "Longitude", "Name", "Phone", "PostalCode", "State", "Street", "WebsiteUrl")
VALUES (@p0, @p1, @p2, @p3, @p4, @p5, @p6, @p7, @p8, @p9, @p10, @p11, @p12);
2026-09-05 14:34:22.037 +05:30 [INF] Executed DbCommand (0ms) [Parameters=[@p0='?' (Size = 36), @p1='?' (Size = 7), @p2='?' (Size = 7), @p3='?' (Size = 7), @p4='?' (DbType = DateTimeOffset), @p5='?' (DbType = Double), @p6='?' (DbType = Double), @p7='?' (Size = 10), @p8='?' (Size = 14), @p9='?' (Size = 5), @p10='?' (Size = 6), @p11='?' (Size = 15), @p12='?' (Size = 29)], CommandType='"Text"', CommandTimeout='30']
INSERT INTO "Breweries" ("Id", "BreweryType", "City", "Country", "LastRefreshedUtc", "Latitude", "Longitude", "Name", "Phone", "PostalCode", "State", "Street", "WebsiteUrl")
VALUES (@p0, @p1, @p2, @p3, @p4, @p5, @p6, @p7, @p8, @p9, @p10, @p11, @p12);
2026-09-05 14:34:22.037 +05:30 [INF] Executed DbCommand (0ms) [Parameters=[@p0='?' (Size = 36), @p1='?' (Size = 6), @p2='?' (Size = 17), @p3='?' (Size = 7), @p4='?' (DbType = DateTimeOffset), @p5='?' (DbType = Double), @p6='?' (DbType = Double), @p7='?' (Size = 26), @p8='?' (Size = 14), @p9='?' (Size = 5), @p10='?' (Size = 13), @p11='?' (Size = 13), @p12='?' (Size = 27)], CommandType='"Text"', CommandTimeout='30']
INSERT INTO "Breweries" ("Id", "BreweryType", "City", "Country", "LastRefreshedUtc", "Latitude", "Longitude", "Name", "Phone", "PostalCode", "State", "Street", "WebsiteUrl")
VALUES (@p0, @p1, @p2, @p3, @p4, @p5, @p6, @p7, @p8, @p9, @p10, @p11, @p12);
2026-09-05 14:34:22.038 +05:30 [INF] Executed DbCommand (0ms) [Parameters=[@p0='?' (Size = 36), @p1='?' (Size = 8), @p2='?' (Size = 9), @p3='?' (Size = 13), @p4='?' (DbType = DateTimeOffset), @p5='?' (DbType = Double), @p6='?' (DbType = Double), @p7='?' (Size = 17), @p8='?', @p9='?' (Size = 10), @p10='?' (Size = 10), @p11='?', @p12='?' (Size = 27)], CommandType='"Text"', CommandTimeout='30']
INSERT INTO "Breweries" ("Id", "BreweryType", "City", "Country", "LastRefreshedUtc", "Latitude", "Longitude", "Name", "Phone", "PostalCode", "State", "Street", "WebsiteUrl")
VALUES (@p0, @p1, @p2, @p3, @p4, @p5, @p6, @p7, @p8, @p9, @p10, @p11, @p12);
2026-09-05 14:34:22.039 +05:30 [INF] Executed DbCommand (0ms) [Parameters=[@p0='?' (Size = 36), @p1='?' (Size = 8), @p2='?' (Size = 11), @p3='?' (Size = 13), @p4='?' (DbType = DateTimeOffset), @p5='?' (DbType = Double), @p6='?' (DbType = Double), @p7='?' (Size = 18), @p8='?' (Size = 14), @p9='?' (Size = 10), @p10='?' (Size = 8), @p11='?' (Size = 13), @p12='?' (Size = 28)], CommandType='"Text"', CommandTimeout='30']
INSERT INTO "Breweries" ("Id", "BreweryType", "City", "Country", "LastRefreshedUtc", "Latitude", "Longitude", "Name", "Phone", "PostalCode", "State", "Street", "WebsiteUrl")
VALUES (@p0, @p1, @p2, @p3, @p4, @p5, @p6, @p7, @p8, @p9, @p10, @p11, @p12);
2026-09-05 14:34:22.039 +05:30 [INF] Executed DbCommand (0ms) [Parameters=[@p0='?' (Size = 36), @p1='?' (Size = 8), @p2='?' (Size = 10), @p3='?' (Size = 13), @p4='?' (DbType = DateTimeOffset), @p5='?' (DbType = Double), @p6='?' (DbType = Double), @p7='?' (Size = 17), @p8='?' (Size = 14), @p9='?' (Size = 10), @p10='?' (Size = 7), @p11='?' (Size = 16), @p12='?' (Size = 30)], CommandType='"Text"', CommandTimeout='30']
INSERT INTO "Breweries" ("Id", "BreweryType", "City", "Country", "LastRefreshedUtc", "Latitude", "Longitude", "Name", "Phone", "PostalCode", "State", "Street", "WebsiteUrl")
VALUES (@p0, @p1, @p2, @p3, @p4, @p5, @p6, @p7, @p8, @p9, @p10, @p11, @p12);
2026-09-05 14:34:22.040 +05:30 [INF] Executed DbCommand (0ms) [Parameters=[@p0='?' (Size = 36), @p1='?' (Size = 7), @p2='?' (Size = 6), @p3='?' (Size = 13), @p4='?' (DbType = DateTimeOffset), @p5='?' (DbType = Double), @p6='?' (DbType = Double), @p7='?' (Size = 25), @p8='?' (Size = 14), @p9='?' (Size = 10), @p10='?' (Size = 8), @p11='?' (Size = 19), @p12='?' (Size = 29)], CommandType='"Text"', CommandTimeout='30']
INSERT INTO "Breweries" ("Id", "BreweryType", "City", "Country", "LastRefreshedUtc", "Latitude", "Longitude", "Name", "Phone", "PostalCode", "State", "Street", "WebsiteUrl")
VALUES (@p0, @p1, @p2, @p3, @p4, @p5, @p6, @p7, @p8, @p9, @p10, @p11, @p12);
2026-09-05 14:34:22.040 +05:30 [INF] Executed DbCommand (0ms) [Parameters=[@p0='?' (Size = 36), @p1='?' (Size = 7), @p2='?' (Size = 7), @p3='?' (Size = 7), @p4='?' (DbType = DateTimeOffset), @p5='?' (DbType = Double), @p6='?' (DbType = Double), @p7='?' (Size = 15), @p8='?' (Size = 15), @p9='?' (Size = 5), @p10='?' (Size = 6), @p11='?' (Size = 12), @p12='?' (Size = 38)], CommandType='"Text"', CommandTimeout='30']
INSERT INTO "Breweries" ("Id", "BreweryType", "City", "Country", "LastRefreshedUtc", "Latitude", "Longitude", "Name", "Phone", "PostalCode", "State", "Street", "WebsiteUrl")
VALUES (@p0, @p1, @p2, @p3, @p4, @p5, @p6, @p7, @p8, @p9, @p10, @p11, @p12);
2026-09-05 14:34:22.041 +05:30 [INF] Executed DbCommand (0ms) [Parameters=[@p0='?' (Size = 36), @p1='?' (Size = 5), @p2='?' (Size = 6), @p3='?' (Size = 13), @p4='?' (DbType = DateTimeOffset), @p5='?' (DbType = Double), @p6='?' (DbType = Double), @p7='?' (Size = 17), @p8='?' (Size = 14), @p9='?' (Size = 5), @p10='?' (Size = 10), @p11='?' (Size = 22), @p12='?' (Size = 27)], CommandType='"Text"', CommandTimeout='30']
INSERT INTO "Breweries" ("Id", "BreweryType", "City", "Country", "LastRefreshedUtc", "Latitude", "Longitude", "Name", "Phone", "PostalCode", "State", "Street", "WebsiteUrl")
VALUES (@p0, @p1, @p2, @p3, @p4, @p5, @p6, @p7, @p8, @p9, @p10, @p11, @p12);
2026-09-05 14:34:22.041 +05:30 [INF] Executed DbCommand (0ms) [Parameters=[@p0='?' (Size = 36), @p1='?' (Size = 5), @p2='?' (Size = 7), @p3='?' (Size = 7), @p4='?' (DbType = DateTimeOffset), @p5='?' (DbType = Double), @p6='?' (DbType = Double), @p7='?' (Size = 11), @p8='?' (Size = 14), @p9='?' (Size = 4), @p10='?' (Size = 10), @p11='?' (Size = 14), @p12='?' (Size = 25)], CommandType='"Text"', CommandTimeout='30']
INSERT INTO "Breweries" ("Id", "BreweryType", "City", "Country", "LastRefreshedUtc", "Latitude", "Longitude", "Name", "Phone", "PostalCode", "State", "Street", "WebsiteUrl")
VALUES (@p0, @p1, @p2, @p3, @p4, @p5, @p6, @p7, @p8, @p9, @p10, @p11, @p12);
2026-09-05 14:34:22.041 +05:30 [INF] Executed DbCommand (0ms) [Parameters=[@p0='?' (Size = 36), @p1='?' (Size = 5), @p2='?' (Size = 12), @p3='?' (Size = 13), @p4='?' (DbType = DateTimeOffset), @p5='?' (DbType = Double), @p6='?' (DbType = Double), @p7='?' (Size = 18), @p8='?' (Size = 14), @p9='?' (Size = 10), @p10='?' (Size = 5), @p11='?' (Size = 11), @p12='?'], CommandType='"Text"', CommandTimeout='30']
INSERT INTO "Breweries" ("Id", "BreweryType", "City", "Country", "LastRefreshedUtc", "Latitude", "Longitude", "Name", "Phone", "PostalCode", "State", "Street", "WebsiteUrl")
VALUES (@p0, @p1, @p2, @p3, @p4, @p5, @p6, @p7, @p8, @p9, @p10, @p11, @p12);
2026-09-05 14:34:22.042 +05:30 [INF] Executed DbCommand (0ms) [Parameters=[@p0='?' (Size = 36), @p1='?' (Size = 5), @p2='?' (Size = 7), @p3='?' (Size = 13), @p4='?' (DbType = DateTimeOffset), @p5='?' (DbType = Double), @p6='?' (DbType = Double), @p7='?' (Size = 19), @p8='?', @p9='?' (Size = 10), @p10='?' (Size = 7), @p11='?' (Size = 15), @p12='?'], CommandType='"Text"', CommandTimeout='30']
INSERT INTO "Breweries" ("Id", "BreweryType", "City", "Country", "LastRefreshedUtc", "Latitude", "Longitude", "Name", "Phone", "PostalCode", "State", "Street", "WebsiteUrl")
VALUES (@p0, @p1, @p2, @p3, @p4, @p5, @p6, @p7, @p8, @p9, @p10, @p11, @p12);
2026-09-05 14:34:22.042 +05:30 [INF] Executed DbCommand (0ms) [Parameters=[@p0='?' (Size = 36), @p1='?' (Size = 5), @p2='?' (Size = 13), @p3='?' (Size = 12), @p4='?' (DbType = DateTimeOffset), @p5='?' (DbType = Double), @p6='?' (DbType = Double), @p7='?' (Size = 30), @p8='?' (Size = 15), @p9='?' (Size = 4), @p10='?' (Size = 10), @p11='?' (Size = 14), @p12='?' (Size = 34)], CommandType='"Text"', CommandTimeout='30']
INSERT INTO "Breweries" ("Id", "BreweryType", "City", "Country", "LastRefreshedUtc", "Latitude", "Longitude", "Name", "Phone", "PostalCode", "State", "Street", "WebsiteUrl")
VALUES (@p0, @p1, @p2, @p3, @p4, @p5, @p6, @p7, @p8, @p9, @p10, @p11, @p12);
2026-09-05 14:34:22.043 +05:30 [INF] Executed DbCommand (0ms) [Parameters=[@p0='?' (Size = 36), @p1='?' (Size = 7), @p2='?' (Size = 10), @p3='?' (Size = 6), @p4='?' (DbType = DateTimeOffset), @p5='?' (DbType = Double), @p6='?' (DbType = Double), @p7='?' (Size = 22), @p8='?' (Size = 11), @p9='?' (Size = 7), @p10='?' (Size = 16), @p11='?' (Size = 20), @p12='?' (Size = 29)], CommandType='"Text"', CommandTimeout='30']
INSERT INTO "Breweries" ("Id", "BreweryType", "City", "Country", "LastRefreshedUtc", "Latitude", "Longitude", "Name", "Phone", "PostalCode", "State", "Street", "WebsiteUrl")
VALUES (@p0, @p1, @p2, @p3, @p4, @p5, @p6, @p7, @p8, @p9, @p10, @p11, @p12);
2026-09-05 14:34:22.043 +05:30 [INF] Executed DbCommand (0ms) [Parameters=[@p0='?' (Size = 36), @p1='?' (Size = 5), @p2='?' (Size = 9), @p3='?' (Size = 7), @p4='?' (DbType = DateTimeOffset), @p5='?' (DbType = Double), @p6='?' (DbType = Double), @p7='?' (Size = 5), @p8='?', @p9='?' (Size = 4), @p10='?' (Size = 23), @p11='?' (Size = 24), @p12='?' (Size = 44)], CommandType='"Text"', CommandTimeout='30']
INSERT INTO "Breweries" ("Id", "BreweryType", "City", "Country", "LastRefreshedUtc", "Latitude", "Longitude", "Name", "Phone", "PostalCode", "State", "Street", "WebsiteUrl")
VALUES (@p0, @p1, @p2, @p3, @p4, @p5, @p6, @p7, @p8, @p9, @p10, @p11, @p12);
2026-09-05 14:34:22.043 +05:30 [INF] Executed DbCommand (0ms) [Parameters=[@p0='?' (Size = 36), @p1='?' (Size = 7), @p2='?' (Size = 7), @p3='?' (Size = 7), @p4='?' (DbType = DateTimeOffset), @p5='?' (DbType = Double), @p6='?' (DbType = Double), @p7='?' (Size = 2), @p8='?' (Size = 15), @p9='?' (Size = 5), @p10='?' (Size = 6), @p11='?' (Size = 18), @p12='?' (Size = 19)], CommandType='"Text"', CommandTimeout='30']
INSERT INTO "Breweries" ("Id", "BreweryType", "City", "Country", "LastRefreshedUtc", "Latitude", "Longitude", "Name", "Phone", "PostalCode", "State", "Street", "WebsiteUrl")
VALUES (@p0, @p1, @p2, @p3, @p4, @p5, @p6, @p7, @p8, @p9, @p10, @p11, @p12);
2026-09-05 14:34:22.044 +05:30 [INF] Executed DbCommand (0ms) [Parameters=[@p0='?' (Size = 36), @p1='?' (Size = 5), @p2='?' (Size = 7), @p3='?' (Size = 13), @p4='?' (DbType = DateTimeOffset), @p5='?' (DbType = Double), @p6='?' (DbType = Double), @p7='?' (Size = 18), @p8='?' (Size = 14), @p9='?' (Size = 5), @p10='?' (Size = 5), @p11='?' (Size = 19), @p12='?' (Size = 28)], CommandType='"Text"', CommandTimeout='30']
INSERT INTO "Breweries" ("Id", "BreweryType", "City", "Country", "LastRefreshedUtc", "Latitude", "Longitude", "Name", "Phone", "PostalCode", "State", "Street", "WebsiteUrl")
VALUES (@p0, @p1, @p2, @p3, @p4, @p5, @p6, @p7, @p8, @p9, @p10, @p11, @p12);
2026-09-05 14:34:22.044 +05:30 [INF] Executed DbCommand (0ms) [Parameters=[@p0='?' (Size = 36), @p1='?' (Size = 7), @p2='?' (Size = 9), @p3='?' (Size = 7), @p4='?' (DbType = DateTimeOffset), @p5='?' (DbType = Double), @p6='?' (DbType = Double), @p7='?' (Size = 29), @p8='?' (Size = 14), @p9='?' (Size = 5), @p10='?' (Size = 6), @p11='?' (Size = 13), @p12='?' (Size = 34)], CommandType='"Text"', CommandTimeout='30']
INSERT INTO "Breweries" ("Id", "BreweryType", "City", "Country", "LastRefreshedUtc", "Latitude", "Longitude", "Name", "Phone", "PostalCode", "State", "Street", "WebsiteUrl")
VALUES (@p0, @p1, @p2, @p3, @p4, @p5, @p6, @p7, @p8, @p9, @p10, @p11, @p12);
2026-09-05 14:34:22.044 +05:30 [INF] Executed DbCommand (0ms) [Parameters=[@p0='?' (Size = 36), @p1='?' (Size = 5), @p2='?' (Size = 8), @p3='?' (Size = 7), @p4='?' (DbType = DateTimeOffset), @p5='?' (DbType = Double), @p6='?' (DbType = Double), @p7='?' (Size = 26), @p8='?' (Size = 14), @p9='?' (Size = 5), @p10='?' (Size = 6), @p11='?' (Size = 15), @p12='?' (Size = 40)], CommandType='"Text"', CommandTimeout='30']
INSERT INTO "Breweries" ("Id", "BreweryType", "City", "Country", "LastRefreshedUtc", "Latitude", "Longitude", "Name", "Phone", "PostalCode", "State", "Street", "WebsiteUrl")
VALUES (@p0, @p1, @p2, @p3, @p4, @p5, @p6, @p7, @p8, @p9, @p10, @p11, @p12);
2026-09-05 14:34:22.045 +05:30 [INF] Executed DbCommand (0ms) [Parameters=[@p0='?' (Size = 36), @p1='?' (Size = 6), @p2='?' (Size = 11), @p3='?' (Size = 7), @p4='?' (DbType = DateTimeOffset), @p5='?' (DbType = Double), @p6='?' (DbType = Double), @p7='?' (Size = 6), @p8='?' (Size = 14), @p9='?' (Size = 5), @p10='?' (Size = 6), @p11='?' (Size = 12), @p12='?'], CommandType='"Text"', CommandTimeout='30']
INSERT INTO "Breweries" ("Id", "BreweryType", "City", "Country", "LastRefreshedUtc", "Latitude", "Longitude", "Name", "Phone", "PostalCode", "State", "Street", "WebsiteUrl")
VALUES (@p0, @p1, @p2, @p3, @p4, @p5, @p6, @p7, @p8, @p9, @p10, @p11, @p12);
2026-09-05 14:34:22.045 +05:30 [INF] Executed DbCommand (0ms) [Parameters=[@p0='?' (Size = 36), @p1='?' (Size = 7), @p2='?' (Size = 11), @p3='?' (Size = 13), @p4='?' (DbType = DateTimeOffset), @p5='?' (DbType = Double), @p6='?' (DbType = Double), @p7='?' (Size = 15), @p8='?', @p9='?' (Size = 5), @p10='?' (Size = 10), @p11='?' (Size = 21), @p12='?' (Size = 24)], CommandType='"Text"', CommandTimeout='30']
INSERT INTO "Breweries" ("Id", "BreweryType", "City", "Country", "LastRefreshedUtc", "Latitude", "Longitude", "Name", "Phone", "PostalCode", "State", "Street", "WebsiteUrl")
VALUES (@p0, @p1, @p2, @p3, @p4, @p5, @p6, @p7, @p8, @p9, @p10, @p11, @p12);
2026-09-05 14:34:22.046 +05:30 [INF] Executed DbCommand (0ms) [Parameters=[@p0='?' (Size = 36), @p1='?' (Size = 7), @p2='?' (Size = 4), @p3='?' (Size = 7), @p4='?' (DbType = DateTimeOffset), @p5='?' (DbType = Double), @p6='?' (DbType = Double), @p7='?' (Size = 9), @p8='?' (Size = 15), @p9='?' (Size = 5), @p10='?' (Size = 19), @p11='?' (Size = 15), @p12='?' (Size = 23)], CommandType='"Text"', CommandTimeout='30']
INSERT INTO "Breweries" ("Id", "BreweryType", "City", "Country", "LastRefreshedUtc", "Latitude", "Longitude", "Name", "Phone", "PostalCode", "State", "Street", "WebsiteUrl")
VALUES (@p0, @p1, @p2, @p3, @p4, @p5, @p6, @p7, @p8, @p9, @p10, @p11, @p12);
2026-09-05 14:34:22.046 +05:30 [INF] Executed DbCommand (0ms) [Parameters=[@p0='?' (Size = 36), @p1='?' (Size = 5), @p2='?' (Size = 11), @p3='?' (Size = 13), @p4='?' (DbType = DateTimeOffset), @p5='?' (DbType = Double), @p6='?' (DbType = Double), @p7='?' (Size = 10), @p8='?' (Size = 14), @p9='?' (Size = 10), @p10='?' (Size = 9), @p11='?' (Size = 28), @p12='?' (Size = 24)], CommandType='"Text"', CommandTimeout='30']
INSERT INTO "Breweries" ("Id", "BreweryType", "City", "Country", "LastRefreshedUtc", "Latitude", "Longitude", "Name", "Phone", "PostalCode", "State", "Street", "WebsiteUrl")
VALUES (@p0, @p1, @p2, @p3, @p4, @p5, @p6, @p7, @p8, @p9, @p10, @p11, @p12);
2026-09-05 14:34:22.047 +05:30 [INF] Executed DbCommand (0ms) [Parameters=[@p0='?' (Size = 36), @p1='?' (Size = 5), @p2='?' (Size = 6), @p3='?' (Size = 13), @p4='?' (DbType = DateTimeOffset), @p5='?' (DbType = Double), @p6='?' (DbType = Double), @p7='?' (Size = 21), @p8='?' (Size = 14), @p9='?' (Size = 10), @p10='?' (Size = 7), @p11='?' (Size = 32), @p12='?' (Size = 27)], CommandType='"Text"', CommandTimeout='30']
INSERT INTO "Breweries" ("Id", "BreweryType", "City", "Country", "LastRefreshedUtc", "Latitude", "Longitude", "Name", "Phone", "PostalCode", "State", "Street", "WebsiteUrl")
VALUES (@p0, @p1, @p2, @p3, @p4, @p5, @p6, @p7, @p8, @p9, @p10, @p11, @p12);
2026-09-05 14:34:22.047 +05:30 [INF] Executed DbCommand (0ms) [Parameters=[@p0='?' (Size = 36), @p1='?' (Size = 5), @p2='?' (Size = 7), @p3='?' (Size = 11), @p4='?' (DbType = DateTimeOffset), @p5='?' (DbType = Double), @p6='?' (DbType = Double), @p7='?' (Size = 9), @p8='?' (Size = 15), @p9='?' (Size = 4), @p10='?' (Size = 17), @p11='?' (Size = 19), @p12='?' (Size = 27)], CommandType='"Text"', CommandTimeout='30']
INSERT INTO "Breweries" ("Id", "BreweryType", "City", "Country", "LastRefreshedUtc", "Latitude", "Longitude", "Name", "Phone", "PostalCode", "State", "Street", "WebsiteUrl")
VALUES (@p0, @p1, @p2, @p3, @p4, @p5, @p6, @p7, @p8, @p9, @p10, @p11, @p12);
2026-09-05 14:34:22.047 +05:30 [INF] Executed DbCommand (0ms) [Parameters=[@p0='?' (Size = 36), @p1='?' (Size = 5), @p2='?' (Size = 9), @p3='?' (Size = 11), @p4='?' (DbType = DateTimeOffset), @p5='?' (DbType = Double), @p6='?' (DbType = Double), @p7='?' (Size = 8), @p8='?' (Size = 16), @p9='?' (Size = 7), @p10='?' (Size = 9), @p11='?' (Size = 23), @p12='?' (Size = 19)], CommandType='"Text"', CommandTimeout='30']
INSERT INTO "Breweries" ("Id", "BreweryType", "City", "Country", "LastRefreshedUtc", "Latitude", "Longitude", "Name", "Phone", "PostalCode", "State", "Street", "WebsiteUrl")
VALUES (@p0, @p1, @p2, @p3, @p4, @p5, @p6, @p7, @p8, @p9, @p10, @p11, @p12);
2026-09-05 14:34:22.048 +05:30 [INF] Executed DbCommand (0ms) [Parameters=[@p0='?' (Size = 36), @p1='?' (Size = 8), @p2='?' (Size = 15), @p3='?' (Size = 13), @p4='?' (DbType = DateTimeOffset), @p5='?' (DbType = Double), @p6='?' (DbType = Double), @p7='?' (Size = 21), @p8='?', @p9='?' (Size = 10), @p10='?' (Size = 5), @p11='?', @p12='?'], CommandType='"Text"', CommandTimeout='30']
INSERT INTO "Breweries" ("Id", "BreweryType", "City", "Country", "LastRefreshedUtc", "Latitude", "Longitude", "Name", "Phone", "PostalCode", "State", "Street", "WebsiteUrl")
VALUES (@p0, @p1, @p2, @p3, @p4, @p5, @p6, @p7, @p8, @p9, @p10, @p11, @p12);
2026-09-05 14:34:22.048 +05:30 [INF] Executed DbCommand (0ms) [Parameters=[@p0='?' (Size = 36), @p1='?' (Size = 7), @p2='?' (Size = 11), @p3='?' (Size = 13), @p4='?' (DbType = DateTimeOffset), @p5='?' (DbType = Double), @p6='?' (DbType = Double), @p7='?' (Size = 39), @p8='?' (Size = 14), @p9='?' (Size = 10), @p10='?' (Size = 10), @p11='?' (Size = 22), @p12='?' (Size = 30)], CommandType='"Text"', CommandTimeout='30']
INSERT INTO "Breweries" ("Id", "BreweryType", "City", "Country", "LastRefreshedUtc", "Latitude", "Longitude", "Name", "Phone", "PostalCode", "State", "Street", "WebsiteUrl")
VALUES (@p0, @p1, @p2, @p3, @p4, @p5, @p6, @p7, @p8, @p9, @p10, @p11, @p12);
2026-09-05 14:34:22.049 +05:30 [INF] Executed DbCommand (0ms) [Parameters=[@p0='?' (Size = 36), @p1='?' (Size = 6), @p2='?' (Size = 7), @p3='?' (Size = 13), @p4='?' (DbType = DateTimeOffset), @p5='?' (DbType = Double), @p6='?' (DbType = Double), @p7='?' (Size = 24), @p8='?' (Size = 14), @p9='?' (Size = 10), @p10='?' (Size = 10), @p11='?' (Size = 15), @p12='?' (Size = 31)], CommandType='"Text"', CommandTimeout='30']
INSERT INTO "Breweries" ("Id", "BreweryType", "City", "Country", "LastRefreshedUtc", "Latitude", "Longitude", "Name", "Phone", "PostalCode", "State", "Street", "WebsiteUrl")
VALUES (@p0, @p1, @p2, @p3, @p4, @p5, @p6, @p7, @p8, @p9, @p10, @p11, @p12);
2026-09-05 14:34:22.050 +05:30 [INF] Executed DbCommand (0ms) [Parameters=[@p0='?' (Size = 36), @p1='?' (Size = 5), @p2='?' (Size = 16), @p3='?' (Size = 9), @p4='?' (DbType = DateTimeOffset), @p5='?' (DbType = Double), @p6='?' (DbType = Double), @p7='?' (Size = 14), @p8='?' (Size = 15), @p9='?' (Size = 4), @p10='?' (Size = 3), @p11='?' (Size = 14), @p12='?' (Size = 94)], CommandType='"Text"', CommandTimeout='30']
INSERT INTO "Breweries" ("Id", "BreweryType", "City", "Country", "LastRefreshedUtc", "Latitude", "Longitude", "Name", "Phone", "PostalCode", "State", "Street", "WebsiteUrl")
VALUES (@p0, @p1, @p2, @p3, @p4, @p5, @p6, @p7, @p8, @p9, @p10, @p11, @p12);
2026-09-05 14:34:22.050 +05:30 [INF] Executed DbCommand (0ms) [Parameters=[@p0='?' (Size = 36), @p1='?' (Size = 8), @p2='?' (Size = 5), @p3='?' (Size = 13), @p4='?' (DbType = DateTimeOffset), @p5='?' (DbType = Double), @p6='?' (DbType = Double), @p7='?' (Size = 19), @p8='?' (Size = 11), @p9='?' (Size = 10), @p10='?' (Size = 7), @p11='?', @p12='?'], CommandType='"Text"', CommandTimeout='30']
INSERT INTO "Breweries" ("Id", "BreweryType", "City", "Country", "LastRefreshedUtc", "Latitude", "Longitude", "Name", "Phone", "PostalCode", "State", "Street", "WebsiteUrl")
VALUES (@p0, @p1, @p2, @p3, @p4, @p5, @p6, @p7, @p8, @p9, @p10, @p11, @p12);
2026-09-05 14:34:22.051 +05:30 [INF] Executed DbCommand (0ms) [Parameters=[@p0='?' (Size = 36), @p1='?' (Size = 5), @p2='?' (Size = 6), @p3='?' (Size = 7), @p4='?' (DbType = DateTimeOffset), @p5='?' (DbType = Double), @p6='?' (DbType = Double), @p7='?' (Size = 4), @p8='?' (Size = 14), @p9='?' (Size = 4), @p10='?' (Size = 10), @p11='?' (Size = 15), @p12='?' (Size = 29)], CommandType='"Text"', CommandTimeout='30']
INSERT INTO "Breweries" ("Id", "BreweryType", "City", "Country", "LastRefreshedUtc", "Latitude", "Longitude", "Name", "Phone", "PostalCode", "State", "Street", "WebsiteUrl")
VALUES (@p0, @p1, @p2, @p3, @p4, @p5, @p6, @p7, @p8, @p9, @p10, @p11, @p12);
2026-09-05 14:34:22.052 +05:30 [INF] Executed DbCommand (0ms) [Parameters=[@p0='?' (Size = 36), @p1='?' (Size = 3), @p2='?' (Size = 9), @p3='?' (Size = 9), @p4='?' (DbType = DateTimeOffset), @p5='?' (DbType = Double), @p6='?' (DbType = Double), @p7='?' (Size = 23), @p8='?' (Size = 14), @p9='?' (Size = 6), @p10='?' (Size = 9), @p11='?' (Size = 23), @p12='?' (Size = 34)], CommandType='"Text"', CommandTimeout='30']
INSERT INTO "Breweries" ("Id", "BreweryType", "City", "Country", "LastRefreshedUtc", "Latitude", "Longitude", "Name", "Phone", "PostalCode", "State", "Street", "WebsiteUrl")
VALUES (@p0, @p1, @p2, @p3, @p4, @p5, @p6, @p7, @p8, @p9, @p10, @p11, @p12);
2026-09-05 14:34:22.052 +05:30 [INF] Executed DbCommand (0ms) [Parameters=[@p0='?' (Size = 36), @p1='?' (Size = 7), @p2='?' (Size = 28), @p3='?' (Size = 7), @p4='?' (DbType = DateTimeOffset), @p5='?' (DbType = Double), @p6='?' (DbType = Double), @p7='?' (Size = 9), @p8='?' (Size = 12), @p9='?' (Size = 5), @p10='?' (Size = 6), @p11='?' (Size = 12), @p12='?'], CommandType='"Text"', CommandTimeout='30']
INSERT INTO "Breweries" ("Id", "BreweryType", "City", "Country", "LastRefreshedUtc", "Latitude", "Longitude", "Name", "Phone", "PostalCode", "State", "Street", "WebsiteUrl")
VALUES (@p0, @p1, @p2, @p3, @p4, @p5, @p6, @p7, @p8, @p9, @p10, @p11, @p12);
2026-09-05 14:34:22.053 +05:30 [INF] Executed DbCommand (0ms) [Parameters=[@p0='?' (Size = 36), @p1='?' (Size = 7), @p2='?' (Size = 10), @p3='?' (Size = 13), @p4='?' (DbType = DateTimeOffset), @p5='?' (DbType = Double), @p6='?' (DbType = Double), @p7='?' (Size = 14), @p8='?' (Size = 14), @p9='?' (Size = 5), @p10='?' (Size = 7), @p11='?' (Size = 20), @p12='?' (Size = 21)], CommandType='"Text"', CommandTimeout='30']
INSERT INTO "Breweries" ("Id", "BreweryType", "City", "Country", "LastRefreshedUtc", "Latitude", "Longitude", "Name", "Phone", "PostalCode", "State", "Street", "WebsiteUrl")
VALUES (@p0, @p1, @p2, @p3, @p4, @p5, @p6, @p7, @p8, @p9, @p10, @p11, @p12);
2026-09-05 14:34:22.054 +05:30 [INF] Executed DbCommand (0ms) [Parameters=[@p0='?' (Size = 36), @p1='?' (Size = 7), @p2='?' (Size = 8), @p3='?' (Size = 13), @p4='?' (DbType = DateTimeOffset), @p5='?' (DbType = Double), @p6='?' (DbType = Double), @p7='?' (Size = 14), @p8='?' (Size = 14), @p9='?' (Size = 10), @p10='?' (Size = 8), @p11='?' (Size = 13), @p12='?' (Size = 28)], CommandType='"Text"', CommandTimeout='30']
INSERT INTO "Breweries" ("Id", "BreweryType", "City", "Country", "LastRefreshedUtc", "Latitude", "Longitude", "Name", "Phone", "PostalCode", "State", "Street", "WebsiteUrl")
VALUES (@p0, @p1, @p2, @p3, @p4, @p5, @p6, @p7, @p8, @p9, @p10, @p11, @p12);
2026-09-05 14:34:22.054 +05:30 [INF] Executed DbCommand (0ms) [Parameters=[@p0='?' (Size = 36), @p1='?' (Size = 5), @p2='?' (Size = 4), @p3='?' (Size = 13), @p4='?' (DbType = DateTimeOffset), @p5='?' (DbType = Double), @p6='?' (DbType = Double), @p7='?' (Size = 19), @p8='?', @p9='?' (Size = 10), @p10='?' (Size = 7), @p11='?' (Size = 15), @p12='?' (Size = 32)], CommandType='"Text"', CommandTimeout='30']
INSERT INTO "Breweries" ("Id", "BreweryType", "City", "Country", "LastRefreshedUtc", "Latitude", "Longitude", "Name", "Phone", "PostalCode", "State", "Street", "WebsiteUrl")
VALUES (@p0, @p1, @p2, @p3, @p4, @p5, @p6, @p7, @p8, @p9, @p10, @p11, @p12);
2026-09-05 14:34:22.055 +05:30 [INF] Executed DbCommand (0ms) [Parameters=[@p0='?' (Size = 36), @p1='?' (Size = 8), @p2='?' (Size = 9), @p3='?' (Size = 13), @p4='?' (DbType = DateTimeOffset), @p5='?' (DbType = Double), @p6='?' (DbType = Double), @p7='?' (Size = 25), @p8='?' (Size = 14), @p9='?' (Size = 10), @p10='?' (Size = 8), @p11='?' (Size = 22), @p12='?'], CommandType='"Text"', CommandTimeout='30']
INSERT INTO "Breweries" ("Id", "BreweryType", "City", "Country", "LastRefreshedUtc", "Latitude", "Longitude", "Name", "Phone", "PostalCode", "State", "Street", "WebsiteUrl")
VALUES (@p0, @p1, @p2, @p3, @p4, @p5, @p6, @p7, @p8, @p9, @p10, @p11, @p12);
2026-09-05 14:34:22.056 +05:30 [INF] Executed DbCommand (0ms) [Parameters=[@p0='?' (Size = 36), @p1='?' (Size = 7), @p2='?' (Size = 6), @p3='?' (Size = 13), @p4='?' (DbType = DateTimeOffset), @p5='?' (DbType = Double), @p6='?' (DbType = Double), @p7='?' (Size = 15), @p8='?' (Size = 14), @p9='?' (Size = 10), @p10='?' (Size = 10), @p11='?' (Size = 17), @p12='?' (Size = 29)], CommandType='"Text"', CommandTimeout='30']
INSERT INTO "Breweries" ("Id", "BreweryType", "City", "Country", "LastRefreshedUtc", "Latitude", "Longitude", "Name", "Phone", "PostalCode", "State", "Street", "WebsiteUrl")
VALUES (@p0, @p1, @p2, @p3, @p4, @p5, @p6, @p7, @p8, @p9, @p10, @p11, @p12);
2026-09-05 14:34:22.057 +05:30 [INF] Executed DbCommand (0ms) [Parameters=[@p0='?' (Size = 36), @p1='?' (Size = 7), @p2='?' (Size = 9), @p3='?' (Size = 13), @p4='?' (DbType = DateTimeOffset), @p5='?' (DbType = Double), @p6='?' (DbType = Double), @p7='?' (Size = 20), @p8='?' (Size = 14), @p9='?' (Size = 10), @p10='?' (Size = 14), @p11='?' (Size = 11), @p12='?' (Size = 29)], CommandType='"Text"', CommandTimeout='30']
INSERT INTO "Breweries" ("Id", "BreweryType", "City", "Country", "LastRefreshedUtc", "Latitude", "Longitude", "Name", "Phone", "PostalCode", "State", "Street", "WebsiteUrl")
VALUES (@p0, @p1, @p2, @p3, @p4, @p5, @p6, @p7, @p8, @p9, @p10, @p11, @p12);
2026-09-05 14:34:22.057 +05:30 [INF] Executed DbCommand (0ms) [Parameters=[@p0='?' (Size = 36), @p1='?' (Size = 7), @p2='?' (Size = 10), @p3='?' (Size = 13), @p4='?' (DbType = DateTimeOffset), @p5='?' (DbType = Double), @p6='?' (DbType = Double), @p7='?' (Size = 22), @p8='?' (Size = 14), @p9='?' (Size = 10), @p10='?' (Size = 12), @p11='?' (Size = 18), @p12='?' (Size = 35)], CommandType='"Text"', CommandTimeout='30']
INSERT INTO "Breweries" ("Id", "BreweryType", "City", "Country", "LastRefreshedUtc", "Latitude", "Longitude", "Name", "Phone", "PostalCode", "State", "Street", "WebsiteUrl")
VALUES (@p0, @p1, @p2, @p3, @p4, @p5, @p6, @p7, @p8, @p9, @p10, @p11, @p12);
2026-09-05 14:34:22.058 +05:30 [INF] Executed DbCommand (0ms) [Parameters=[@p0='?' (Size = 36), @p1='?' (Size = 7), @p2='?' (Size = 12), @p3='?' (Size = 13), @p4='?' (DbType = DateTimeOffset), @p5='?' (DbType = Double), @p6='?' (DbType = Double), @p7='?' (Size = 24), @p8='?' (Size = 14), @p9='?' (Size = 10), @p10='?' (Size = 8), @p11='?' (Size = 14), @p12='?' (Size = 34)], CommandType='"Text"', CommandTimeout='30']
INSERT INTO "Breweries" ("Id", "BreweryType", "City", "Country", "LastRefreshedUtc", "Latitude", "Longitude", "Name", "Phone", "PostalCode", "State", "Street", "WebsiteUrl")
VALUES (@p0, @p1, @p2, @p3, @p4, @p5, @p6, @p7, @p8, @p9, @p10, @p11, @p12);
2026-09-05 14:34:22.059 +05:30 [INF] Executed DbCommand (0ms) [Parameters=[@p0='?' (Size = 36), @p1='?' (Size = 6), @p2='?' (Size = 10), @p3='?' (Size = 13), @p4='?' (DbType = DateTimeOffset), @p5='?' (DbType = Double), @p6='?' (DbType = Double), @p7='?' (Size = 21), @p8='?' (Size = 14), @p9='?' (Size = 10), @p10='?' (Size = 8), @p11='?' (Size = 16), @p12='?' (Size = 28)], CommandType='"Text"', CommandTimeout='30']
INSERT INTO "Breweries" ("Id", "BreweryType", "City", "Country", "LastRefreshedUtc", "Latitude", "Longitude", "Name", "Phone", "PostalCode", "State", "Street", "WebsiteUrl")
VALUES (@p0, @p1, @p2, @p3, @p4, @p5, @p6, @p7, @p8, @p9, @p10, @p11, @p12);
2026-09-05 14:34:22.059 +05:30 [INF] Executed DbCommand (0ms) [Parameters=[@p0='?' (Size = 36), @p1='?' (Size = 5), @p2='?' (Size = 10), @p3='?' (Size = 13), @p4='?' (DbType = DateTimeOffset), @p5='?' (DbType = Double), @p6='?' (DbType = Double), @p7='?' (Size = 21), @p8='?' (Size = 14), @p9='?' (Size = 10), @p10='?' (Size = 8), @p11='?' (Size = 17), @p12='?' (Size = 34)], CommandType='"Text"', CommandTimeout='30']
INSERT INTO "Breweries" ("Id", "BreweryType", "City", "Country", "LastRefreshedUtc", "Latitude", "Longitude", "Name", "Phone", "PostalCode", "State", "Street", "WebsiteUrl")
VALUES (@p0, @p1, @p2, @p3, @p4, @p5, @p6, @p7, @p8, @p9, @p10, @p11, @p12);
2026-09-05 14:34:22.060 +05:30 [INF] Executed DbCommand (0ms) [Parameters=[@p0='?' (Size = 36), @p1='?' (Size = 8), @p2='?' (Size = 4), @p3='?' (Size = 13), @p4='?' (DbType = DateTimeOffset), @p5='?' (DbType = Double), @p6='?' (DbType = Double), @p7='?' (Size = 17), @p8='?' (Size = 14), @p9='?' (Size = 10), @p10='?' (Size = 6), @p11='?' (Size = 27), @p12='?' (Size = 22)], CommandType='"Text"', CommandTimeout='30']
INSERT INTO "Breweries" ("Id", "BreweryType", "City", "Country", "LastRefreshedUtc", "Latitude", "Longitude", "Name", "Phone", "PostalCode", "State", "Street", "WebsiteUrl")
VALUES (@p0, @p1, @p2, @p3, @p4, @p5, @p6, @p7, @p8, @p9, @p10, @p11, @p12);
2026-09-05 14:34:22.061 +05:30 [INF] Executed DbCommand (0ms) [Parameters=[@p0='?' (Size = 36), @p1='?' (Size = 7), @p2='?' (Size = 14), @p3='?' (Size = 13), @p4='?' (DbType = DateTimeOffset), @p5='?' (DbType = Double), @p6='?' (DbType = Double), @p7='?' (Size = 17), @p8='?' (Size = 14), @p9='?' (Size = 5), @p10='?' (Size = 7), @p11='?' (Size = 25), @p12='?' (Size = 31)], CommandType='"Text"', CommandTimeout='30']
INSERT INTO "Breweries" ("Id", "BreweryType", "City", "Country", "LastRefreshedUtc", "Latitude", "Longitude", "Name", "Phone", "PostalCode", "State", "Street", "WebsiteUrl")
VALUES (@p0, @p1, @p2, @p3, @p4, @p5, @p6, @p7, @p8, @p9, @p10, @p11, @p12);
2026-09-05 14:34:22.061 +05:30 [INF] Executed DbCommand (0ms) [Parameters=[@p0='?' (Size = 36), @p1='?' (Size = 7), @p2='?' (Size = 12), @p3='?' (Size = 13), @p4='?' (DbType = DateTimeOffset), @p5='?' (DbType = Double), @p6='?' (DbType = Double), @p7='?' (Size = 25), @p8='?' (Size = 14), @p9='?' (Size = 10), @p10='?' (Size = 8), @p11='?' (Size = 15), @p12='?' (Size = 27)], CommandType='"Text"', CommandTimeout='30']
INSERT INTO "Breweries" ("Id", "BreweryType", "City", "Country", "LastRefreshedUtc", "Latitude", "Longitude", "Name", "Phone", "PostalCode", "State", "Street", "WebsiteUrl")
VALUES (@p0, @p1, @p2, @p3, @p4, @p5, @p6, @p7, @p8, @p9, @p10, @p11, @p12);
2026-09-05 14:34:22.061 +05:30 [INF] Executed DbCommand (0ms) [Parameters=[@p0='?' (Size = 36), @p1='?' (Size = 7), @p2='?' (Size = 7), @p3='?' (Size = 13), @p4='?' (DbType = DateTimeOffset), @p5='?' (DbType = Double), @p6='?' (DbType = Double), @p7='?' (Size = 30), @p8='?' (Size = 14), @p9='?' (Size = 10), @p10='?' (Size = 7), @p11='?' (Size = 12), @p12='?' (Size = 32)], CommandType='"Text"', CommandTimeout='30']
INSERT INTO "Breweries" ("Id", "BreweryType", "City", "Country", "LastRefreshedUtc", "Latitude", "Longitude", "Name", "Phone", "PostalCode", "State", "Street", "WebsiteUrl")
VALUES (@p0, @p1, @p2, @p3, @p4, @p5, @p6, @p7, @p8, @p9, @p10, @p11, @p12);
2026-09-05 14:34:22.062 +05:30 [INF] Executed DbCommand (0ms) [Parameters=[@p0='?' (Size = 36), @p1='?' (Size = 5), @p2='?' (Size = 11), @p3='?' (Size = 13), @p4='?' (DbType = DateTimeOffset), @p5='?' (DbType = Double), @p6='?' (DbType = Double), @p7='?' (Size = 22), @p8='?' (Size = 14), @p9='?' (Size = 10), @p10='?' (Size = 8), @p11='?' (Size = 24), @p12='?' (Size = 33)], CommandType='"Text"', CommandTimeout='30']
INSERT INTO "Breweries" ("Id", "BreweryType", "City", "Country", "LastRefreshedUtc", "Latitude", "Longitude", "Name", "Phone", "PostalCode", "State", "Street", "WebsiteUrl")
VALUES (@p0, @p1, @p2, @p3, @p4, @p5, @p6, @p7, @p8, @p9, @p10, @p11, @p12);
2026-09-05 14:34:22.062 +05:30 [INF] Executed DbCommand (0ms) [Parameters=[@p0='?' (Size = 36), @p1='?' (Size = 7), @p2='?' (Size = 16), @p3='?' (Size = 7), @p4='?' (DbType = DateTimeOffset), @p5='?' (DbType = Double), @p6='?' (DbType = Double), @p7='?' (Size = 18), @p8='?' (Size = 14), @p9='?' (Size = 5), @p10='?' (Size = 6), @p11='?' (Size = 13), @p12='?' (Size = 26)], CommandType='"Text"', CommandTimeout='30']
INSERT INTO "Breweries" ("Id", "BreweryType", "City", "Country", "LastRefreshedUtc", "Latitude", "Longitude", "Name", "Phone", "PostalCode", "State", "Street", "WebsiteUrl")
VALUES (@p0, @p1, @p2, @p3, @p4, @p5, @p6, @p7, @p8, @p9, @p10, @p11, @p12);
2026-09-05 14:34:22.063 +05:30 [INF] Executed DbCommand (0ms) [Parameters=[@p0='?' (Size = 36), @p1='?' (Size = 5), @p2='?' (Size = 9), @p3='?' (Size = 13), @p4='?' (DbType = DateTimeOffset), @p5='?' (DbType = Double), @p6='?' (DbType = Double), @p7='?' (Size = 16), @p8='?' (Size = 14), @p9='?' (Size = 5), @p10='?' (Size = 9), @p11='?', @p12='?'], CommandType='"Text"', CommandTimeout='30']
INSERT INTO "Breweries" ("Id", "BreweryType", "City", "Country", "LastRefreshedUtc", "Latitude", "Longitude", "Name", "Phone", "PostalCode", "State", "Street", "WebsiteUrl")
VALUES (@p0, @p1, @p2, @p3, @p4, @p5, @p6, @p7, @p8, @p9, @p10, @p11, @p12);
2026-09-05 14:34:22.064 +05:30 [INF] Executed DbCommand (0ms) [Parameters=[@p0='?' (Size = 36), @p1='?' (Size = 5), @p2='?' (Size = 8), @p3='?' (Size = 13), @p4='?' (DbType = DateTimeOffset), @p5='?' (DbType = Double), @p6='?' (DbType = Double), @p7='?' (Size = 18), @p8='?' (Size = 14), @p9='?' (Size = 10), @p10='?' (Size = 6), @p11='?' (Size = 16), @p12='?'], CommandType='"Text"', CommandTimeout='30']
INSERT INTO "Breweries" ("Id", "BreweryType", "City", "Country", "LastRefreshedUtc", "Latitude", "Longitude", "Name", "Phone", "PostalCode", "State", "Street", "WebsiteUrl")
VALUES (@p0, @p1, @p2, @p3, @p4, @p5, @p6, @p7, @p8, @p9, @p10, @p11, @p12);
2026-09-05 14:34:22.064 +05:30 [INF] Executed DbCommand (0ms) [Parameters=[@p0='?' (Size = 36), @p1='?' (Size = 8), @p2='?' (Size = 6), @p3='?' (Size = 13), @p4='?' (DbType = DateTimeOffset), @p5='?' (DbType = Double), @p6='?' (DbType = Double), @p7='?' (Size = 17), @p8='?' (Size = 14), @p9='?' (Size = 10), @p10='?' (Size = 10), @p11='?', @p12='?'], CommandType='"Text"', CommandTimeout='30']
INSERT INTO "Breweries" ("Id", "BreweryType", "City", "Country", "LastRefreshedUtc", "Latitude", "Longitude", "Name", "Phone", "PostalCode", "State", "Street", "WebsiteUrl")
VALUES (@p0, @p1, @p2, @p3, @p4, @p5, @p6, @p7, @p8, @p9, @p10, @p11, @p12);
2026-09-05 14:34:22.065 +05:30 [INF] Executed DbCommand (0ms) [Parameters=[@p0='?' (Size = 36), @p1='?' (Size = 5), @p2='?' (Size = 6), @p3='?' (Size = 13), @p4='?' (DbType = DateTimeOffset), @p5='?' (DbType = Double), @p6='?' (DbType = Double), @p7='?' (Size = 19), @p8='?' (Size = 14), @p9='?' (Size = 5), @p10='?' (Size = 9), @p11='?' (Size = 13), @p12='?' (Size = 36)], CommandType='"Text"', CommandTimeout='30']
INSERT INTO "Breweries" ("Id", "BreweryType", "City", "Country", "LastRefreshedUtc", "Latitude", "Longitude", "Name", "Phone", "PostalCode", "State", "Street", "WebsiteUrl")
VALUES (@p0, @p1, @p2, @p3, @p4, @p5, @p6, @p7, @p8, @p9, @p10, @p11, @p12);
2026-09-05 14:34:22.065 +05:30 [INF] Executed DbCommand (0ms) [Parameters=[@p0='?' (Size = 36), @p1='?' (Size = 5), @p2='?' (Size = 7), @p3='?' (Size = 9), @p4='?' (DbType = DateTimeOffset), @p5='?' (DbType = Double), @p6='?' (DbType = Double), @p7='?' (Size = 12), @p8='?' (Size = 15), @p9='?' (Size = 4), @p10='?' (Size = 3), @p11='?' (Size = 20), @p12='?' (Size = 17)], CommandType='"Text"', CommandTimeout='30']
INSERT INTO "Breweries" ("Id", "BreweryType", "City", "Country", "LastRefreshedUtc", "Latitude", "Longitude", "Name", "Phone", "PostalCode", "State", "Street", "WebsiteUrl")
VALUES (@p0, @p1, @p2, @p3, @p4, @p5, @p6, @p7, @p8, @p9, @p10, @p11, @p12);
2026-09-05 14:34:22.066 +05:30 [INF] Executed DbCommand (0ms) [Parameters=[@p0='?' (Size = 36), @p1='?' (Size = 7), @p2='?' (Size = 4), @p3='?' (Size = 13), @p4='?' (DbType = DateTimeOffset), @p5='?' (DbType = Double), @p6='?' (DbType = Double), @p7='?' (Size = 20), @p8='?' (Size = 14), @p9='?' (Size = 5), @p10='?' (Size = 5), @p11='?' (Size = 12), @p12='?' (Size = 26)], CommandType='"Text"', CommandTimeout='30']
INSERT INTO "Breweries" ("Id", "BreweryType", "City", "Country", "LastRefreshedUtc", "Latitude", "Longitude", "Name", "Phone", "PostalCode", "State", "Street", "WebsiteUrl")
VALUES (@p0, @p1, @p2, @p3, @p4, @p5, @p6, @p7, @p8, @p9, @p10, @p11, @p12);
2026-09-05 14:34:22.067 +05:30 [INF] Executed DbCommand (0ms) [Parameters=[@p0='?' (Size = 36), @p1='?' (Size = 8), @p2='?' (Size = 6), @p3='?' (Size = 13), @p4='?' (DbType = DateTimeOffset), @p5='?' (DbType = Double), @p6='?' (DbType = Double), @p7='?' (Size = 22), @p8='?' (Size = 14), @p9='?' (Size = 5), @p10='?' (Size = 7), @p11='?', @p12='?'], CommandType='"Text"', CommandTimeout='30']
INSERT INTO "Breweries" ("Id", "BreweryType", "City", "Country", "LastRefreshedUtc", "Latitude", "Longitude", "Name", "Phone", "PostalCode", "State", "Street", "WebsiteUrl")
VALUES (@p0, @p1, @p2, @p3, @p4, @p5, @p6, @p7, @p8, @p9, @p10, @p11, @p12);
2026-09-05 14:34:22.067 +05:30 [INF] Executed DbCommand (0ms) [Parameters=[@p0='?' (Size = 36), @p1='?' (Size = 6), @p2='?' (Size = 10), @p3='?' (Size = 13), @p4='?' (DbType = DateTimeOffset), @p5='?' (DbType = Double), @p6='?' (DbType = Double), @p7='?' (Size = 11), @p8='?' (Size = 14), @p9='?' (Size = 10), @p10='?' (Size = 13), @p11='?' (Size = 26), @p12='?'], CommandType='"Text"', CommandTimeout='30']
INSERT INTO "Breweries" ("Id", "BreweryType", "City", "Country", "LastRefreshedUtc", "Latitude", "Longitude", "Name", "Phone", "PostalCode", "State", "Street", "WebsiteUrl")
VALUES (@p0, @p1, @p2, @p3, @p4, @p5, @p6, @p7, @p8, @p9, @p10, @p11, @p12);
2026-09-05 14:34:22.068 +05:30 [INF] Executed DbCommand (0ms) [Parameters=[@p0='?' (Size = 36), @p1='?' (Size = 5), @p2='?' (Size = 4), @p3='?' (Size = 13), @p4='?' (DbType = DateTimeOffset), @p5='?' (DbType = Double), @p6='?' (DbType = Double), @p7='?' (Size = 16), @p8='?' (Size = 14), @p9='?' (Size = 10), @p10='?' (Size = 10), @p11='?' (Size = 20), @p12='?' (Size = 33)], CommandType='"Text"', CommandTimeout='30']
INSERT INTO "Breweries" ("Id", "BreweryType", "City", "Country", "LastRefreshedUtc", "Latitude", "Longitude", "Name", "Phone", "PostalCode", "State", "Street", "WebsiteUrl")
VALUES (@p0, @p1, @p2, @p3, @p4, @p5, @p6, @p7, @p8, @p9, @p10, @p11, @p12);
2026-09-05 14:34:22.069 +05:30 [INF] Executed DbCommand (0ms) [Parameters=[@p0='?' (Size = 36), @p1='?' (Size = 7), @p2='?' (Size = 7), @p3='?' (Size = 13), @p4='?' (DbType = DateTimeOffset), @p5='?' (DbType = Double), @p6='?' (DbType = Double), @p7='?' (Size = 31), @p8='?' (Size = 14), @p9='?' (Size = 10), @p10='?' (Size = 7), @p11='?' (Size = 27), @p12='?' (Size = 30)], CommandType='"Text"', CommandTimeout='30']
INSERT INTO "Breweries" ("Id", "BreweryType", "City", "Country", "LastRefreshedUtc", "Latitude", "Longitude", "Name", "Phone", "PostalCode", "State", "Street", "WebsiteUrl")
VALUES (@p0, @p1, @p2, @p3, @p4, @p5, @p6, @p7, @p8, @p9, @p10, @p11, @p12);
2026-09-05 14:34:22.071 +05:30 [INF] Executed DbCommand (0ms) [Parameters=[@p0='?' (Size = 36), @p1='?' (Size = 5), @p2='?' (Size = 13), @p3='?' (Size = 13), @p4='?' (DbType = DateTimeOffset), @p5='?' (DbType = Double), @p6='?' (DbType = Double), @p7='?' (Size = 34), @p8='?' (Size = 14), @p9='?' (Size = 10), @p10='?' (Size = 8), @p11='?' (Size = 15), @p12='?'], CommandType='"Text"', CommandTimeout='30']
INSERT INTO "Breweries" ("Id", "BreweryType", "City", "Country", "LastRefreshedUtc", "Latitude", "Longitude", "Name", "Phone", "PostalCode", "State", "Street", "WebsiteUrl")
VALUES (@p0, @p1, @p2, @p3, @p4, @p5, @p6, @p7, @p8, @p9, @p10, @p11, @p12);
2026-09-05 14:34:22.072 +05:30 [INF] Executed DbCommand (0ms) [Parameters=[@p0='?' (Size = 36), @p1='?' (Size = 5), @p2='?' (Size = 10), @p3='?' (Size = 13), @p4='?' (DbType = DateTimeOffset), @p5='?' (DbType = Double), @p6='?' (DbType = Double), @p7='?' (Size = 19), @p8='?' (Size = 14), @p9='?' (Size = 10), @p10='?' (Size = 7), @p11='?' (Size = 13), @p12='?' (Size = 30)], CommandType='"Text"', CommandTimeout='30']
INSERT INTO "Breweries" ("Id", "BreweryType", "City", "Country", "LastRefreshedUtc", "Latitude", "Longitude", "Name", "Phone", "PostalCode", "State", "Street", "WebsiteUrl")
VALUES (@p0, @p1, @p2, @p3, @p4, @p5, @p6, @p7, @p8, @p9, @p10, @p11, @p12);
2026-09-05 14:34:22.073 +05:30 [INF] Executed DbCommand (0ms) [Parameters=[@p0='?' (Size = 36), @p1='?' (Size = 5), @p2='?' (Size = 7), @p3='?' (Size = 13), @p4='?' (DbType = DateTimeOffset), @p5='?' (DbType = Double), @p6='?' (DbType = Double), @p7='?' (Size = 22), @p8='?' (Size = 14), @p9='?' (Size = 10), @p10='?' (Size = 13), @p11='?' (Size = 16), @p12='?' (Size = 27)], CommandType='"Text"', CommandTimeout='30']
INSERT INTO "Breweries" ("Id", "BreweryType", "City", "Country", "LastRefreshedUtc", "Latitude", "Longitude", "Name", "Phone", "PostalCode", "State", "Street", "WebsiteUrl")
VALUES (@p0, @p1, @p2, @p3, @p4, @p5, @p6, @p7, @p8, @p9, @p10, @p11, @p12);
2026-09-05 14:34:22.074 +05:30 [INF] Executed DbCommand (0ms) [Parameters=[@p0='?' (Size = 36), @p1='?' (Size = 6), @p2='?' (Size = 7), @p3='?' (Size = 13), @p4='?' (DbType = DateTimeOffset), @p5='?' (DbType = Double), @p6='?' (DbType = Double), @p7='?' (Size = 22), @p8='?' (Size = 14), @p9='?' (Size = 10), @p10='?' (Size = 10), @p11='?' (Size = 18), @p12='?' (Size = 33)], CommandType='"Text"', CommandTimeout='30']
INSERT INTO "Breweries" ("Id", "BreweryType", "City", "Country", "LastRefreshedUtc", "Latitude", "Longitude", "Name", "Phone", "PostalCode", "State", "Street", "WebsiteUrl")
VALUES (@p0, @p1, @p2, @p3, @p4, @p5, @p6, @p7, @p8, @p9, @p10, @p11, @p12);
2026-09-05 14:34:22.075 +05:30 [INF] Executed DbCommand (0ms) [Parameters=[@p0='?' (Size = 36), @p1='?' (Size = 5), @p2='?' (Size = 10), @p3='?' (Size = 11), @p4='?' (DbType = DateTimeOffset), @p5='?' (DbType = Double), @p6='?' (DbType = Double), @p7='?' (Size = 8), @p8='?' (Size = 14), @p9='?' (Size = 4), @p10='?' (Size = 12), @p11='?' (Size = 17), @p12='?' (Size = 34)], CommandType='"Text"', CommandTimeout='30']
INSERT INTO "Breweries" ("Id", "BreweryType", "City", "Country", "LastRefreshedUtc", "Latitude", "Longitude", "Name", "Phone", "PostalCode", "State", "Street", "WebsiteUrl")
VALUES (@p0, @p1, @p2, @p3, @p4, @p5, @p6, @p7, @p8, @p9, @p10, @p11, @p12);
2026-09-05 14:34:22.075 +05:30 [INF] Executed DbCommand (0ms) [Parameters=[@p0='?' (Size = 36), @p1='?' (Size = 5), @p2='?' (Size = 7), @p3='?' (Size = 13), @p4='?' (DbType = DateTimeOffset), @p5='?' (DbType = Double), @p6='?' (DbType = Double), @p7='?' (Size = 39), @p8='?' (Size = 14), @p9='?' (Size = 10), @p10='?' (Size = 14), @p11='?' (Size = 13), @p12='?' (Size = 31)], CommandType='"Text"', CommandTimeout='30']
INSERT INTO "Breweries" ("Id", "BreweryType", "City", "Country", "LastRefreshedUtc", "Latitude", "Longitude", "Name", "Phone", "PostalCode", "State", "Street", "WebsiteUrl")
VALUES (@p0, @p1, @p2, @p3, @p4, @p5, @p6, @p7, @p8, @p9, @p10, @p11, @p12);
2026-09-05 14:34:22.076 +05:30 [INF] Executed DbCommand (0ms) [Parameters=[@p0='?' (Size = 36), @p1='?' (Size = 6), @p2='?' (Size = 9), @p3='?' (Size = 11), @p4='?' (DbType = DateTimeOffset), @p5='?' (DbType = Double), @p6='?' (DbType = Double), @p7='?' (Size = 5), @p8='?' (Size = 14), @p9='?' (Size = 4), @p10='?' (Size = 12), @p11='?' (Size = 20), @p12='?' (Size = 30)], CommandType='"Text"', CommandTimeout='30']
INSERT INTO "Breweries" ("Id", "BreweryType", "City", "Country", "LastRefreshedUtc", "Latitude", "Longitude", "Name", "Phone", "PostalCode", "State", "Street", "WebsiteUrl")
VALUES (@p0, @p1, @p2, @p3, @p4, @p5, @p6, @p7, @p8, @p9, @p10, @p11, @p12);
2026-09-05 14:34:22.077 +05:30 [INF] Executed DbCommand (0ms) [Parameters=[@p0='?' (Size = 36), @p1='?' (Size = 8), @p2='?' (Size = 11), @p3='?' (Size = 13), @p4='?' (DbType = DateTimeOffset), @p5='?' (DbType = Double), @p6='?' (DbType = Double), @p7='?' (Size = 22), @p8='?', @p9='?' (Size = 10), @p10='?' (Size = 7), @p11='?', @p12='?'], CommandType='"Text"', CommandTimeout='30']
INSERT INTO "Breweries" ("Id", "BreweryType", "City", "Country", "LastRefreshedUtc", "Latitude", "Longitude", "Name", "Phone", "PostalCode", "State", "Street", "WebsiteUrl")
VALUES (@p0, @p1, @p2, @p3, @p4, @p5, @p6, @p7, @p8, @p9, @p10, @p11, @p12);
2026-09-05 14:34:22.077 +05:30 [INF] Executed DbCommand (0ms) [Parameters=[@p0='?' (Size = 36), @p1='?' (Size = 6), @p2='?' (Size = 9), @p3='?' (Size = 13), @p4='?' (DbType = DateTimeOffset), @p5='?' (DbType = Double), @p6='?' (DbType = Double), @p7='?' (Size = 16), @p8='?' (Size = 14), @p9='?' (Size = 5), @p10='?' (Size = 10), @p11='?' (Size = 18), @p12='?' (Size = 30)], CommandType='"Text"', CommandTimeout='30']
INSERT INTO "Breweries" ("Id", "BreweryType", "City", "Country", "LastRefreshedUtc", "Latitude", "Longitude", "Name", "Phone", "PostalCode", "State", "Street", "WebsiteUrl")
VALUES (@p0, @p1, @p2, @p3, @p4, @p5, @p6, @p7, @p8, @p9, @p10, @p11, @p12);
2026-09-05 14:34:22.078 +05:30 [INF] Executed DbCommand (0ms) [Parameters=[@p0='?' (Size = 36), @p1='?' (Size = 6), @p2='?' (Size = 10), @p3='?' (Size = 13), @p4='?' (DbType = DateTimeOffset), @p5='?' (DbType = Double), @p6='?' (DbType = Double), @p7='?' (Size = 18), @p8='?' (Size = 14), @p9='?' (Size = 10), @p10='?' (Size = 20), @p11='?' (Size = 24), @p12='?' (Size = 28)], CommandType='"Text"', CommandTimeout='30']
INSERT INTO "Breweries" ("Id", "BreweryType", "City", "Country", "LastRefreshedUtc", "Latitude", "Longitude", "Name", "Phone", "PostalCode", "State", "Street", "WebsiteUrl")
VALUES (@p0, @p1, @p2, @p3, @p4, @p5, @p6, @p7, @p8, @p9, @p10, @p11, @p12);
2026-09-05 14:34:22.078 +05:30 [INF] Executed DbCommand (0ms) [Parameters=[@p0='?' (Size = 36), @p1='?' (Size = 8), @p2='?' (Size = 7), @p3='?' (Size = 13), @p4='?' (DbType = DateTimeOffset), @p5='?' (DbType = Double), @p6='?' (DbType = Double), @p7='?' (Size = 22), @p8='?' (Size = 14), @p9='?' (Size = 5), @p10='?' (Size = 13), @p11='?', @p12='?' (Size = 30)], CommandType='"Text"', CommandTimeout='30']
INSERT INTO "Breweries" ("Id", "BreweryType", "City", "Country", "LastRefreshedUtc", "Latitude", "Longitude", "Name", "Phone", "PostalCode", "State", "Street", "WebsiteUrl")
VALUES (@p0, @p1, @p2, @p3, @p4, @p5, @p6, @p7, @p8, @p9, @p10, @p11, @p12);
2026-09-05 14:34:22.079 +05:30 [INF] Executed DbCommand (0ms) [Parameters=[@p0='?' (Size = 36), @p1='?' (Size = 7), @p2='?' (Size = 6), @p3='?' (Size = 7), @p4='?' (DbType = DateTimeOffset), @p5='?' (DbType = Double), @p6='?' (DbType = Double), @p7='?' (Size = 8), @p8='?' (Size = 14), @p9='?' (Size = 5), @p10='?' (Size = 6), @p11='?' (Size = 9), @p12='?' (Size = 33)], CommandType='"Text"', CommandTimeout='30']
INSERT INTO "Breweries" ("Id", "BreweryType", "City", "Country", "LastRefreshedUtc", "Latitude", "Longitude", "Name", "Phone", "PostalCode", "State", "Street", "WebsiteUrl")
VALUES (@p0, @p1, @p2, @p3, @p4, @p5, @p6, @p7, @p8, @p9, @p10, @p11, @p12);
2026-09-05 14:34:22.080 +05:30 [INF] Executed DbCommand (0ms) [Parameters=[@p0='?' (Size = 36), @p1='?' (Size = 7), @p2='?' (Size = 11), @p3='?' (Size = 13), @p4='?' (DbType = DateTimeOffset), @p5='?' (DbType = Double), @p6='?' (DbType = Double), @p7='?' (Size = 20), @p8='?' (Size = 14), @p9='?' (Size = 10), @p10='?' (Size = 8), @p11='?' (Size = 17), @p12='?' (Size = 30)], CommandType='"Text"', CommandTimeout='30']
INSERT INTO "Breweries" ("Id", "BreweryType", "City", "Country", "LastRefreshedUtc", "Latitude", "Longitude", "Name", "Phone", "PostalCode", "State", "Street", "WebsiteUrl")
VALUES (@p0, @p1, @p2, @p3, @p4, @p5, @p6, @p7, @p8, @p9, @p10, @p11, @p12);
2026-09-05 14:34:22.080 +05:30 [INF] Executed DbCommand (0ms) [Parameters=[@p0='?' (Size = 36), @p1='?' (Size = 5), @p2='?' (Size = 6), @p3='?' (Size = 13), @p4='?' (DbType = DateTimeOffset), @p5='?' (DbType = Double), @p6='?' (DbType = Double), @p7='?' (Size = 28), @p8='?' (Size = 14), @p9='?' (Size = 5), @p10='?' (Size = 14), @p11='?' (Size = 17), @p12='?' (Size = 45)], CommandType='"Text"', CommandTimeout='30']
INSERT INTO "Breweries" ("Id", "BreweryType", "City", "Country", "LastRefreshedUtc", "Latitude", "Longitude", "Name", "Phone", "PostalCode", "State", "Street", "WebsiteUrl")
VALUES (@p0, @p1, @p2, @p3, @p4, @p5, @p6, @p7, @p8, @p9, @p10, @p11, @p12);
2026-09-05 14:34:22.081 +05:30 [INF] Executed DbCommand (0ms) [Parameters=[@p0='?' (Size = 36), @p1='?' (Size = 5), @p2='?' (Size = 10), @p3='?' (Size = 13), @p4='?' (DbType = DateTimeOffset), @p5='?' (DbType = Double), @p6='?' (DbType = Double), @p7='?' (Size = 21), @p8='?' (Size = 14), @p9='?' (Size = 10), @p10='?' (Size = 10), @p11='?' (Size = 16), @p12='?' (Size = 23)], CommandType='"Text"', CommandTimeout='30']
INSERT INTO "Breweries" ("Id", "BreweryType", "City", "Country", "LastRefreshedUtc", "Latitude", "Longitude", "Name", "Phone", "PostalCode", "State", "Street", "WebsiteUrl")
VALUES (@p0, @p1, @p2, @p3, @p4, @p5, @p6, @p7, @p8, @p9, @p10, @p11, @p12);
2026-09-05 14:34:22.081 +05:30 [INF] Executed DbCommand (0ms) [Parameters=[@p0='?' (Size = 36), @p1='?' (Size = 7), @p2='?' (Size = 10), @p3='?' (Size = 13), @p4='?' (DbType = DateTimeOffset), @p5='?' (DbType = Double), @p6='?' (DbType = Double), @p7='?' (Size = 16), @p8='?' (Size = 14), @p9='?' (Size = 10), @p10='?' (Size = 13), @p11='?' (Size = 17), @p12='?' (Size = 32)], CommandType='"Text"', CommandTimeout='30']
INSERT INTO "Breweries" ("Id", "BreweryType", "City", "Country", "LastRefreshedUtc", "Latitude", "Longitude", "Name", "Phone", "PostalCode", "State", "Street", "WebsiteUrl")
VALUES (@p0, @p1, @p2, @p3, @p4, @p5, @p6, @p7, @p8, @p9, @p10, @p11, @p12);
2026-09-05 14:34:22.082 +05:30 [INF] Executed DbCommand (0ms) [Parameters=[@p0='?' (Size = 36), @p1='?' (Size = 5), @p2='?' (Size = 10), @p3='?' (Size = 13), @p4='?' (DbType = DateTimeOffset), @p5='?' (DbType = Double), @p6='?' (DbType = Double), @p7='?' (Size = 34), @p8='?' (Size = 14), @p9='?' (Size = 10), @p10='?' (Size = 5), @p11='?' (Size = 15), @p12='?' (Size = 35)], CommandType='"Text"', CommandTimeout='30']
INSERT INTO "Breweries" ("Id", "BreweryType", "City", "Country", "LastRefreshedUtc", "Latitude", "Longitude", "Name", "Phone", "PostalCode", "State", "Street", "WebsiteUrl")
VALUES (@p0, @p1, @p2, @p3, @p4, @p5, @p6, @p7, @p8, @p9, @p10, @p11, @p12);
2026-09-05 14:34:22.082 +05:30 [INF] Executed DbCommand (0ms) [Parameters=[@p0='?' (Size = 36), @p1='?' (Size = 5), @p2='?' (Size = 7), @p3='?' (Size = 13), @p4='?' (DbType = DateTimeOffset), @p5='?' (DbType = Double), @p6='?' (DbType = Double), @p7='?' (Size = 22), @p8='?' (Size = 14), @p9='?' (Size = 10), @p10='?' (Size = 13), @p11='?' (Size = 10), @p12='?' (Size = 21)], CommandType='"Text"', CommandTimeout='30']
INSERT INTO "Breweries" ("Id", "BreweryType", "City", "Country", "LastRefreshedUtc", "Latitude", "Longitude", "Name", "Phone", "PostalCode", "State", "Street", "WebsiteUrl")
VALUES (@p0, @p1, @p2, @p3, @p4, @p5, @p6, @p7, @p8, @p9, @p10, @p11, @p12);
2026-09-05 14:34:22.083 +05:30 [INF] Executed DbCommand (0ms) [Parameters=[@p0='?' (Size = 36), @p1='?' (Size = 7), @p2='?' (Size = 6), @p3='?' (Size = 13), @p4='?' (DbType = DateTimeOffset), @p5='?' (DbType = Double), @p6='?' (DbType = Double), @p7='?' (Size = 17), @p8='?' (Size = 14), @p9='?' (Size = 10), @p10='?' (Size = 5), @p11='?' (Size = 14), @p12='?' (Size = 30)], CommandType='"Text"', CommandTimeout='30']
INSERT INTO "Breweries" ("Id", "BreweryType", "City", "Country", "LastRefreshedUtc", "Latitude", "Longitude", "Name", "Phone", "PostalCode", "State", "Street", "WebsiteUrl")
VALUES (@p0, @p1, @p2, @p3, @p4, @p5, @p6, @p7, @p8, @p9, @p10, @p11, @p12);
2026-09-05 14:34:22.083 +05:30 [INF] Executed DbCommand (0ms) [Parameters=[@p0='?' (Size = 36), @p1='?' (Size = 5), @p2='?' (Size = 11), @p3='?' (Size = 13), @p4='?' (DbType = DateTimeOffset), @p5='?' (DbType = Double), @p6='?' (DbType = Double), @p7='?' (Size = 18), @p8='?' (Size = 14), @p9='?' (Size = 10), @p10='?' (Size = 10), @p11='?' (Size = 16), @p12='?' (Size = 31)], CommandType='"Text"', CommandTimeout='30']
INSERT INTO "Breweries" ("Id", "BreweryType", "City", "Country", "LastRefreshedUtc", "Latitude", "Longitude", "Name", "Phone", "PostalCode", "State", "Street", "WebsiteUrl")
VALUES (@p0, @p1, @p2, @p3, @p4, @p5, @p6, @p7, @p8, @p9, @p10, @p11, @p12);
2026-09-05 14:34:22.084 +05:30 [INF] Executed DbCommand (0ms) [Parameters=[@p0='?' (Size = 36), @p1='?' (Size = 7), @p2='?' (Size = 9), @p3='?' (Size = 13), @p4='?' (DbType = DateTimeOffset), @p5='?' (DbType = Double), @p6='?' (DbType = Double), @p7='?' (Size = 21), @p8='?' (Size = 14), @p9='?' (Size = 10), @p10='?' (Size = 9), @p11='?' (Size = 14), @p12='?' (Size = 27)], CommandType='"Text"', CommandTimeout='30']
INSERT INTO "Breweries" ("Id", "BreweryType", "City", "Country", "LastRefreshedUtc", "Latitude", "Longitude", "Name", "Phone", "PostalCode", "State", "Street", "WebsiteUrl")
VALUES (@p0, @p1, @p2, @p3, @p4, @p5, @p6, @p7, @p8, @p9, @p10, @p11, @p12);
2026-09-05 14:34:22.085 +05:30 [INF] Executed DbCommand (0ms) [Parameters=[@p0='?' (Size = 36), @p1='?' (Size = 5), @p2='?' (Size = 9), @p3='?' (Size = 13), @p4='?' (DbType = DateTimeOffset), @p5='?' (DbType = Double), @p6='?' (DbType = Double), @p7='?' (Size = 12), @p8='?' (Size = 14), @p9='?' (Size = 10), @p10='?' (Size = 10), @p11='?' (Size = 24), @p12='?' (Size = 26)], CommandType='"Text"', CommandTimeout='30']
INSERT INTO "Breweries" ("Id", "BreweryType", "City", "Country", "LastRefreshedUtc", "Latitude", "Longitude", "Name", "Phone", "PostalCode", "State", "Street", "WebsiteUrl")
VALUES (@p0, @p1, @p2, @p3, @p4, @p5, @p6, @p7, @p8, @p9, @p10, @p11, @p12);
2026-09-05 14:34:22.086 +05:30 [INF] Executed DbCommand (0ms) [Parameters=[@p0='?' (Size = 36), @p1='?' (Size = 5), @p2='?' (Size = 9), @p3='?' (Size = 13), @p4='?' (DbType = DateTimeOffset), @p5='?' (DbType = Double), @p6='?' (DbType = Double), @p7='?' (Size = 19), @p8='?' (Size = 14), @p9='?' (Size = 5), @p10='?' (Size = 8), @p11='?' (Size = 13), @p12='?'], CommandType='"Text"', CommandTimeout='30']
INSERT INTO "Breweries" ("Id", "BreweryType", "City", "Country", "LastRefreshedUtc", "Latitude", "Longitude", "Name", "Phone", "PostalCode", "State", "Street", "WebsiteUrl")
VALUES (@p0, @p1, @p2, @p3, @p4, @p5, @p6, @p7, @p8, @p9, @p10, @p11, @p12);
2026-09-05 14:34:22.087 +05:30 [INF] Executed DbCommand (0ms) [Parameters=[@p0='?' (Size = 36), @p1='?' (Size = 6), @p2='?' (Size = 6), @p3='?' (Size = 7), @p4='?' (DbType = DateTimeOffset), @p5='?' (DbType = Double), @p6='?' (DbType = Double), @p7='?' (Size = 30), @p8='?', @p9='?' (Size = 4), @p10='?' (Size = 10), @p11='?' (Size = 11), @p12='?' (Size = 109)], CommandType='"Text"', CommandTimeout='30']
INSERT INTO "Breweries" ("Id", "BreweryType", "City", "Country", "LastRefreshedUtc", "Latitude", "Longitude", "Name", "Phone", "PostalCode", "State", "Street", "WebsiteUrl")
VALUES (@p0, @p1, @p2, @p3, @p4, @p5, @p6, @p7, @p8, @p9, @p10, @p11, @p12);
2026-09-05 14:34:22.088 +05:30 [INF] Executed DbCommand (0ms) [Parameters=[@p0='?' (Size = 36), @p1='?' (Size = 7), @p2='?' (Size = 9), @p3='?' (Size = 13), @p4='?' (DbType = DateTimeOffset), @p5='?' (DbType = Double), @p6='?' (DbType = Double), @p7='?' (Size = 14), @p8='?' (Size = 14), @p9='?' (Size = 10), @p10='?' (Size = 10), @p11='?' (Size = 22), @p12='?' (Size = 29)], CommandType='"Text"', CommandTimeout='30']
INSERT INTO "Breweries" ("Id", "BreweryType", "City", "Country", "LastRefreshedUtc", "Latitude", "Longitude", "Name", "Phone", "PostalCode", "State", "Street", "WebsiteUrl")
VALUES (@p0, @p1, @p2, @p3, @p4, @p5, @p6, @p7, @p8, @p9, @p10, @p11, @p12);
2026-09-05 14:34:22.088 +05:30 [INF] Executed DbCommand (0ms) [Parameters=[@p0='?' (Size = 36), @p1='?' (Size = 6), @p2='?' (Size = 8), @p3='?' (Size = 11), @p4='?' (DbType = DateTimeOffset), @p5='?' (DbType = Double), @p6='?' (DbType = Double), @p7='?' (Size = 11), @p8='?' (Size = 14), @p9='?' (Size = 4), @p10='?' (Size = 14), @p11='?' (Size = 14), @p12='?' (Size = 29)], CommandType='"Text"', CommandTimeout='30']
INSERT INTO "Breweries" ("Id", "BreweryType", "City", "Country", "LastRefreshedUtc", "Latitude", "Longitude", "Name", "Phone", "PostalCode", "State", "Street", "WebsiteUrl")
VALUES (@p0, @p1, @p2, @p3, @p4, @p5, @p6, @p7, @p8, @p9, @p10, @p11, @p12);
2026-09-05 14:34:22.090 +05:30 [INF] Executed DbCommand (0ms) [Parameters=[@p0='?' (Size = 36), @p1='?' (Size = 8), @p2='?' (Size = 9), @p3='?' (Size = 13), @p4='?' (DbType = DateTimeOffset), @p5='?' (DbType = Double), @p6='?' (DbType = Double), @p7='?' (Size = 16), @p8='?' (Size = 14), @p9='?' (Size = 10), @p10='?' (Size = 9), @p11='?' (Size = 13), @p12='?' (Size = 20)], CommandType='"Text"', CommandTimeout='30']
INSERT INTO "Breweries" ("Id", "BreweryType", "City", "Country", "LastRefreshedUtc", "Latitude", "Longitude", "Name", "Phone", "PostalCode", "State", "Street", "WebsiteUrl")
VALUES (@p0, @p1, @p2, @p3, @p4, @p5, @p6, @p7, @p8, @p9, @p10, @p11, @p12);
2026-09-05 14:34:22.091 +05:30 [INF] Executed DbCommand (0ms) [Parameters=[@p0='?' (Size = 36), @p1='?' (Size = 5), @p2='?' (Size = 5), @p3='?' (Size = 13), @p4='?' (DbType = DateTimeOffset), @p5='?' (DbType = Double), @p6='?' (DbType = Double), @p7='?' (Size = 25), @p8='?' (Size = 14), @p9='?' (Size = 10), @p10='?' (Size = 10), @p11='?' (Size = 24), @p12='?' (Size = 34)], CommandType='"Text"', CommandTimeout='30']
INSERT INTO "Breweries" ("Id", "BreweryType", "City", "Country", "LastRefreshedUtc", "Latitude", "Longitude", "Name", "Phone", "PostalCode", "State", "Street", "WebsiteUrl")
VALUES (@p0, @p1, @p2, @p3, @p4, @p5, @p6, @p7, @p8, @p9, @p10, @p11, @p12);
2026-09-05 14:34:22.091 +05:30 [INF] Executed DbCommand (0ms) [Parameters=[@p0='?' (Size = 36), @p1='?' (Size = 5), @p2='?' (Size = 12), @p3='?' (Size = 13), @p4='?' (DbType = DateTimeOffset), @p5='?' (DbType = Double), @p6='?' (DbType = Double), @p7='?' (Size = 25), @p8='?' (Size = 14), @p9='?' (Size = 10), @p10='?' (Size = 9), @p11='?' (Size = 25), @p12='?' (Size = 27)], CommandType='"Text"', CommandTimeout='30']
INSERT INTO "Breweries" ("Id", "BreweryType", "City", "Country", "LastRefreshedUtc", "Latitude", "Longitude", "Name", "Phone", "PostalCode", "State", "Street", "WebsiteUrl")
VALUES (@p0, @p1, @p2, @p3, @p4, @p5, @p6, @p7, @p8, @p9, @p10, @p11, @p12);
2026-09-05 14:34:22.092 +05:30 [INF] Executed DbCommand (0ms) [Parameters=[@p0='?' (Size = 36), @p1='?' (Size = 5), @p2='?' (Size = 7), @p3='?' (Size = 13), @p4='?' (DbType = DateTimeOffset), @p5='?' (DbType = Double), @p6='?' (DbType = Double), @p7='?' (Size = 18), @p8='?' (Size = 14), @p9='?' (Size = 10), @p10='?' (Size = 7), @p11='?' (Size = 13), @p12='?' (Size = 24)], CommandType='"Text"', CommandTimeout='30']
INSERT INTO "Breweries" ("Id", "BreweryType", "City", "Country", "LastRefreshedUtc", "Latitude", "Longitude", "Name", "Phone", "PostalCode", "State", "Street", "WebsiteUrl")
VALUES (@p0, @p1, @p2, @p3, @p4, @p5, @p6, @p7, @p8, @p9, @p10, @p11, @p12);
2026-09-05 14:34:22.092 +05:30 [INF] Executed DbCommand (0ms) [Parameters=[@p0='?' (Size = 36), @p1='?' (Size = 7), @p2='?' (Size = 4), @p3='?' (Size = 13), @p4='?' (DbType = DateTimeOffset), @p5='?' (DbType = Double), @p6='?' (DbType = Double), @p7='?' (Size = 19), @p8='?' (Size = 14), @p9='?' (Size = 10), @p10='?' (Size = 8), @p11='?' (Size = 14), @p12='?' (Size = 28)], CommandType='"Text"', CommandTimeout='30']
INSERT INTO "Breweries" ("Id", "BreweryType", "City", "Country", "LastRefreshedUtc", "Latitude", "Longitude", "Name", "Phone", "PostalCode", "State", "Street", "WebsiteUrl")
VALUES (@p0, @p1, @p2, @p3, @p4, @p5, @p6, @p7, @p8, @p9, @p10, @p11, @p12);
2026-09-05 14:34:22.093 +05:30 [INF] Executed DbCommand (0ms) [Parameters=[@p0='?' (Size = 36), @p1='?' (Size = 5), @p2='?' (Size = 7), @p3='?' (Size = 13), @p4='?' (DbType = DateTimeOffset), @p5='?' (DbType = Double), @p6='?' (DbType = Double), @p7='?' (Size = 28), @p8='?' (Size = 14), @p9='?' (Size = 10), @p10='?' (Size = 8), @p11='?' (Size = 15), @p12='?' (Size = 30)], CommandType='"Text"', CommandTimeout='30']
INSERT INTO "Breweries" ("Id", "BreweryType", "City", "Country", "LastRefreshedUtc", "Latitude", "Longitude", "Name", "Phone", "PostalCode", "State", "Street", "WebsiteUrl")
VALUES (@p0, @p1, @p2, @p3, @p4, @p5, @p6, @p7, @p8, @p9, @p10, @p11, @p12);
2026-09-05 14:34:22.094 +05:30 [INF] Executed DbCommand (0ms) [Parameters=[@p0='?' (Size = 36), @p1='?' (Size = 7), @p2='?' (Size = 10), @p3='?' (Size = 7), @p4='?' (DbType = DateTimeOffset), @p5='?' (DbType = Double), @p6='?' (DbType = Double), @p7='?' (Size = 17), @p8='?' (Size = 15), @p9='?' (Size = 5), @p10='?' (Size = 6), @p11='?' (Size = 13), @p12='?' (Size = 28)], CommandType='"Text"', CommandTimeout='30']
INSERT INTO "Breweries" ("Id", "BreweryType", "City", "Country", "LastRefreshedUtc", "Latitude", "Longitude", "Name", "Phone", "PostalCode", "State", "Street", "WebsiteUrl")
VALUES (@p0, @p1, @p2, @p3, @p4, @p5, @p6, @p7, @p8, @p9, @p10, @p11, @p12);
2026-09-05 14:34:22.094 +05:30 [INF] Executed DbCommand (0ms) [Parameters=[@p0='?' (Size = 36), @p1='?' (Size = 7), @p2='?' (Size = 10), @p3='?' (Size = 13), @p4='?' (DbType = DateTimeOffset), @p5='?' (DbType = Double), @p6='?' (DbType = Double), @p7='?' (Size = 24), @p8='?' (Size = 14), @p9='?' (Size = 10), @p10='?' (Size = 13), @p11='?' (Size = 20), @p12='?' (Size = 30)], CommandType='"Text"', CommandTimeout='30']
INSERT INTO "Breweries" ("Id", "BreweryType", "City", "Country", "LastRefreshedUtc", "Latitude", "Longitude", "Name", "Phone", "PostalCode", "State", "Street", "WebsiteUrl")
VALUES (@p0, @p1, @p2, @p3, @p4, @p5, @p6, @p7, @p8, @p9, @p10, @p11, @p12);
2026-09-05 14:34:22.095 +05:30 [INF] Executed DbCommand (0ms) [Parameters=[@p0='?' (Size = 36), @p1='?' (Size = 5), @p2='?' (Size = 9), @p3='?' (Size = 13), @p4='?' (DbType = DateTimeOffset), @p5='?' (DbType = Double), @p6='?' (DbType = Double), @p7='?' (Size = 30), @p8='?' (Size = 14), @p9='?' (Size = 10), @p10='?' (Size = 13), @p11='?' (Size = 22), @p12='?'], CommandType='"Text"', CommandTimeout='30']
INSERT INTO "Breweries" ("Id", "BreweryType", "City", "Country", "LastRefreshedUtc", "Latitude", "Longitude", "Name", "Phone", "PostalCode", "State", "Street", "WebsiteUrl")
VALUES (@p0, @p1, @p2, @p3, @p4, @p5, @p6, @p7, @p8, @p9, @p10, @p11, @p12);
2026-09-05 14:34:22.095 +05:30 [INF] Executed DbCommand (0ms) [Parameters=[@p0='?' (Size = 36), @p1='?' (Size = 5), @p2='?' (Size = 7), @p3='?' (Size = 13), @p4='?' (DbType = DateTimeOffset), @p5='?' (DbType = Double), @p6='?' (DbType = Double), @p7='?' (Size = 18), @p8='?' (Size = 14), @p9='?' (Size = 10), @p10='?' (Size = 5), @p11='?' (Size = 14), @p12='?' (Size = 28)], CommandType='"Text"', CommandTimeout='30']
INSERT INTO "Breweries" ("Id", "BreweryType", "City", "Country", "LastRefreshedUtc", "Latitude", "Longitude", "Name", "Phone", "PostalCode", "State", "Street", "WebsiteUrl")
VALUES (@p0, @p1, @p2, @p3, @p4, @p5, @p6, @p7, @p8, @p9, @p10, @p11, @p12);
2026-09-05 14:34:22.096 +05:30 [INF] Executed DbCommand (0ms) [Parameters=[@p0='?' (Size = 36), @p1='?' (Size = 8), @p2='?' (Size = 10), @p3='?' (Size = 13), @p4='?' (DbType = DateTimeOffset), @p5='?' (DbType = Double), @p6='?' (DbType = Double), @p7='?' (Size = 24), @p8='?' (Size = 14), @p9='?' (Size = 10), @p10='?' (Size = 10), @p11='?' (Size = 18), @p12='?' (Size = 27)], CommandType='"Text"', CommandTimeout='30']
INSERT INTO "Breweries" ("Id", "BreweryType", "City", "Country", "LastRefreshedUtc", "Latitude", "Longitude", "Name", "Phone", "PostalCode", "State", "Street", "WebsiteUrl")
VALUES (@p0, @p1, @p2, @p3, @p4, @p5, @p6, @p7, @p8, @p9, @p10, @p11, @p12);
2026-09-05 14:34:22.097 +05:30 [INF] Executed DbCommand (0ms) [Parameters=[@p0='?' (Size = 36), @p1='?' (Size = 5), @p2='?' (Size = 7), @p3='?' (Size = 11), @p4='?' (DbType = DateTimeOffset), @p5='?' (DbType = Double), @p6='?' (DbType = Double), @p7='?' (Size = 32), @p8='?' (Size = 15), @p9='?' (Size = 7), @p10='?' (Size = 10), @p11='?' (Size = 12), @p12='?' (Size = 28)], CommandType='"Text"', CommandTimeout='30']
INSERT INTO "Breweries" ("Id", "BreweryType", "City", "Country", "LastRefreshedUtc", "Latitude", "Longitude", "Name", "Phone", "PostalCode", "State", "Street", "WebsiteUrl")
VALUES (@p0, @p1, @p2, @p3, @p4, @p5, @p6, @p7, @p8, @p9, @p10, @p11, @p12);
2026-09-05 14:34:22.097 +05:30 [INF] Executed DbCommand (0ms) [Parameters=[@p0='?' (Size = 36), @p1='?' (Size = 7), @p2='?' (Size = 11), @p3='?' (Size = 7), @p4='?' (DbType = DateTimeOffset), @p5='?' (DbType = Double), @p6='?' (DbType = Double), @p7='?' (Size = 20), @p8='?', @p9='?' (Size = 5), @p10='?' (Size = 8), @p11='?' (Size = 23), @p12='?' (Size = 34)], CommandType='"Text"', CommandTimeout='30']
INSERT INTO "Breweries" ("Id", "BreweryType", "City", "Country", "LastRefreshedUtc", "Latitude", "Longitude", "Name", "Phone", "PostalCode", "State", "Street", "WebsiteUrl")
VALUES (@p0, @p1, @p2, @p3, @p4, @p5, @p6, @p7, @p8, @p9, @p10, @p11, @p12);
2026-09-05 14:34:22.098 +05:30 [INF] Executed DbCommand (0ms) [Parameters=[@p0='?' (Size = 36), @p1='?' (Size = 7), @p2='?' (Size = 9), @p3='?' (Size = 13), @p4='?' (DbType = DateTimeOffset), @p5='?' (DbType = Double), @p6='?' (DbType = Double), @p7='?' (Size = 34), @p8='?' (Size = 14), @p9='?' (Size = 10), @p10='?' (Size = 10), @p11='?' (Size = 23), @p12='?' (Size = 26)], CommandType='"Text"', CommandTimeout='30']
INSERT INTO "Breweries" ("Id", "BreweryType", "City", "Country", "LastRefreshedUtc", "Latitude", "Longitude", "Name", "Phone", "PostalCode", "State", "Street", "WebsiteUrl")
VALUES (@p0, @p1, @p2, @p3, @p4, @p5, @p6, @p7, @p8, @p9, @p10, @p11, @p12);
2026-09-05 14:34:22.098 +05:30 [INF] Executed DbCommand (0ms) [Parameters=[@p0='?' (Size = 36), @p1='?' (Size = 5), @p2='?' (Size = 8), @p3='?' (Size = 13), @p4='?' (DbType = DateTimeOffset), @p5='?' (DbType = Double), @p6='?' (DbType = Double), @p7='?' (Size = 23), @p8='?' (Size = 14), @p9='?' (Size = 10), @p10='?' (Size = 8), @p11='?' (Size = 12), @p12='?' (Size = 36)], CommandType='"Text"', CommandTimeout='30']
INSERT INTO "Breweries" ("Id", "BreweryType", "City", "Country", "LastRefreshedUtc", "Latitude", "Longitude", "Name", "Phone", "PostalCode", "State", "Street", "WebsiteUrl")
VALUES (@p0, @p1, @p2, @p3, @p4, @p5, @p6, @p7, @p8, @p9, @p10, @p11, @p12);
2026-09-05 14:34:22.099 +05:30 [INF] Executed DbCommand (0ms) [Parameters=[@p0='?' (Size = 36), @p1='?' (Size = 7), @p2='?' (Size = 7), @p3='?' (Size = 13), @p4='?' (DbType = DateTimeOffset), @p5='?' (DbType = Double), @p6='?' (DbType = Double), @p7='?' (Size = 17), @p8='?' (Size = 14), @p9='?' (Size = 10), @p10='?' (Size = 8), @p11='?' (Size = 14), @p12='?' (Size = 28)], CommandType='"Text"', CommandTimeout='30']
INSERT INTO "Breweries" ("Id", "BreweryType", "City", "Country", "LastRefreshedUtc", "Latitude", "Longitude", "Name", "Phone", "PostalCode", "State", "Street", "WebsiteUrl")
VALUES (@p0, @p1, @p2, @p3, @p4, @p5, @p6, @p7, @p8, @p9, @p10, @p11, @p12);
2026-09-05 14:34:22.099 +05:30 [INF] Executed DbCommand (0ms) [Parameters=[@p0='?' (Size = 36), @p1='?' (Size = 5), @p2='?' (Size = 8), @p3='?' (Size = 13), @p4='?' (DbType = DateTimeOffset), @p5='?' (DbType = Double), @p6='?' (DbType = Double), @p7='?' (Size = 20), @p8='?' (Size = 14), @p9='?' (Size = 10), @p10='?' (Size = 6), @p11='?' (Size = 13), @p12='?' (Size = 32)], CommandType='"Text"', CommandTimeout='30']
INSERT INTO "Breweries" ("Id", "BreweryType", "City", "Country", "LastRefreshedUtc", "Latitude", "Longitude", "Name", "Phone", "PostalCode", "State", "Street", "WebsiteUrl")
VALUES (@p0, @p1, @p2, @p3, @p4, @p5, @p6, @p7, @p8, @p9, @p10, @p11, @p12);
2026-09-05 14:34:22.100 +05:30 [INF] Executed DbCommand (0ms) [Parameters=[@p0='?' (Size = 36), @p1='?' (Size = 6), @p2='?' (Size = 9), @p3='?' (Size = 13), @p4='?' (DbType = DateTimeOffset), @p5='?' (DbType = Double), @p6='?' (DbType = Double), @p7='?' (Size = 15), @p8='?' (Size = 14), @p9='?' (Size = 5), @p10='?' (Size = 10), @p11='?' (Size = 32), @p12='?' (Size = 30)], CommandType='"Text"', CommandTimeout='30']
INSERT INTO "Breweries" ("Id", "BreweryType", "City", "Country", "LastRefreshedUtc", "Latitude", "Longitude", "Name", "Phone", "PostalCode", "State", "Street", "WebsiteUrl")
VALUES (@p0, @p1, @p2, @p3, @p4, @p5, @p6, @p7, @p8, @p9, @p10, @p11, @p12);
2026-09-05 14:34:22.100 +05:30 [INF] Executed DbCommand (0ms) [Parameters=[@p0='?' (Size = 36), @p1='?' (Size = 10), @p2='?' (Size = 8), @p3='?' (Size = 13), @p4='?' (DbType = DateTimeOffset), @p5='?' (DbType = Double), @p6='?' (DbType = Double), @p7='?' (Size = 23), @p8='?' (Size = 14), @p9='?' (Size = 10), @p10='?' (Size = 8), @p11='?' (Size = 14), @p12='?' (Size = 28)], CommandType='"Text"', CommandTimeout='30']
INSERT INTO "Breweries" ("Id", "BreweryType", "City", "Country", "LastRefreshedUtc", "Latitude", "Longitude", "Name", "Phone", "PostalCode", "State", "Street", "WebsiteUrl")
VALUES (@p0, @p1, @p2, @p3, @p4, @p5, @p6, @p7, @p8, @p9, @p10, @p11, @p12);
2026-09-05 14:34:22.101 +05:30 [INF] Executed DbCommand (0ms) [Parameters=[@p0='?' (Size = 36), @p1='?' (Size = 6), @p2='?' (Size = 5), @p3='?' (Size = 7), @p4='?' (DbType = DateTimeOffset), @p5='?' (DbType = Double), @p6='?' (DbType = Double), @p7='?' (Size = 16), @p8='?' (Size = 16), @p9='?' (Size = 5), @p10='?' (Size = 22), @p11='?' (Size = 28), @p12='?' (Size = 28)], CommandType='"Text"', CommandTimeout='30']
INSERT INTO "Breweries" ("Id", "BreweryType", "City", "Country", "LastRefreshedUtc", "Latitude", "Longitude", "Name", "Phone", "PostalCode", "State", "Street", "WebsiteUrl")
VALUES (@p0, @p1, @p2, @p3, @p4, @p5, @p6, @p7, @p8, @p9, @p10, @p11, @p12);
2026-09-05 14:34:22.102 +05:30 [INF] Executed DbCommand (0ms) [Parameters=[@p0='?' (Size = 36), @p1='?' (Size = 5), @p2='?' (Size = 9), @p3='?' (Size = 13), @p4='?' (DbType = DateTimeOffset), @p5='?' (DbType = Double), @p6='?' (DbType = Double), @p7='?' (Size = 18), @p8='?' (Size = 14), @p9='?' (Size = 5), @p10='?' (Size = 6), @p11='?' (Size = 21), @p12='?' (Size = 31)], CommandType='"Text"', CommandTimeout='30']
INSERT INTO "Breweries" ("Id", "BreweryType", "City", "Country", "LastRefreshedUtc", "Latitude", "Longitude", "Name", "Phone", "PostalCode", "State", "Street", "WebsiteUrl")
VALUES (@p0, @p1, @p2, @p3, @p4, @p5, @p6, @p7, @p8, @p9, @p10, @p11, @p12);
2026-09-05 14:34:22.103 +05:30 [INF] Executed DbCommand (0ms) [Parameters=[@p0='?' (Size = 36), @p1='?' (Size = 5), @p2='?' (Size = 10), @p3='?' (Size = 13), @p4='?' (DbType = DateTimeOffset), @p5='?' (DbType = Double), @p6='?' (DbType = Double), @p7='?' (Size = 16), @p8='?' (Size = 14), @p9='?' (Size = 10), @p10='?' (Size = 14), @p11='?' (Size = 16), @p12='?' (Size = 29)], CommandType='"Text"', CommandTimeout='30']
INSERT INTO "Breweries" ("Id", "BreweryType", "City", "Country", "LastRefreshedUtc", "Latitude", "Longitude", "Name", "Phone", "PostalCode", "State", "Street", "WebsiteUrl")
VALUES (@p0, @p1, @p2, @p3, @p4, @p5, @p6, @p7, @p8, @p9, @p10, @p11, @p12);
2026-09-05 14:34:22.104 +05:30 [INF] Executed DbCommand (0ms) [Parameters=[@p0='?' (Size = 36), @p1='?' (Size = 7), @p2='?' (Size = 8), @p3='?' (Size = 13), @p4='?' (DbType = DateTimeOffset), @p5='?' (DbType = Double), @p6='?' (DbType = Double), @p7='?' (Size = 21), @p8='?' (Size = 14), @p9='?' (Size = 10), @p10='?' (Size = 10), @p11='?' (Size = 25), @p12='?' (Size = 33)], CommandType='"Text"', CommandTimeout='30']
INSERT INTO "Breweries" ("Id", "BreweryType", "City", "Country", "LastRefreshedUtc", "Latitude", "Longitude", "Name", "Phone", "PostalCode", "State", "Street", "WebsiteUrl")
VALUES (@p0, @p1, @p2, @p3, @p4, @p5, @p6, @p7, @p8, @p9, @p10, @p11, @p12);
2026-09-05 14:34:22.104 +05:30 [INF] Executed DbCommand (0ms) [Parameters=[@p0='?' (Size = 36), @p1='?' (Size = 5), @p2='?' (Size = 7), @p3='?' (Size = 13), @p4='?' (DbType = DateTimeOffset), @p5='?' (DbType = Double), @p6='?' (DbType = Double), @p7='?' (Size = 18), @p8='?' (Size = 14), @p9='?' (Size = 10), @p10='?' (Size = 13), @p11='?' (Size = 13), @p12='?' (Size = 32)], CommandType='"Text"', CommandTimeout='30']
INSERT INTO "Breweries" ("Id", "BreweryType", "City", "Country", "LastRefreshedUtc", "Latitude", "Longitude", "Name", "Phone", "PostalCode", "State", "Street", "WebsiteUrl")
VALUES (@p0, @p1, @p2, @p3, @p4, @p5, @p6, @p7, @p8, @p9, @p10, @p11, @p12);
2026-09-05 14:34:22.105 +05:30 [INF] Executed DbCommand (0ms) [Parameters=[@p0='?' (Size = 36), @p1='?' (Size = 5), @p2='?' (Size = 13), @p3='?' (Size = 13), @p4='?' (DbType = DateTimeOffset), @p5='?' (DbType = Double), @p6='?' (DbType = Double), @p7='?' (Size = 23), @p8='?' (Size = 14), @p9='?' (Size = 10), @p10='?' (Size = 8), @p11='?' (Size = 11), @p12='?' (Size = 27)], CommandType='"Text"', CommandTimeout='30']
INSERT INTO "Breweries" ("Id", "BreweryType", "City", "Country", "LastRefreshedUtc", "Latitude", "Longitude", "Name", "Phone", "PostalCode", "State", "Street", "WebsiteUrl")
VALUES (@p0, @p1, @p2, @p3, @p4, @p5, @p6, @p7, @p8, @p9, @p10, @p11, @p12);
2026-09-05 14:34:22.105 +05:30 [INF] Executed DbCommand (0ms) [Parameters=[@p0='?' (Size = 36), @p1='?' (Size = 7), @p2='?' (Size = 8), @p3='?' (Size = 13), @p4='?' (DbType = DateTimeOffset), @p5='?' (DbType = Double), @p6='?' (DbType = Double), @p7='?' (Size = 19), @p8='?' (Size = 14), @p9='?' (Size = 10), @p10='?' (Size = 6), @p11='?' (Size = 17), @p12='?' (Size = 21)], CommandType='"Text"', CommandTimeout='30']
INSERT INTO "Breweries" ("Id", "BreweryType", "City", "Country", "LastRefreshedUtc", "Latitude", "Longitude", "Name", "Phone", "PostalCode", "State", "Street", "WebsiteUrl")
VALUES (@p0, @p1, @p2, @p3, @p4, @p5, @p6, @p7, @p8, @p9, @p10, @p11, @p12);
2026-09-05 14:34:22.106 +05:30 [INF] Executed DbCommand (0ms) [Parameters=[@p0='?' (Size = 36), @p1='?' (Size = 5), @p2='?' (Size = 9), @p3='?' (Size = 13), @p4='?' (DbType = DateTimeOffset), @p5='?' (DbType = Double), @p6='?' (DbType = Double), @p7='?' (Size = 16), @p8='?' (Size = 14), @p9='?' (Size = 10), @p10='?' (Size = 6), @p11='?' (Size = 24), @p12='?' (Size = 29)], CommandType='"Text"', CommandTimeout='30']
INSERT INTO "Breweries" ("Id", "BreweryType", "City", "Country", "LastRefreshedUtc", "Latitude", "Longitude", "Name", "Phone", "PostalCode", "State", "Street", "WebsiteUrl")
VALUES (@p0, @p1, @p2, @p3, @p4, @p5, @p6, @p7, @p8, @p9, @p10, @p11, @p12);
2026-09-05 14:34:22.106 +05:30 [INF] Executed DbCommand (0ms) [Parameters=[@p0='?' (Size = 36), @p1='?' (Size = 5), @p2='?' (Size = 8), @p3='?' (Size = 13), @p4='?' (DbType = DateTimeOffset), @p5='?' (DbType = Double), @p6='?' (DbType = Double), @p7='?' (Size = 16), @p8='?' (Size = 14), @p9='?' (Size = 10), @p10='?' (Size = 13), @p11='?' (Size = 22), @p12='?' (Size = 29)], CommandType='"Text"', CommandTimeout='30']
INSERT INTO "Breweries" ("Id", "BreweryType", "City", "Country", "LastRefreshedUtc", "Latitude", "Longitude", "Name", "Phone", "PostalCode", "State", "Street", "WebsiteUrl")
VALUES (@p0, @p1, @p2, @p3, @p4, @p5, @p6, @p7, @p8, @p9, @p10, @p11, @p12);
2026-09-05 14:34:22.107 +05:30 [INF] Executed DbCommand (0ms) [Parameters=[@p0='?' (Size = 36), @p1='?' (Size = 5), @p2='?' (Size = 13), @p3='?' (Size = 13), @p4='?' (DbType = DateTimeOffset), @p5='?' (DbType = Double), @p6='?' (DbType = Double), @p7='?' (Size = 23), @p8='?' (Size = 14), @p9='?' (Size = 10), @p10='?' (Size = 10), @p11='?' (Size = 13), @p12='?' (Size = 36)], CommandType='"Text"', CommandTimeout='30']
INSERT INTO "Breweries" ("Id", "BreweryType", "City", "Country", "LastRefreshedUtc", "Latitude", "Longitude", "Name", "Phone", "PostalCode", "State", "Street", "WebsiteUrl")
VALUES (@p0, @p1, @p2, @p3, @p4, @p5, @p6, @p7, @p8, @p9, @p10, @p11, @p12);
2026-09-05 14:34:22.107 +05:30 [INF] Executed DbCommand (0ms) [Parameters=[@p0='?' (Size = 36), @p1='?' (Size = 8), @p2='?' (Size = 7), @p3='?' (Size = 13), @p4='?' (DbType = DateTimeOffset), @p5='?' (DbType = Double), @p6='?' (DbType = Double), @p7='?' (Size = 10), @p8='?' (Size = 14), @p9='?' (Size = 10), @p10='?' (Size = 9), @p11='?' (Size = 16), @p12='?' (Size = 24)], CommandType='"Text"', CommandTimeout='30']
INSERT INTO "Breweries" ("Id", "BreweryType", "City", "Country", "LastRefreshedUtc", "Latitude", "Longitude", "Name", "Phone", "PostalCode", "State", "Street", "WebsiteUrl")
VALUES (@p0, @p1, @p2, @p3, @p4, @p5, @p6, @p7, @p8, @p9, @p10, @p11, @p12);
2026-09-05 14:34:22.108 +05:30 [INF] Executed DbCommand (0ms) [Parameters=[@p0='?' (Size = 36), @p1='?' (Size = 5), @p2='?' (Size = 8), @p3='?' (Size = 13), @p4='?' (DbType = DateTimeOffset), @p5='?' (DbType = Double), @p6='?' (DbType = Double), @p7='?' (Size = 14), @p8='?' (Size = 14), @p9='?' (Size = 10), @p10='?' (Size = 8), @p11='?' (Size = 15), @p12='?' (Size = 28)], CommandType='"Text"', CommandTimeout='30']
INSERT INTO "Breweries" ("Id", "BreweryType", "City", "Country", "LastRefreshedUtc", "Latitude", "Longitude", "Name", "Phone", "PostalCode", "State", "Street", "WebsiteUrl")
VALUES (@p0, @p1, @p2, @p3, @p4, @p5, @p6, @p7, @p8, @p9, @p10, @p11, @p12);
2026-09-05 14:34:22.108 +05:30 [INF] Executed DbCommand (0ms) [Parameters=[@p0='?' (Size = 36), @p1='?' (Size = 7), @p2='?' (Size = 7), @p3='?' (Size = 8), @p4='?' (DbType = DateTimeOffset), @p5='?' (DbType = Double), @p6='?' (DbType = Double), @p7='?' (Size = 4), @p8='?', @p9='?' (Size = 8), @p10='?' (Size = 6), @p11='?' (Size = 39), @p12='?' (Size = 28)], CommandType='"Text"', CommandTimeout='30']
INSERT INTO "Breweries" ("Id", "BreweryType", "City", "Country", "LastRefreshedUtc", "Latitude", "Longitude", "Name", "Phone", "PostalCode", "State", "Street", "WebsiteUrl")
VALUES (@p0, @p1, @p2, @p3, @p4, @p5, @p6, @p7, @p8, @p9, @p10, @p11, @p12);
2026-09-05 14:34:22.108 +05:30 [INF] Executed DbCommand (0ms) [Parameters=[@p0='?' (Size = 36), @p1='?' (Size = 5), @p2='?' (Size = 10), @p3='?' (Size = 13), @p4='?' (DbType = DateTimeOffset), @p5='?' (DbType = Double), @p6='?' (DbType = Double), @p7='?' (Size = 17), @p8='?' (Size = 14), @p9='?' (Size = 10), @p10='?' (Size = 5), @p11='?' (Size = 15), @p12='?' (Size = 30)], CommandType='"Text"', CommandTimeout='30']
INSERT INTO "Breweries" ("Id", "BreweryType", "City", "Country", "LastRefreshedUtc", "Latitude", "Longitude", "Name", "Phone", "PostalCode", "State", "Street", "WebsiteUrl")
VALUES (@p0, @p1, @p2, @p3, @p4, @p5, @p6, @p7, @p8, @p9, @p10, @p11, @p12);
2026-09-05 14:34:22.109 +05:30 [INF] Executed DbCommand (0ms) [Parameters=[@p0='?' (Size = 36), @p1='?' (Size = 5), @p2='?' (Size = 10), @p3='?' (Size = 7), @p4='?' (DbType = DateTimeOffset), @p5='?' (DbType = Double), @p6='?' (DbType = Double), @p7='?' (Size = 29), @p8='?' (Size = 15), @p9='?' (Size = 5), @p10='?' (Size = 6), @p11='?' (Size = 12), @p12='?' (Size = 22)], CommandType='"Text"', CommandTimeout='30']
INSERT INTO "Breweries" ("Id", "BreweryType", "City", "Country", "LastRefreshedUtc", "Latitude", "Longitude", "Name", "Phone", "PostalCode", "State", "Street", "WebsiteUrl")
VALUES (@p0, @p1, @p2, @p3, @p4, @p5, @p6, @p7, @p8, @p9, @p10, @p11, @p12);
2026-09-05 14:34:22.109 +05:30 [INF] Executed DbCommand (0ms) [Parameters=[@p0='?' (Size = 36), @p1='?' (Size = 5), @p2='?' (Size = 12), @p3='?' (Size = 13), @p4='?' (DbType = DateTimeOffset), @p5='?' (DbType = Double), @p6='?' (DbType = Double), @p7='?' (Size = 22), @p8='?' (Size = 14), @p9='?' (Size = 5), @p10='?' (Size = 8), @p11='?' (Size = 13), @p12='?' (Size = 32)], CommandType='"Text"', CommandTimeout='30']
INSERT INTO "Breweries" ("Id", "BreweryType", "City", "Country", "LastRefreshedUtc", "Latitude", "Longitude", "Name", "Phone", "PostalCode", "State", "Street", "WebsiteUrl")
VALUES (@p0, @p1, @p2, @p3, @p4, @p5, @p6, @p7, @p8, @p9, @p10, @p11, @p12);
2026-09-05 14:34:22.110 +05:30 [INF] Executed DbCommand (0ms) [Parameters=[@p0='?' (Size = 36), @p1='?' (Size = 5), @p2='?' (Size = 10), @p3='?' (Size = 13), @p4='?' (DbType = DateTimeOffset), @p5='?' (DbType = Double), @p6='?' (DbType = Double), @p7='?' (Size = 19), @p8='?' (Size = 14), @p9='?' (Size = 10), @p10='?' (Size = 8), @p11='?' (Size = 14), @p12='?' (Size = 28)], CommandType='"Text"', CommandTimeout='30']
INSERT INTO "Breweries" ("Id", "BreweryType", "City", "Country", "LastRefreshedUtc", "Latitude", "Longitude", "Name", "Phone", "PostalCode", "State", "Street", "WebsiteUrl")
VALUES (@p0, @p1, @p2, @p3, @p4, @p5, @p6, @p7, @p8, @p9, @p10, @p11, @p12);
2026-09-05 14:34:22.110 +05:30 [INF] Executed DbCommand (0ms) [Parameters=[@p0='?' (Size = 36), @p1='?' (Size = 5), @p2='?' (Size = 9), @p3='?' (Size = 7), @p4='?' (DbType = DateTimeOffset), @p5='?' (DbType = Double), @p6='?' (DbType = Double), @p7='?' (Size = 25), @p8='?' (Size = 14), @p9='?' (Size = 4), @p10='?' (Size = 10), @p11='?' (Size = 14), @p12='?' (Size = 19)], CommandType='"Text"', CommandTimeout='30']
INSERT INTO "Breweries" ("Id", "BreweryType", "City", "Country", "LastRefreshedUtc", "Latitude", "Longitude", "Name", "Phone", "PostalCode", "State", "Street", "WebsiteUrl")
VALUES (@p0, @p1, @p2, @p3, @p4, @p5, @p6, @p7, @p8, @p9, @p10, @p11, @p12);
2026-09-05 14:34:22.111 +05:30 [INF] Executed DbCommand (0ms) [Parameters=[@p0='?' (Size = 36), @p1='?' (Size = 5), @p2='?' (Size = 5), @p3='?' (Size = 13), @p4='?' (DbType = DateTimeOffset), @p5='?' (DbType = Double), @p6='?' (DbType = Double), @p7='?' (Size = 24), @p8='?' (Size = 14), @p9='?' (Size = 10), @p10='?' (Size = 9), @p11='?' (Size = 26), @p12='?' (Size = 29)], CommandType='"Text"', CommandTimeout='30']
INSERT INTO "Breweries" ("Id", "BreweryType", "City", "Country", "LastRefreshedUtc", "Latitude", "Longitude", "Name", "Phone", "PostalCode", "State", "Street", "WebsiteUrl")
VALUES (@p0, @p1, @p2, @p3, @p4, @p5, @p6, @p7, @p8, @p9, @p10, @p11, @p12);
2026-09-05 14:34:22.111 +05:30 [INF] Executed DbCommand (0ms) [Parameters=[@p0='?' (Size = 36), @p1='?' (Size = 5), @p2='?' (Size = 9), @p3='?' (Size = 13), @p4='?' (DbType = DateTimeOffset), @p5='?' (DbType = Double), @p6='?' (DbType = Double), @p7='?' (Size = 17), @p8='?' (Size = 14), @p9='?' (Size = 10), @p10='?' (Size = 6), @p11='?' (Size = 22), @p12='?' (Size = 28)], CommandType='"Text"', CommandTimeout='30']
INSERT INTO "Breweries" ("Id", "BreweryType", "City", "Country", "LastRefreshedUtc", "Latitude", "Longitude", "Name", "Phone", "PostalCode", "State", "Street", "WebsiteUrl")
VALUES (@p0, @p1, @p2, @p3, @p4, @p5, @p6, @p7, @p8, @p9, @p10, @p11, @p12);
2026-09-05 14:34:22.112 +05:30 [INF] Executed DbCommand (0ms) [Parameters=[@p0='?' (Size = 36), @p1='?' (Size = 7), @p2='?' (Size = 10), @p3='?' (Size = 13), @p4='?' (DbType = DateTimeOffset), @p5='?' (DbType = Double), @p6='?' (DbType = Double), @p7='?' (Size = 43), @p8='?' (Size = 14), @p9='?' (Size = 10), @p10='?' (Size = 12), @p11='?' (Size = 19), @p12='?' (Size = 22)], CommandType='"Text"', CommandTimeout='30']
INSERT INTO "Breweries" ("Id", "BreweryType", "City", "Country", "LastRefreshedUtc", "Latitude", "Longitude", "Name", "Phone", "PostalCode", "State", "Street", "WebsiteUrl")
VALUES (@p0, @p1, @p2, @p3, @p4, @p5, @p6, @p7, @p8, @p9, @p10, @p11, @p12);
2026-09-05 14:34:22.112 +05:30 [INF] Executed DbCommand (0ms) [Parameters=[@p0='?' (Size = 36), @p1='?' (Size = 5), @p2='?' (Size = 12), @p3='?' (Size = 13), @p4='?' (DbType = DateTimeOffset), @p5='?' (DbType = Double), @p6='?' (DbType = Double), @p7='?' (Size = 19), @p8='?' (Size = 14), @p9='?' (Size = 5), @p10='?' (Size = 8), @p11='?' (Size = 13), @p12='?' (Size = 29)], CommandType='"Text"', CommandTimeout='30']
INSERT INTO "Breweries" ("Id", "BreweryType", "City", "Country", "LastRefreshedUtc", "Latitude", "Longitude", "Name", "Phone", "PostalCode", "State", "Street", "WebsiteUrl")
VALUES (@p0, @p1, @p2, @p3, @p4, @p5, @p6, @p7, @p8, @p9, @p10, @p11, @p12);
2026-09-05 14:34:22.112 +05:30 [INF] Executed DbCommand (0ms) [Parameters=[@p0='?' (Size = 36), @p1='?' (Size = 5), @p2='?' (Size = 11), @p3='?' (Size = 13), @p4='?' (DbType = DateTimeOffset), @p5='?' (DbType = Double), @p6='?' (DbType = Double), @p7='?' (Size = 20), @p8='?' (Size = 14), @p9='?' (Size = 10), @p10='?' (Size = 9), @p11='?' (Size = 17), @p12='?' (Size = 34)], CommandType='"Text"', CommandTimeout='30']
INSERT INTO "Breweries" ("Id", "BreweryType", "City", "Country", "LastRefreshedUtc", "Latitude", "Longitude", "Name", "Phone", "PostalCode", "State", "Street", "WebsiteUrl")
VALUES (@p0, @p1, @p2, @p3, @p4, @p5, @p6, @p7, @p8, @p9, @p10, @p11, @p12);
2026-09-05 14:34:22.113 +05:30 [INF] Executed DbCommand (0ms) [Parameters=[@p0='?' (Size = 36), @p1='?' (Size = 5), @p2='?' (Size = 5), @p3='?' (Size = 13), @p4='?' (DbType = DateTimeOffset), @p5='?' (DbType = Double), @p6='?' (DbType = Double), @p7='?' (Size = 20), @p8='?' (Size = 14), @p9='?' (Size = 10), @p10='?' (Size = 14), @p11='?' (Size = 13), @p12='?'], CommandType='"Text"', CommandTimeout='30']
INSERT INTO "Breweries" ("Id", "BreweryType", "City", "Country", "LastRefreshedUtc", "Latitude", "Longitude", "Name", "Phone", "PostalCode", "State", "Street", "WebsiteUrl")
VALUES (@p0, @p1, @p2, @p3, @p4, @p5, @p6, @p7, @p8, @p9, @p10, @p11, @p12);
2026-09-05 14:34:22.113 +05:30 [INF] Executed DbCommand (0ms) [Parameters=[@p0='?' (Size = 36), @p1='?' (Size = 5), @p2='?' (Size = 8), @p3='?' (Size = 9), @p4='?' (DbType = DateTimeOffset), @p5='?' (DbType = Double), @p6='?' (DbType = Double), @p7='?' (Size = 7), @p8='?', @p9='?' (Size = 4), @p10='?' (Size = 3), @p11='?', @p12='?'], CommandType='"Text"', CommandTimeout='30']
INSERT INTO "Breweries" ("Id", "BreweryType", "City", "Country", "LastRefreshedUtc", "Latitude", "Longitude", "Name", "Phone", "PostalCode", "State", "Street", "WebsiteUrl")
VALUES (@p0, @p1, @p2, @p3, @p4, @p5, @p6, @p7, @p8, @p9, @p10, @p11, @p12);
2026-09-05 14:34:22.114 +05:30 [INF] Executed DbCommand (0ms) [Parameters=[@p0='?' (Size = 36), @p1='?' (Size = 8), @p2='?' (Size = 4), @p3='?' (Size = 13), @p4='?' (DbType = DateTimeOffset), @p5='?' (DbType = Double), @p6='?' (DbType = Double), @p7='?' (Size = 18), @p8='?' (Size = 14), @p9='?' (Size = 5), @p10='?' (Size = 5), @p11='?', @p12='?' (Size = 32)], CommandType='"Text"', CommandTimeout='30']
INSERT INTO "Breweries" ("Id", "BreweryType", "City", "Country", "LastRefreshedUtc", "Latitude", "Longitude", "Name", "Phone", "PostalCode", "State", "Street", "WebsiteUrl")
VALUES (@p0, @p1, @p2, @p3, @p4, @p5, @p6, @p7, @p8, @p9, @p10, @p11, @p12);
2026-09-05 14:34:22.115 +05:30 [INF] Executed DbCommand (0ms) [Parameters=[@p0='?' (Size = 36), @p1='?' (Size = 7), @p2='?' (Size = 8), @p3='?' (Size = 13), @p4='?' (DbType = DateTimeOffset), @p5='?' (DbType = Double), @p6='?' (DbType = Double), @p7='?' (Size = 13), @p8='?' (Size = 14), @p9='?' (Size = 10), @p10='?' (Size = 6), @p11='?' (Size = 12), @p12='?' (Size = 24)], CommandType='"Text"', CommandTimeout='30']
INSERT INTO "Breweries" ("Id", "BreweryType", "City", "Country", "LastRefreshedUtc", "Latitude", "Longitude", "Name", "Phone", "PostalCode", "State", "Street", "WebsiteUrl")
VALUES (@p0, @p1, @p2, @p3, @p4, @p5, @p6, @p7, @p8, @p9, @p10, @p11, @p12);
2026-09-05 14:34:22.115 +05:30 [INF] Executed DbCommand (0ms) [Parameters=[@p0='?' (Size = 36), @p1='?' (Size = 5), @p2='?' (Size = 6), @p3='?' (Size = 6), @p4='?' (DbType = DateTimeOffset), @p5='?' (DbType = Double), @p6='?' (DbType = Double), @p7='?' (Size = 19), @p8='?' (Size = 12), @p9='?' (Size = 7), @p10='?' (Size = 7), @p11='?' (Size = 19), @p12='?' (Size = 33)], CommandType='"Text"', CommandTimeout='30']
INSERT INTO "Breweries" ("Id", "BreweryType", "City", "Country", "LastRefreshedUtc", "Latitude", "Longitude", "Name", "Phone", "PostalCode", "State", "Street", "WebsiteUrl")
VALUES (@p0, @p1, @p2, @p3, @p4, @p5, @p6, @p7, @p8, @p9, @p10, @p11, @p12);
2026-09-05 14:34:22.115 +05:30 [INF] Executed DbCommand (0ms) [Parameters=[@p0='?' (Size = 36), @p1='?' (Size = 5), @p2='?' (Size = 6), @p3='?' (Size = 13), @p4='?' (DbType = DateTimeOffset), @p5='?' (DbType = Double), @p6='?' (DbType = Double), @p7='?' (Size = 19), @p8='?' (Size = 14), @p9='?' (Size = 10), @p10='?' (Size = 10), @p11='?' (Size = 26), @p12='?' (Size = 27)], CommandType='"Text"', CommandTimeout='30']
INSERT INTO "Breweries" ("Id", "BreweryType", "City", "Country", "LastRefreshedUtc", "Latitude", "Longitude", "Name", "Phone", "PostalCode", "State", "Street", "WebsiteUrl")
VALUES (@p0, @p1, @p2, @p3, @p4, @p5, @p6, @p7, @p8, @p9, @p10, @p11, @p12);
2026-09-05 14:34:22.116 +05:30 [INF] Executed DbCommand (0ms) [Parameters=[@p0='?' (Size = 36), @p1='?' (Size = 5), @p2='?' (Size = 10), @p3='?' (Size = 13), @p4='?' (DbType = DateTimeOffset), @p5='?' (DbType = Double), @p6='?' (DbType = Double), @p7='?' (Size = 21), @p8='?' (Size = 14), @p9='?' (Size = 10), @p10='?' (Size = 4), @p11='?' (Size = 16), @p12='?' (Size = 33)], CommandType='"Text"', CommandTimeout='30']
INSERT INTO "Breweries" ("Id", "BreweryType", "City", "Country", "LastRefreshedUtc", "Latitude", "Longitude", "Name", "Phone", "PostalCode", "State", "Street", "WebsiteUrl")
VALUES (@p0, @p1, @p2, @p3, @p4, @p5, @p6, @p7, @p8, @p9, @p10, @p11, @p12);
2026-09-05 14:34:22.116 +05:30 [INF] Executed DbCommand (0ms) [Parameters=[@p0='?' (Size = 36), @p1='?' (Size = 7), @p2='?' (Size = 8), @p3='?' (Size = 7), @p4='?' (DbType = DateTimeOffset), @p5='?' (DbType = Double), @p6='?' (DbType = Double), @p7='?' (Size = 17), @p8='?' (Size = 15), @p9='?' (Size = 5), @p10='?' (Size = 6), @p11='?' (Size = 18), @p12='?' (Size = 31)], CommandType='"Text"', CommandTimeout='30']
INSERT INTO "Breweries" ("Id", "BreweryType", "City", "Country", "LastRefreshedUtc", "Latitude", "Longitude", "Name", "Phone", "PostalCode", "State", "Street", "WebsiteUrl")
VALUES (@p0, @p1, @p2, @p3, @p4, @p5, @p6, @p7, @p8, @p9, @p10, @p11, @p12);
2026-09-05 14:34:22.117 +05:30 [INF] Executed DbCommand (0ms) [Parameters=[@p0='?' (Size = 36), @p1='?' (Size = 5), @p2='?' (Size = 5), @p3='?' (Size = 13), @p4='?' (DbType = DateTimeOffset), @p5='?' (DbType = Double), @p6='?' (DbType = Double), @p7='?' (Size = 21), @p8='?' (Size = 14), @p9='?' (Size = 5), @p10='?' (Size = 6), @p11='?' (Size = 22), @p12='?' (Size = 37)], CommandType='"Text"', CommandTimeout='30']
INSERT INTO "Breweries" ("Id", "BreweryType", "City", "Country", "LastRefreshedUtc", "Latitude", "Longitude", "Name", "Phone", "PostalCode", "State", "Street", "WebsiteUrl")
VALUES (@p0, @p1, @p2, @p3, @p4, @p5, @p6, @p7, @p8, @p9, @p10, @p11, @p12);
2026-09-05 14:34:22.117 +05:30 [INF] Executed DbCommand (0ms) [Parameters=[@p0='?' (Size = 36), @p1='?' (Size = 7), @p2='?' (Size = 11), @p3='?' (Size = 13), @p4='?' (DbType = DateTimeOffset), @p5='?' (DbType = Double), @p6='?' (DbType = Double), @p7='?' (Size = 12), @p8='?' (Size = 11), @p9='?' (Size = 10), @p10='?' (Size = 7), @p11='?' (Size = 13), @p12='?' (Size = 71)], CommandType='"Text"', CommandTimeout='30']
INSERT INTO "Breweries" ("Id", "BreweryType", "City", "Country", "LastRefreshedUtc", "Latitude", "Longitude", "Name", "Phone", "PostalCode", "State", "Street", "WebsiteUrl")
VALUES (@p0, @p1, @p2, @p3, @p4, @p5, @p6, @p7, @p8, @p9, @p10, @p11, @p12);
2026-09-05 14:34:22.118 +05:30 [INF] Executed DbCommand (1ms) [Parameters=[@p0='?' (Size = 36), @p1='?' (Size = 5), @p2='?' (Size = 9), @p3='?' (Size = 13), @p4='?' (DbType = DateTimeOffset), @p5='?' (DbType = Double), @p6='?' (DbType = Double), @p7='?' (Size = 14), @p8='?' (Size = 14), @p9='?' (Size = 10), @p10='?' (Size = 7), @p11='?' (Size = 15), @p12='?'], CommandType='"Text"', CommandTimeout='30']
INSERT INTO "Breweries" ("Id", "BreweryType", "City", "Country", "LastRefreshedUtc", "Latitude", "Longitude", "Name", "Phone", "PostalCode", "State", "Street", "WebsiteUrl")
VALUES (@p0, @p1, @p2, @p3, @p4, @p5, @p6, @p7, @p8, @p9, @p10, @p11, @p12);
2026-09-05 14:34:22.119 +05:30 [INF] Executed DbCommand (0ms) [Parameters=[@p0='?' (Size = 36), @p1='?' (Size = 5), @p2='?' (Size = 9), @p3='?' (Size = 13), @p4='?' (DbType = DateTimeOffset), @p5='?' (DbType = Double), @p6='?' (DbType = Double), @p7='?' (Size = 19), @p8='?' (Size = 14), @p9='?' (Size = 10), @p10='?' (Size = 10), @p11='?' (Size = 16), @p12='?' (Size = 32)], CommandType='"Text"', CommandTimeout='30']
INSERT INTO "Breweries" ("Id", "BreweryType", "City", "Country", "LastRefreshedUtc", "Latitude", "Longitude", "Name", "Phone", "PostalCode", "State", "Street", "WebsiteUrl")
VALUES (@p0, @p1, @p2, @p3, @p4, @p5, @p6, @p7, @p8, @p9, @p10, @p11, @p12);
2026-09-05 14:34:22.120 +05:30 [INF] Executed DbCommand (0ms) [Parameters=[@p0='?' (Size = 36), @p1='?' (Size = 7), @p2='?' (Size = 4), @p3='?' (Size = 13), @p4='?' (DbType = DateTimeOffset), @p5='?' (DbType = Double), @p6='?' (DbType = Double), @p7='?' (Size = 25), @p8='?' (Size = 14), @p9='?' (Size = 10), @p10='?' (Size = 8), @p11='?' (Size = 21), @p12='?' (Size = 25)], CommandType='"Text"', CommandTimeout='30']
INSERT INTO "Breweries" ("Id", "BreweryType", "City", "Country", "LastRefreshedUtc", "Latitude", "Longitude", "Name", "Phone", "PostalCode", "State", "Street", "WebsiteUrl")
VALUES (@p0, @p1, @p2, @p3, @p4, @p5, @p6, @p7, @p8, @p9, @p10, @p11, @p12);
2026-09-05 14:34:22.120 +05:30 [INF] Executed DbCommand (0ms) [Parameters=[@p0='?' (Size = 36), @p1='?' (Size = 5), @p2='?' (Size = 9), @p3='?' (Size = 13), @p4='?' (DbType = DateTimeOffset), @p5='?' (DbType = Double), @p6='?' (DbType = Double), @p7='?' (Size = 20), @p8='?' (Size = 14), @p9='?' (Size = 10), @p10='?' (Size = 6), @p11='?' (Size = 14), @p12='?' (Size = 38)], CommandType='"Text"', CommandTimeout='30']
INSERT INTO "Breweries" ("Id", "BreweryType", "City", "Country", "LastRefreshedUtc", "Latitude", "Longitude", "Name", "Phone", "PostalCode", "State", "Street", "WebsiteUrl")
VALUES (@p0, @p1, @p2, @p3, @p4, @p5, @p6, @p7, @p8, @p9, @p10, @p11, @p12);
2026-09-05 14:34:22.121 +05:30 [INF] Executed DbCommand (0ms) [Parameters=[@p0='?' (Size = 36), @p1='?' (Size = 5), @p2='?' (Size = 5), @p3='?' (Size = 13), @p4='?' (DbType = DateTimeOffset), @p5='?' (DbType = Double), @p6='?' (DbType = Double), @p7='?' (Size = 14), @p8='?' (Size = 14), @p9='?' (Size = 10), @p10='?' (Size = 8), @p11='?' (Size = 18), @p12='?' (Size = 25)], CommandType='"Text"', CommandTimeout='30']
INSERT INTO "Breweries" ("Id", "BreweryType", "City", "Country", "LastRefreshedUtc", "Latitude", "Longitude", "Name", "Phone", "PostalCode", "State", "Street", "WebsiteUrl")
VALUES (@p0, @p1, @p2, @p3, @p4, @p5, @p6, @p7, @p8, @p9, @p10, @p11, @p12);
2026-09-05 14:34:22.121 +05:30 [INF] Executed DbCommand (0ms) [Parameters=[@p0='?' (Size = 36), @p1='?' (Size = 7), @p2='?' (Size = 6), @p3='?' (Size = 13), @p4='?' (DbType = DateTimeOffset), @p5='?' (DbType = Double), @p6='?' (DbType = Double), @p7='?' (Size = 31), @p8='?' (Size = 14), @p9='?' (Size = 10), @p10='?' (Size = 10), @p11='?' (Size = 13), @p12='?'], CommandType='"Text"', CommandTimeout='30']
INSERT INTO "Breweries" ("Id", "BreweryType", "City", "Country", "LastRefreshedUtc", "Latitude", "Longitude", "Name", "Phone", "PostalCode", "State", "Street", "WebsiteUrl")
VALUES (@p0, @p1, @p2, @p3, @p4, @p5, @p6, @p7, @p8, @p9, @p10, @p11, @p12);
2026-09-05 14:34:22.122 +05:30 [INF] Executed DbCommand (0ms) [Parameters=[@p0='?' (Size = 36), @p1='?' (Size = 6), @p2='?' (Size = 10), @p3='?' (Size = 7), @p4='?' (DbType = DateTimeOffset), @p5='?' (DbType = Double), @p6='?' (DbType = Double), @p7='?' (Size = 10), @p8='?' (Size = 14), @p9='?' (Size = 5), @p10='?' (Size = 13), @p11='?' (Size = 12), @p12='?' (Size = 33)], CommandType='"Text"', CommandTimeout='30']
INSERT INTO "Breweries" ("Id", "BreweryType", "City", "Country", "LastRefreshedUtc", "Latitude", "Longitude", "Name", "Phone", "PostalCode", "State", "Street", "WebsiteUrl")
VALUES (@p0, @p1, @p2, @p3, @p4, @p5, @p6, @p7, @p8, @p9, @p10, @p11, @p12);
2026-09-05 14:34:22.122 +05:30 [INF] Executed DbCommand (0ms) [Parameters=[@p0='?' (Size = 36), @p1='?' (Size = 5), @p2='?' (Size = 4), @p3='?' (Size = 13), @p4='?' (DbType = DateTimeOffset), @p5='?' (DbType = Double), @p6='?' (DbType = Double), @p7='?' (Size = 23), @p8='?' (Size = 14), @p9='?' (Size = 5), @p10='?' (Size = 8), @p11='?' (Size = 11), @p12='?'], CommandType='"Text"', CommandTimeout='30']
INSERT INTO "Breweries" ("Id", "BreweryType", "City", "Country", "LastRefreshedUtc", "Latitude", "Longitude", "Name", "Phone", "PostalCode", "State", "Street", "WebsiteUrl")
VALUES (@p0, @p1, @p2, @p3, @p4, @p5, @p6, @p7, @p8, @p9, @p10, @p11, @p12);
2026-09-05 14:34:22.123 +05:30 [INF] Executed DbCommand (0ms) [Parameters=[@p0='?' (Size = 36), @p1='?' (Size = 8), @p2='?' (Size = 6), @p3='?' (Size = 13), @p4='?' (DbType = DateTimeOffset), @p5='?' (DbType = Double), @p6='?' (DbType = Double), @p7='?' (Size = 19), @p8='?' (Size = 14), @p9='?' (Size = 10), @p10='?' (Size = 6), @p11='?' (Size = 14), @p12='?' (Size = 26)], CommandType='"Text"', CommandTimeout='30']
INSERT INTO "Breweries" ("Id", "BreweryType", "City", "Country", "LastRefreshedUtc", "Latitude", "Longitude", "Name", "Phone", "PostalCode", "State", "Street", "WebsiteUrl")
VALUES (@p0, @p1, @p2, @p3, @p4, @p5, @p6, @p7, @p8, @p9, @p10, @p11, @p12);
2026-09-05 14:34:22.123 +05:30 [INF] Executed DbCommand (0ms) [Parameters=[@p0='?' (Size = 36), @p1='?' (Size = 5), @p2='?' (Size = 10), @p3='?' (Size = 13), @p4='?' (DbType = DateTimeOffset), @p5='?' (DbType = Double), @p6='?' (DbType = Double), @p7='?' (Size = 20), @p8='?' (Size = 14), @p9='?' (Size = 5), @p10='?' (Size = 8), @p11='?' (Size = 15), @p12='?' (Size = 30)], CommandType='"Text"', CommandTimeout='30']
INSERT INTO "Breweries" ("Id", "BreweryType", "City", "Country", "LastRefreshedUtc", "Latitude", "Longitude", "Name", "Phone", "PostalCode", "State", "Street", "WebsiteUrl")
VALUES (@p0, @p1, @p2, @p3, @p4, @p5, @p6, @p7, @p8, @p9, @p10, @p11, @p12);
2026-09-05 14:34:22.124 +05:30 [INF] Executed DbCommand (0ms) [Parameters=[@p0='?' (Size = 36), @p1='?' (Size = 7), @p2='?' (Size = 20), @p3='?' (Size = 7), @p4='?' (DbType = DateTimeOffset), @p5='?' (DbType = Double), @p6='?' (DbType = Double), @p7='?' (Size = 24), @p8='?' (Size = 14), @p9='?' (Size = 5), @p10='?' (Size = 17), @p11='?' (Size = 21), @p12='?' (Size = 23)], CommandType='"Text"', CommandTimeout='30']
INSERT INTO "Breweries" ("Id", "BreweryType", "City", "Country", "LastRefreshedUtc", "Latitude", "Longitude", "Name", "Phone", "PostalCode", "State", "Street", "WebsiteUrl")
VALUES (@p0, @p1, @p2, @p3, @p4, @p5, @p6, @p7, @p8, @p9, @p10, @p11, @p12);
2026-09-05 14:34:22.124 +05:30 [INF] Executed DbCommand (0ms) [Parameters=[@p0='?' (Size = 36), @p1='?' (Size = 5), @p2='?' (Size = 8), @p3='?' (Size = 13), @p4='?' (DbType = DateTimeOffset), @p5='?' (DbType = Double), @p6='?' (DbType = Double), @p7='?' (Size = 25), @p8='?' (Size = 14), @p9='?' (Size = 10), @p10='?' (Size = 10), @p11='?' (Size = 27), @p12='?' (Size = 31)], CommandType='"Text"', CommandTimeout='30']
INSERT INTO "Breweries" ("Id", "BreweryType", "City", "Country", "LastRefreshedUtc", "Latitude", "Longitude", "Name", "Phone", "PostalCode", "State", "Street", "WebsiteUrl")
VALUES (@p0, @p1, @p2, @p3, @p4, @p5, @p6, @p7, @p8, @p9, @p10, @p11, @p12);
2026-09-05 14:34:22.125 +05:30 [INF] Executed DbCommand (0ms) [Parameters=[@p0='?' (Size = 36), @p1='?' (Size = 7), @p2='?' (Size = 9), @p3='?' (Size = 7), @p4='?' (DbType = DateTimeOffset), @p5='?' (DbType = Double), @p6='?' (DbType = Double), @p7='?' (Size = 9), @p8='?' (Size = 14), @p9='?' (Size = 5), @p10='?' (Size = 6), @p11='?' (Size = 16), @p12='?' (Size = 24)], CommandType='"Text"', CommandTimeout='30']
INSERT INTO "Breweries" ("Id", "BreweryType", "City", "Country", "LastRefreshedUtc", "Latitude", "Longitude", "Name", "Phone", "PostalCode", "State", "Street", "WebsiteUrl")
VALUES (@p0, @p1, @p2, @p3, @p4, @p5, @p6, @p7, @p8, @p9, @p10, @p11, @p12);
2026-09-05 14:34:22.125 +05:30 [INF] Executed DbCommand (0ms) [Parameters=[@p0='?' (Size = 36), @p1='?' (Size = 7), @p2='?' (Size = 5), @p3='?' (Size = 13), @p4='?' (DbType = DateTimeOffset), @p5='?' (DbType = Double), @p6='?' (DbType = Double), @p7='?' (Size = 16), @p8='?' (Size = 14), @p9='?' (Size = 10), @p10='?' (Size = 4), @p11='?' (Size = 15), @p12='?' (Size = 43)], CommandType='"Text"', CommandTimeout='30']
INSERT INTO "Breweries" ("Id", "BreweryType", "City", "Country", "LastRefreshedUtc", "Latitude", "Longitude", "Name", "Phone", "PostalCode", "State", "Street", "WebsiteUrl")
VALUES (@p0, @p1, @p2, @p3, @p4, @p5, @p6, @p7, @p8, @p9, @p10, @p11, @p12);
2026-09-05 14:34:22.126 +05:30 [INF] Executed DbCommand (0ms) [Parameters=[@p0='?' (Size = 36), @p1='?' (Size = 5), @p2='?' (Size = 11), @p3='?' (Size = 13), @p4='?' (DbType = DateTimeOffset), @p5='?' (DbType = Double), @p6='?' (DbType = Double), @p7='?' (Size = 20), @p8='?' (Size = 14), @p9='?' (Size = 10), @p10='?' (Size = 8), @p11='?' (Size = 10), @p12='?' (Size = 29)], CommandType='"Text"', CommandTimeout='30']
INSERT INTO "Breweries" ("Id", "BreweryType", "City", "Country", "LastRefreshedUtc", "Latitude", "Longitude", "Name", "Phone", "PostalCode", "State", "Street", "WebsiteUrl")
VALUES (@p0, @p1, @p2, @p3, @p4, @p5, @p6, @p7, @p8, @p9, @p10, @p11, @p12);
2026-09-05 14:34:22.126 +05:30 [INF] Executed DbCommand (0ms) [Parameters=[@p0='?' (Size = 36), @p1='?' (Size = 7), @p2='?' (Size = 7), @p3='?' (Size = 6), @p4='?' (DbType = DateTimeOffset), @p5='?' (DbType = Double), @p6='?' (DbType = Double), @p7='?' (Size = 24), @p8='?' (Size = 14), @p9='?' (Size = 6), @p10='?' (Size = 7), @p11='?' (Size = 22), @p12='?' (Size = 22)], CommandType='"Text"', CommandTimeout='30']
INSERT INTO "Breweries" ("Id", "BreweryType", "City", "Country", "LastRefreshedUtc", "Latitude", "Longitude", "Name", "Phone", "PostalCode", "State", "Street", "WebsiteUrl")
VALUES (@p0, @p1, @p2, @p3, @p4, @p5, @p6, @p7, @p8, @p9, @p10, @p11, @p12);
2026-09-05 14:34:22.127 +05:30 [INF] Executed DbCommand (0ms) [Parameters=[@p0='?' (Size = 36), @p1='?' (Size = 5), @p2='?' (Size = 10), @p3='?' (Size = 13), @p4='?' (DbType = DateTimeOffset), @p5='?' (DbType = Double), @p6='?' (DbType = Double), @p7='?' (Size = 12), @p8='?' (Size = 14), @p9='?' (Size = 10), @p10='?' (Size = 9), @p11='?' (Size = 12), @p12='?' (Size = 26)], CommandType='"Text"', CommandTimeout='30']
INSERT INTO "Breweries" ("Id", "BreweryType", "City", "Country", "LastRefreshedUtc", "Latitude", "Longitude", "Name", "Phone", "PostalCode", "State", "Street", "WebsiteUrl")
VALUES (@p0, @p1, @p2, @p3, @p4, @p5, @p6, @p7, @p8, @p9, @p10, @p11, @p12);
2026-09-05 14:34:22.127 +05:30 [INF] Executed DbCommand (0ms) [Parameters=[@p0='?' (Size = 36), @p1='?' (Size = 5), @p2='?' (Size = 10), @p3='?' (Size = 9), @p4='?' (DbType = DateTimeOffset), @p5='?' (DbType = Double), @p6='?' (DbType = Double), @p7='?' (Size = 26), @p8='?' (Size = 15), @p9='?' (Size = 4), @p10='?' (Size = 3), @p11='?' (Size = 15), @p12='?' (Size = 22)], CommandType='"Text"', CommandTimeout='30']
INSERT INTO "Breweries" ("Id", "BreweryType", "City", "Country", "LastRefreshedUtc", "Latitude", "Longitude", "Name", "Phone", "PostalCode", "State", "Street", "WebsiteUrl")
VALUES (@p0, @p1, @p2, @p3, @p4, @p5, @p6, @p7, @p8, @p9, @p10, @p11, @p12);
2026-09-05 14:34:22.128 +05:30 [INF] Executed DbCommand (0ms) [Parameters=[@p0='?' (Size = 36), @p1='?' (Size = 7), @p2='?' (Size = 10), @p3='?' (Size = 13), @p4='?' (DbType = DateTimeOffset), @p5='?' (DbType = Double), @p6='?' (DbType = Double), @p7='?' (Size = 20), @p8='?' (Size = 14), @p9='?' (Size = 5), @p10='?' (Size = 8), @p11='?' (Size = 26), @p12='?' (Size = 23)], CommandType='"Text"', CommandTimeout='30']
INSERT INTO "Breweries" ("Id", "BreweryType", "City", "Country", "LastRefreshedUtc", "Latitude", "Longitude", "Name", "Phone", "PostalCode", "State", "Street", "WebsiteUrl")
VALUES (@p0, @p1, @p2, @p3, @p4, @p5, @p6, @p7, @p8, @p9, @p10, @p11, @p12);
2026-09-05 14:34:22.128 +05:30 [INF] Executed DbCommand (0ms) [Parameters=[@p0='?' (Size = 36), @p1='?' (Size = 5), @p2='?' (Size = 6), @p3='?' (Size = 11), @p4='?' (DbType = DateTimeOffset), @p5='?' (DbType = Double), @p6='?' (DbType = Double), @p7='?' (Size = 8), @p8='?' (Size = 14), @p9='?' (Size = 4), @p10='?' (Size = 18), @p11='?' (Size = 14), @p12='?' (Size = 25)], CommandType='"Text"', CommandTimeout='30']
INSERT INTO "Breweries" ("Id", "BreweryType", "City", "Country", "LastRefreshedUtc", "Latitude", "Longitude", "Name", "Phone", "PostalCode", "State", "Street", "WebsiteUrl")
VALUES (@p0, @p1, @p2, @p3, @p4, @p5, @p6, @p7, @p8, @p9, @p10, @p11, @p12);
2026-09-05 14:34:22.129 +05:30 [INF] Executed DbCommand (0ms) [Parameters=[@p0='?' (Size = 36), @p1='?' (Size = 5), @p2='?' (Size = 8), @p3='?' (Size = 13), @p4='?' (DbType = DateTimeOffset), @p5='?' (DbType = Double), @p6='?' (DbType = Double), @p7='?' (Size = 23), @p8='?' (Size = 14), @p9='?' (Size = 10), @p10='?' (Size = 8), @p11='?' (Size = 14), @p12='?' (Size = 36)], CommandType='"Text"', CommandTimeout='30']
INSERT INTO "Breweries" ("Id", "BreweryType", "City", "Country", "LastRefreshedUtc", "Latitude", "Longitude", "Name", "Phone", "PostalCode", "State", "Street", "WebsiteUrl")
VALUES (@p0, @p1, @p2, @p3, @p4, @p5, @p6, @p7, @p8, @p9, @p10, @p11, @p12);
2026-09-05 14:34:22.129 +05:30 [INF] Executed DbCommand (0ms) [Parameters=[@p0='?' (Size = 36), @p1='?' (Size = 7), @p2='?' (Size = 14), @p3='?' (Size = 13), @p4='?' (DbType = DateTimeOffset), @p5='?' (DbType = Double), @p6='?' (DbType = Double), @p7='?' (Size = 15), @p8='?' (Size = 14), @p9='?' (Size = 10), @p10='?' (Size = 8), @p11='?' (Size = 18), @p12='?' (Size = 31)], CommandType='"Text"', CommandTimeout='30']
INSERT INTO "Breweries" ("Id", "BreweryType", "City", "Country", "LastRefreshedUtc", "Latitude", "Longitude", "Name", "Phone", "PostalCode", "State", "Street", "WebsiteUrl")
VALUES (@p0, @p1, @p2, @p3, @p4, @p5, @p6, @p7, @p8, @p9, @p10, @p11, @p12);
2026-09-05 14:34:22.129 +05:30 [INF] Executed DbCommand (0ms) [Parameters=[@p0='?' (Size = 36), @p1='?' (Size = 6), @p2='?' (Size = 9), @p3='?' (Size = 13), @p4='?' (DbType = DateTimeOffset), @p5='?' (DbType = Double), @p6='?' (DbType = Double), @p7='?' (Size = 20), @p8='?' (Size = 14), @p9='?' (Size = 5), @p10='?' (Size = 10), @p11='?' (Size = 16), @p12='?'], CommandType='"Text"', CommandTimeout='30']
INSERT INTO "Breweries" ("Id", "BreweryType", "City", "Country", "LastRefreshedUtc", "Latitude", "Longitude", "Name", "Phone", "PostalCode", "State", "Street", "WebsiteUrl")
VALUES (@p0, @p1, @p2, @p3, @p4, @p5, @p6, @p7, @p8, @p9, @p10, @p11, @p12);
2026-09-05 14:34:22.130 +05:30 [INF] Executed DbCommand (0ms) [Parameters=[@p0='?' (Size = 36), @p1='?' (Size = 5), @p2='?' (Size = 10), @p3='?' (Size = 13), @p4='?' (DbType = DateTimeOffset), @p5='?' (DbType = Double), @p6='?' (DbType = Double), @p7='?' (Size = 21), @p8='?' (Size = 14), @p9='?' (Size = 10), @p10='?' (Size = 4), @p11='?' (Size = 13), @p12='?' (Size = 32)], CommandType='"Text"', CommandTimeout='30']
INSERT INTO "Breweries" ("Id", "BreweryType", "City", "Country", "LastRefreshedUtc", "Latitude", "Longitude", "Name", "Phone", "PostalCode", "State", "Street", "WebsiteUrl")
VALUES (@p0, @p1, @p2, @p3, @p4, @p5, @p6, @p7, @p8, @p9, @p10, @p11, @p12);
2026-09-05 14:34:22.130 +05:30 [INF] Executed DbCommand (0ms) [Parameters=[@p0='?' (Size = 36), @p1='?' (Size = 8), @p2='?' (Size = 9), @p3='?' (Size = 13), @p4='?' (DbType = DateTimeOffset), @p5='?' (DbType = Double), @p6='?' (DbType = Double), @p7='?' (Size = 17), @p8='?' (Size = 14), @p9='?' (Size = 10), @p10='?' (Size = 7), @p11='?', @p12='?' (Size = 26)], CommandType='"Text"', CommandTimeout='30']
INSERT INTO "Breweries" ("Id", "BreweryType", "City", "Country", "LastRefreshedUtc", "Latitude", "Longitude", "Name", "Phone", "PostalCode", "State", "Street", "WebsiteUrl")
VALUES (@p0, @p1, @p2, @p3, @p4, @p5, @p6, @p7, @p8, @p9, @p10, @p11, @p12);
2026-09-05 14:34:22.131 +05:30 [INF] Executed DbCommand (0ms) [Parameters=[@p0='?' (Size = 36), @p1='?' (Size = 5), @p2='?' (Size = 5), @p3='?' (Size = 13), @p4='?' (DbType = DateTimeOffset), @p5='?' (DbType = Double), @p6='?' (DbType = Double), @p7='?' (Size = 25), @p8='?' (Size = 14), @p9='?' (Size = 10), @p10='?' (Size = 7), @p11='?' (Size = 18), @p12='?' (Size = 32)], CommandType='"Text"', CommandTimeout='30']
INSERT INTO "Breweries" ("Id", "BreweryType", "City", "Country", "LastRefreshedUtc", "Latitude", "Longitude", "Name", "Phone", "PostalCode", "State", "Street", "WebsiteUrl")
VALUES (@p0, @p1, @p2, @p3, @p4, @p5, @p6, @p7, @p8, @p9, @p10, @p11, @p12);
2026-09-05 14:34:22.131 +05:30 [INF] Executed DbCommand (0ms) [Parameters=[@p0='?' (Size = 36), @p1='?' (Size = 5), @p2='?' (Size = 5), @p3='?' (Size = 13), @p4='?' (DbType = DateTimeOffset), @p5='?' (DbType = Double), @p6='?' (DbType = Double), @p7='?' (Size = 19), @p8='?' (Size = 14), @p9='?' (Size = 5), @p10='?' (Size = 4), @p11='?' (Size = 14), @p12='?' (Size = 29)], CommandType='"Text"', CommandTimeout='30']
INSERT INTO "Breweries" ("Id", "BreweryType", "City", "Country", "LastRefreshedUtc", "Latitude", "Longitude", "Name", "Phone", "PostalCode", "State", "Street", "WebsiteUrl")
VALUES (@p0, @p1, @p2, @p3, @p4, @p5, @p6, @p7, @p8, @p9, @p10, @p11, @p12);
2026-09-05 14:34:22.131 +05:30 [INF] Executed DbCommand (0ms) [Parameters=[@p0='?' (Size = 36), @p1='?' (Size = 7), @p2='?' (Size = 6), @p3='?' (Size = 7), @p4='?' (DbType = DateTimeOffset), @p5='?' (DbType = Double), @p6='?' (DbType = Double), @p7='?' (Size = 8), @p8='?' (Size = 12), @p9='?' (Size = 5), @p10='?' (Size = 6), @p11='?' (Size = 23), @p12='?'], CommandType='"Text"', CommandTimeout='30']
INSERT INTO "Breweries" ("Id", "BreweryType", "City", "Country", "LastRefreshedUtc", "Latitude", "Longitude", "Name", "Phone", "PostalCode", "State", "Street", "WebsiteUrl")
VALUES (@p0, @p1, @p2, @p3, @p4, @p5, @p6, @p7, @p8, @p9, @p10, @p11, @p12);
2026-09-05 14:34:22.132 +05:30 [INF] Executed DbCommand (0ms) [Parameters=[@p0='?' (Size = 36), @p1='?' (Size = 5), @p2='?' (Size = 8), @p3='?' (Size = 13), @p4='?' (DbType = DateTimeOffset), @p5='?' (DbType = Double), @p6='?' (DbType = Double), @p7='?' (Size = 26), @p8='?' (Size = 14), @p9='?' (Size = 10), @p10='?' (Size = 6), @p11='?' (Size = 19), @p12='?' (Size = 27)], CommandType='"Text"', CommandTimeout='30']
INSERT INTO "Breweries" ("Id", "BreweryType", "City", "Country", "LastRefreshedUtc", "Latitude", "Longitude", "Name", "Phone", "PostalCode", "State", "Street", "WebsiteUrl")
VALUES (@p0, @p1, @p2, @p3, @p4, @p5, @p6, @p7, @p8, @p9, @p10, @p11, @p12);
2026-09-05 14:34:22.132 +05:30 [INF] Executed DbCommand (0ms) [Parameters=[@p0='?' (Size = 36), @p1='?' (Size = 5), @p2='?' (Size = 7), @p3='?' (Size = 13), @p4='?' (DbType = DateTimeOffset), @p5='?' (DbType = Double), @p6='?' (DbType = Double), @p7='?' (Size = 11), @p8='?' (Size = 14), @p9='?' (Size = 10), @p10='?' (Size = 8), @p11='?' (Size = 15), @p12='?'], CommandType='"Text"', CommandTimeout='30']
INSERT INTO "Breweries" ("Id", "BreweryType", "City", "Country", "LastRefreshedUtc", "Latitude", "Longitude", "Name", "Phone", "PostalCode", "State", "Street", "WebsiteUrl")
VALUES (@p0, @p1, @p2, @p3, @p4, @p5, @p6, @p7, @p8, @p9, @p10, @p11, @p12);
2026-09-05 14:34:22.132 +05:30 [INF] Executed DbCommand (0ms) [Parameters=[@p0='?' (Size = 36), @p1='?' (Size = 8), @p2='?' (Size = 6), @p3='?' (Size = 13), @p4='?' (DbType = DateTimeOffset), @p5='?' (DbType = Double), @p6='?' (DbType = Double), @p7='?' (Size = 15), @p8='?' (Size = 11), @p9='?' (Size = 10), @p10='?' (Size = 5), @p11='?', @p12='?' (Size = 29)], CommandType='"Text"', CommandTimeout='30']
INSERT INTO "Breweries" ("Id", "BreweryType", "City", "Country", "LastRefreshedUtc", "Latitude", "Longitude", "Name", "Phone", "PostalCode", "State", "Street", "WebsiteUrl")
VALUES (@p0, @p1, @p2, @p3, @p4, @p5, @p6, @p7, @p8, @p9, @p10, @p11, @p12);
2026-09-05 14:34:22.133 +05:30 [INF] Executed DbCommand (0ms) [Parameters=[@p0='?' (Size = 36), @p1='?' (Size = 5), @p2='?' (Size = 8), @p3='?' (Size = 9), @p4='?' (DbType = DateTimeOffset), @p5='?' (DbType = Double), @p6='?' (DbType = Double), @p7='?' (Size = 15), @p8='?' (Size = 15), @p9='?' (Size = 4), @p10='?' (Size = 3), @p11='?' (Size = 18), @p12='?' (Size = 25)], CommandType='"Text"', CommandTimeout='30']
INSERT INTO "Breweries" ("Id", "BreweryType", "City", "Country", "LastRefreshedUtc", "Latitude", "Longitude", "Name", "Phone", "PostalCode", "State", "Street", "WebsiteUrl")
VALUES (@p0, @p1, @p2, @p3, @p4, @p5, @p6, @p7, @p8, @p9, @p10, @p11, @p12);
2026-09-05 14:34:22.133 +05:30 [INF] Executed DbCommand (0ms) [Parameters=[@p0='?' (Size = 36), @p1='?' (Size = 8), @p2='?' (Size = 7), @p3='?' (Size = 13), @p4='?' (DbType = DateTimeOffset), @p5='?' (DbType = Double), @p6='?' (DbType = Double), @p7='?' (Size = 18), @p8='?', @p9='?' (Size = 10), @p10='?' (Size = 5), @p11='?', @p12='?' (Size = 46)], CommandType='"Text"', CommandTimeout='30']
INSERT INTO "Breweries" ("Id", "BreweryType", "City", "Country", "LastRefreshedUtc", "Latitude", "Longitude", "Name", "Phone", "PostalCode", "State", "Street", "WebsiteUrl")
VALUES (@p0, @p1, @p2, @p3, @p4, @p5, @p6, @p7, @p8, @p9, @p10, @p11, @p12);
2026-09-05 14:34:22.133 +05:30 [INF] Executed DbCommand (0ms) [Parameters=[@p0='?' (Size = 36), @p1='?' (Size = 5), @p2='?' (Size = 8), @p3='?' (Size = 9), @p4='?' (DbType = DateTimeOffset), @p5='?' (DbType = Double), @p6='?' (DbType = Double), @p7='?' (Size = 18), @p8='?' (Size = 15), @p9='?' (Size = 4), @p10='?' (Size = 3), @p11='?' (Size = 17), @p12='?' (Size = 33)], CommandType='"Text"', CommandTimeout='30']
INSERT INTO "Breweries" ("Id", "BreweryType", "City", "Country", "LastRefreshedUtc", "Latitude", "Longitude", "Name", "Phone", "PostalCode", "State", "Street", "WebsiteUrl")
VALUES (@p0, @p1, @p2, @p3, @p4, @p5, @p6, @p7, @p8, @p9, @p10, @p11, @p12);
2026-09-05 14:34:22.135 +05:30 [INF] Executed DbCommand (0ms) [Parameters=[@p0='?' (Size = 36), @p1='?' (Size = 5), @p2='?' (Size = 6), @p3='?' (Size = 13), @p4='?' (DbType = DateTimeOffset), @p5='?' (DbType = Double), @p6='?' (DbType = Double), @p7='?' (Size = 32), @p8='?', @p9='?' (Size = 10), @p10='?' (Size = 4), @p11='?' (Size = 17), @p12='?' (Size = 36)], CommandType='"Text"', CommandTimeout='30']
INSERT INTO "Breweries" ("Id", "BreweryType", "City", "Country", "LastRefreshedUtc", "Latitude", "Longitude", "Name", "Phone", "PostalCode", "State", "Street", "WebsiteUrl")
VALUES (@p0, @p1, @p2, @p3, @p4, @p5, @p6, @p7, @p8, @p9, @p10, @p11, @p12);
2026-09-05 14:34:22.136 +05:30 [INF] Executed DbCommand (0ms) [Parameters=[@p0='?' (Size = 36), @p1='?' (Size = 5), @p2='?' (Size = 13), @p3='?' (Size = 6), @p4='?' (DbType = DateTimeOffset), @p5='?' (DbType = Double), @p6='?' (DbType = Double), @p7='?' (Size = 16), @p8='?', @p9='?' (Size = 7), @p10='?' (Size = 7), @p11='?' (Size = 14), @p12='?' (Size = 25)], CommandType='"Text"', CommandTimeout='30']
INSERT INTO "Breweries" ("Id", "BreweryType", "City", "Country", "LastRefreshedUtc", "Latitude", "Longitude", "Name", "Phone", "PostalCode", "State", "Street", "WebsiteUrl")
VALUES (@p0, @p1, @p2, @p3, @p4, @p5, @p6, @p7, @p8, @p9, @p10, @p11, @p12);
2026-09-05 14:34:22.137 +05:30 [INF] Executed DbCommand (0ms) [Parameters=[@p0='?' (Size = 36), @p1='?' (Size = 7), @p2='?' (Size = 13), @p3='?' (Size = 13), @p4='?' (DbType = DateTimeOffset), @p5='?' (DbType = Double), @p6='?' (DbType = Double), @p7='?' (Size = 24), @p8='?' (Size = 14), @p9='?' (Size = 10), @p10='?' (Size = 8), @p11='?' (Size = 20), @p12='?' (Size = 29)], CommandType='"Text"', CommandTimeout='30']
INSERT INTO "Breweries" ("Id", "BreweryType", "City", "Country", "LastRefreshedUtc", "Latitude", "Longitude", "Name", "Phone", "PostalCode", "State", "Street", "WebsiteUrl")
VALUES (@p0, @p1, @p2, @p3, @p4, @p5, @p6, @p7, @p8, @p9, @p10, @p11, @p12);
2026-09-05 14:34:22.138 +05:30 [INF] Executed DbCommand (0ms) [Parameters=[@p0='?' (Size = 36), @p1='?' (Size = 5), @p2='?' (Size = 10), @p3='?' (Size = 13), @p4='?' (DbType = DateTimeOffset), @p5='?' (DbType = Double), @p6='?' (DbType = Double), @p7='?' (Size = 41), @p8='?' (Size = 14), @p9='?' (Size = 10), @p10='?' (Size = 13), @p11='?' (Size = 13), @p12='?'], CommandType='"Text"', CommandTimeout='30']
INSERT INTO "Breweries" ("Id", "BreweryType", "City", "Country", "LastRefreshedUtc", "Latitude", "Longitude", "Name", "Phone", "PostalCode", "State", "Street", "WebsiteUrl")
VALUES (@p0, @p1, @p2, @p3, @p4, @p5, @p6, @p7, @p8, @p9, @p10, @p11, @p12);
2026-09-05 14:34:22.139 +05:30 [INF] Executed DbCommand (0ms) [Parameters=[@p0='?' (Size = 36), @p1='?' (Size = 5), @p2='?' (Size = 8), @p3='?' (Size = 13), @p4='?' (DbType = DateTimeOffset), @p5='?' (DbType = Double), @p6='?' (DbType = Double), @p7='?' (Size = 19), @p8='?' (Size = 14), @p9='?' (Size = 10), @p10='?' (Size = 9), @p11='?' (Size = 37), @p12='?' (Size = 32)], CommandType='"Text"', CommandTimeout='30']
INSERT INTO "Breweries" ("Id", "BreweryType", "City", "Country", "LastRefreshedUtc", "Latitude", "Longitude", "Name", "Phone", "PostalCode", "State", "Street", "WebsiteUrl")
VALUES (@p0, @p1, @p2, @p3, @p4, @p5, @p6, @p7, @p8, @p9, @p10, @p11, @p12);
2026-09-05 14:34:22.140 +05:30 [INF] Executed DbCommand (0ms) [Parameters=[@p0='?' (Size = 36), @p1='?' (Size = 5), @p2='?' (Size = 9), @p3='?' (Size = 13), @p4='?' (DbType = DateTimeOffset), @p5='?' (DbType = Double), @p6='?' (DbType = Double), @p7='?' (Size = 17), @p8='?' (Size = 14), @p9='?' (Size = 10), @p10='?' (Size = 14), @p11='?' (Size = 14), @p12='?' (Size = 31)], CommandType='"Text"', CommandTimeout='30']
INSERT INTO "Breweries" ("Id", "BreweryType", "City", "Country", "LastRefreshedUtc", "Latitude", "Longitude", "Name", "Phone", "PostalCode", "State", "Street", "WebsiteUrl")
VALUES (@p0, @p1, @p2, @p3, @p4, @p5, @p6, @p7, @p8, @p9, @p10, @p11, @p12);
2026-09-05 14:34:22.140 +05:30 [INF] Executed DbCommand (0ms) [Parameters=[@p0='?' (Size = 36), @p1='?' (Size = 5), @p2='?' (Size = 10), @p3='?' (Size = 13), @p4='?' (DbType = DateTimeOffset), @p5='?' (DbType = Double), @p6='?' (DbType = Double), @p7='?' (Size = 18), @p8='?' (Size = 14), @p9='?' (Size = 5), @p10='?' (Size = 4), @p11='?' (Size = 13), @p12='?'], CommandType='"Text"', CommandTimeout='30']
INSERT INTO "Breweries" ("Id", "BreweryType", "City", "Country", "LastRefreshedUtc", "Latitude", "Longitude", "Name", "Phone", "PostalCode", "State", "Street", "WebsiteUrl")
VALUES (@p0, @p1, @p2, @p3, @p4, @p5, @p6, @p7, @p8, @p9, @p10, @p11, @p12);
2026-09-05 14:34:22.141 +05:30 [INF] Executed DbCommand (0ms) [Parameters=[@p0='?' (Size = 36), @p1='?' (Size = 6), @p2='?' (Size = 8), @p3='?' (Size = 13), @p4='?' (DbType = DateTimeOffset), @p5='?' (DbType = Double), @p6='?' (DbType = Double), @p7='?' (Size = 17), @p8='?' (Size = 14), @p9='?' (Size = 5), @p10='?' (Size = 10), @p11='?' (Size = 12), @p12='?' (Size = 29)], CommandType='"Text"', CommandTimeout='30']
INSERT INTO "Breweries" ("Id", "BreweryType", "City", "Country", "LastRefreshedUtc", "Latitude", "Longitude", "Name", "Phone", "PostalCode", "State", "Street", "WebsiteUrl")
VALUES (@p0, @p1, @p2, @p3, @p4, @p5, @p6, @p7, @p8, @p9, @p10, @p11, @p12);
2026-09-05 14:34:22.141 +05:30 [INF] Executed DbCommand (0ms) [Parameters=[@p0='?' (Size = 36), @p1='?' (Size = 5), @p2='?' (Size = 7), @p3='?' (Size = 13), @p4='?' (DbType = DateTimeOffset), @p5='?' (DbType = Double), @p6='?' (DbType = Double), @p7='?' (Size = 14), @p8='?' (Size = 14), @p9='?' (Size = 5), @p10='?' (Size = 5), @p11='?' (Size = 26), @p12='?' (Size = 29)], CommandType='"Text"', CommandTimeout='30']
INSERT INTO "Breweries" ("Id", "BreweryType", "City", "Country", "LastRefreshedUtc", "Latitude", "Longitude", "Name", "Phone", "PostalCode", "State", "Street", "WebsiteUrl")
VALUES (@p0, @p1, @p2, @p3, @p4, @p5, @p6, @p7, @p8, @p9, @p10, @p11, @p12);
2026-09-05 14:34:22.142 +05:30 [INF] Executed DbCommand (0ms) [Parameters=[@p0='?' (Size = 36), @p1='?' (Size = 7), @p2='?' (Size = 16), @p3='?' (Size = 13), @p4='?' (DbType = DateTimeOffset), @p5='?' (DbType = Double), @p6='?' (DbType = Double), @p7='?' (Size = 33), @p8='?' (Size = 14), @p9='?' (Size = 10), @p10='?' (Size = 13), @p11='?' (Size = 24), @p12='?' (Size = 32)], CommandType='"Text"', CommandTimeout='30']
INSERT INTO "Breweries" ("Id", "BreweryType", "City", "Country", "LastRefreshedUtc", "Latitude", "Longitude", "Name", "Phone", "PostalCode", "State", "Street", "WebsiteUrl")
VALUES (@p0, @p1, @p2, @p3, @p4, @p5, @p6, @p7, @p8, @p9, @p10, @p11, @p12);
2026-09-05 14:34:22.142 +05:30 [INF] Executed DbCommand (0ms) [Parameters=[@p0='?' (Size = 36), @p1='?' (Size = 6), @p2='?' (Size = 13), @p3='?' (Size = 13), @p4='?' (DbType = DateTimeOffset), @p5='?' (DbType = Double), @p6='?' (DbType = Double), @p7='?' (Size = 17), @p8='?' (Size = 14), @p9='?' (Size = 5), @p10='?' (Size = 8), @p11='?' (Size = 16), @p12='?' (Size = 30)], CommandType='"Text"', CommandTimeout='30']
INSERT INTO "Breweries" ("Id", "BreweryType", "City", "Country", "LastRefreshedUtc", "Latitude", "Longitude", "Name", "Phone", "PostalCode", "State", "Street", "WebsiteUrl")
VALUES (@p0, @p1, @p2, @p3, @p4, @p5, @p6, @p7, @p8, @p9, @p10, @p11, @p12);
2026-09-05 14:34:22.143 +05:30 [INF] Executed DbCommand (0ms) [Parameters=[@p0='?' (Size = 36), @p1='?' (Size = 6), @p2='?' (Size = 4), @p3='?' (Size = 13), @p4='?' (DbType = DateTimeOffset), @p5='?' (DbType = Double), @p6='?' (DbType = Double), @p7='?' (Size = 40), @p8='?' (Size = 14), @p9='?' (Size = 10), @p10='?' (Size = 10), @p11='?' (Size = 17), @p12='?' (Size = 45)], CommandType='"Text"', CommandTimeout='30']
INSERT INTO "Breweries" ("Id", "BreweryType", "City", "Country", "LastRefreshedUtc", "Latitude", "Longitude", "Name", "Phone", "PostalCode", "State", "Street", "WebsiteUrl")
VALUES (@p0, @p1, @p2, @p3, @p4, @p5, @p6, @p7, @p8, @p9, @p10, @p11, @p12);
2026-09-05 14:34:22.143 +05:30 [INF] Executed DbCommand (0ms) [Parameters=[@p0='?' (Size = 36), @p1='?' (Size = 8), @p2='?' (Size = 8), @p3='?' (Size = 13), @p4='?' (DbType = DateTimeOffset), @p5='?' (DbType = Double), @p6='?' (DbType = Double), @p7='?' (Size = 24), @p8='?' (Size = 14), @p9='?' (Size = 10), @p10='?' (Size = 8), @p11='?' (Size = 18), @p12='?' (Size = 24)], CommandType='"Text"', CommandTimeout='30']
INSERT INTO "Breweries" ("Id", "BreweryType", "City", "Country", "LastRefreshedUtc", "Latitude", "Longitude", "Name", "Phone", "PostalCode", "State", "Street", "WebsiteUrl")
VALUES (@p0, @p1, @p2, @p3, @p4, @p5, @p6, @p7, @p8, @p9, @p10, @p11, @p12);
2026-09-05 14:34:22.144 +05:30 [INF] Executed DbCommand (0ms) [Parameters=[@p0='?' (Size = 36), @p1='?' (Size = 7), @p2='?' (Size = 11), @p3='?' (Size = 13), @p4='?' (DbType = DateTimeOffset), @p5='?' (DbType = Double), @p6='?' (DbType = Double), @p7='?' (Size = 24), @p8='?' (Size = 14), @p9='?' (Size = 10), @p10='?' (Size = 8), @p11='?' (Size = 10), @p12='?' (Size = 29)], CommandType='"Text"', CommandTimeout='30']
INSERT INTO "Breweries" ("Id", "BreweryType", "City", "Country", "LastRefreshedUtc", "Latitude", "Longitude", "Name", "Phone", "PostalCode", "State", "Street", "WebsiteUrl")
VALUES (@p0, @p1, @p2, @p3, @p4, @p5, @p6, @p7, @p8, @p9, @p10, @p11, @p12);
2026-09-05 14:34:22.145 +05:30 [INF] Executed DbCommand (0ms) [Parameters=[@p0='?' (Size = 36), @p1='?' (Size = 5), @p2='?' (Size = 10), @p3='?' (Size = 13), @p4='?' (DbType = DateTimeOffset), @p5='?' (DbType = Double), @p6='?' (DbType = Double), @p7='?' (Size = 20), @p8='?' (Size = 14), @p9='?' (Size = 10), @p10='?' (Size = 8), @p11='?' (Size = 18), @p12='?' (Size = 29)], CommandType='"Text"', CommandTimeout='30']
INSERT INTO "Breweries" ("Id", "BreweryType", "City", "Country", "LastRefreshedUtc", "Latitude", "Longitude", "Name", "Phone", "PostalCode", "State", "Street", "WebsiteUrl")
VALUES (@p0, @p1, @p2, @p3, @p4, @p5, @p6, @p7, @p8, @p9, @p10, @p11, @p12);
2026-09-05 14:34:22.145 +05:30 [INF] Executed DbCommand (0ms) [Parameters=[@p0='?' (Size = 36), @p1='?' (Size = 7), @p2='?' (Size = 9), @p3='?' (Size = 13), @p4='?' (DbType = DateTimeOffset), @p5='?' (DbType = Double), @p6='?' (DbType = Double), @p7='?' (Size = 12), @p8='?' (Size = 14), @p9='?' (Size = 10), @p10='?' (Size = 8), @p11='?' (Size = 13), @p12='?' (Size = 25)], CommandType='"Text"', CommandTimeout='30']
INSERT INTO "Breweries" ("Id", "BreweryType", "City", "Country", "LastRefreshedUtc", "Latitude", "Longitude", "Name", "Phone", "PostalCode", "State", "Street", "WebsiteUrl")
VALUES (@p0, @p1, @p2, @p3, @p4, @p5, @p6, @p7, @p8, @p9, @p10, @p11, @p12);
2026-09-05 14:34:22.146 +05:30 [INF] Executed DbCommand (0ms) [Parameters=[@p0='?' (Size = 36), @p1='?' (Size = 5), @p2='?' (Size = 10), @p3='?' (Size = 13), @p4='?' (DbType = DateTimeOffset), @p5='?' (DbType = Double), @p6='?' (DbType = Double), @p7='?' (Size = 23), @p8='?' (Size = 14), @p9='?' (Size = 10), @p10='?' (Size = 8), @p11='?' (Size = 22), @p12='?' (Size = 24)], CommandType='"Text"', CommandTimeout='30']
INSERT INTO "Breweries" ("Id", "BreweryType", "City", "Country", "LastRefreshedUtc", "Latitude", "Longitude", "Name", "Phone", "PostalCode", "State", "Street", "WebsiteUrl")
VALUES (@p0, @p1, @p2, @p3, @p4, @p5, @p6, @p7, @p8, @p9, @p10, @p11, @p12);
2026-09-05 14:34:22.146 +05:30 [INF] Executed DbCommand (0ms) [Parameters=[@p0='?' (Size = 36), @p1='?' (Size = 5), @p2='?' (Size = 7), @p3='?' (Size = 13), @p4='?' (DbType = DateTimeOffset), @p5='?' (DbType = Double), @p6='?' (DbType = Double), @p7='?' (Size = 21), @p8='?' (Size = 14), @p9='?' (Size = 10), @p10='?' (Size = 10), @p11='?' (Size = 25), @p12='?'], CommandType='"Text"', CommandTimeout='30']
INSERT INTO "Breweries" ("Id", "BreweryType", "City", "Country", "LastRefreshedUtc", "Latitude", "Longitude", "Name", "Phone", "PostalCode", "State", "Street", "WebsiteUrl")
VALUES (@p0, @p1, @p2, @p3, @p4, @p5, @p6, @p7, @p8, @p9, @p10, @p11, @p12);
2026-09-05 14:34:22.147 +05:30 [INF] Executed DbCommand (0ms) [Parameters=[@p0='?' (Size = 36), @p1='?' (Size = 7), @p2='?' (Size = 19), @p3='?' (Size = 7), @p4='?' (DbType = DateTimeOffset), @p5='?' (DbType = Double), @p6='?' (DbType = Double), @p7='?' (Size = 9), @p8='?' (Size = 14), @p9='?' (Size = 5), @p10='?' (Size = 6), @p11='?' (Size = 6), @p12='?' (Size = 23)], CommandType='"Text"', CommandTimeout='30']
INSERT INTO "Breweries" ("Id", "BreweryType", "City", "Country", "LastRefreshedUtc", "Latitude", "Longitude", "Name", "Phone", "PostalCode", "State", "Street", "WebsiteUrl")
VALUES (@p0, @p1, @p2, @p3, @p4, @p5, @p6, @p7, @p8, @p9, @p10, @p11, @p12);
2026-09-05 14:34:22.147 +05:30 [INF] Executed DbCommand (0ms) [Parameters=[@p0='?' (Size = 36), @p1='?' (Size = 8), @p2='?' (Size = 8), @p3='?' (Size = 13), @p4='?' (DbType = DateTimeOffset), @p5='?' (DbType = Double), @p6='?' (DbType = Double), @p7='?' (Size = 28), @p8='?' (Size = 14), @p9='?' (Size = 5), @p10='?' (Size = 8), @p11='?', @p12='?' (Size = 26)], CommandType='"Text"', CommandTimeout='30']
INSERT INTO "Breweries" ("Id", "BreweryType", "City", "Country", "LastRefreshedUtc", "Latitude", "Longitude", "Name", "Phone", "PostalCode", "State", "Street", "WebsiteUrl")
VALUES (@p0, @p1, @p2, @p3, @p4, @p5, @p6, @p7, @p8, @p9, @p10, @p11, @p12);
2026-09-05 14:34:22.148 +05:30 [INF] Executed DbCommand (0ms) [Parameters=[@p0='?' (Size = 36), @p1='?' (Size = 7), @p2='?' (Size = 10), @p3='?' (Size = 13), @p4='?' (DbType = DateTimeOffset), @p5='?' (DbType = Double), @p6='?' (DbType = Double), @p7='?' (Size = 28), @p8='?' (Size = 14), @p9='?' (Size = 10), @p10='?' (Size = 20), @p11='?' (Size = 23), @p12='?' (Size = 42)], CommandType='"Text"', CommandTimeout='30']
INSERT INTO "Breweries" ("Id", "BreweryType", "City", "Country", "LastRefreshedUtc", "Latitude", "Longitude", "Name", "Phone", "PostalCode", "State", "Street", "WebsiteUrl")
VALUES (@p0, @p1, @p2, @p3, @p4, @p5, @p6, @p7, @p8, @p9, @p10, @p11, @p12);
2026-09-05 14:34:22.148 +05:30 [INF] Executed DbCommand (0ms) [Parameters=[@p0='?' (Size = 36), @p1='?' (Size = 7), @p2='?' (Size = 8), @p3='?' (Size = 13), @p4='?' (DbType = DateTimeOffset), @p5='?' (DbType = Double), @p6='?' (DbType = Double), @p7='?' (Size = 16), @p8='?' (Size = 14), @p9='?' (Size = 10), @p10='?' (Size = 5), @p11='?' (Size = 13), @p12='?' (Size = 28)], CommandType='"Text"', CommandTimeout='30']
INSERT INTO "Breweries" ("Id", "BreweryType", "City", "Country", "LastRefreshedUtc", "Latitude", "Longitude", "Name", "Phone", "PostalCode", "State", "Street", "WebsiteUrl")
VALUES (@p0, @p1, @p2, @p3, @p4, @p5, @p6, @p7, @p8, @p9, @p10, @p11, @p12);
2026-09-05 14:34:22.148 +05:30 [INF] Executed DbCommand (0ms) [Parameters=[@p0='?' (Size = 36), @p1='?' (Size = 7), @p2='?' (Size = 18), @p3='?' (Size = 7), @p4='?' (DbType = DateTimeOffset), @p5='?' (DbType = Double), @p6='?' (DbType = Double), @p7='?' (Size = 14), @p8='?' (Size = 14), @p9='?' (Size = 5), @p10='?' (Size = 17), @p11='?' (Size = 15), @p12='?' (Size = 33)], CommandType='"Text"', CommandTimeout='30']
INSERT INTO "Breweries" ("Id", "BreweryType", "City", "Country", "LastRefreshedUtc", "Latitude", "Longitude", "Name", "Phone", "PostalCode", "State", "Street", "WebsiteUrl")
VALUES (@p0, @p1, @p2, @p3, @p4, @p5, @p6, @p7, @p8, @p9, @p10, @p11, @p12);
2026-09-05 14:34:22.149 +05:30 [INF] Executed DbCommand (0ms) [Parameters=[@p0='?' (Size = 36), @p1='?' (Size = 7), @p2='?' (Size = 6), @p3='?' (Size = 13), @p4='?' (DbType = DateTimeOffset), @p5='?' (DbType = Double), @p6='?' (DbType = Double), @p7='?' (Size = 31), @p8='?' (Size = 14), @p9='?' (Size = 10), @p10='?' (Size = 12), @p11='?' (Size = 13), @p12='?' (Size = 22)], CommandType='"Text"', CommandTimeout='30']
INSERT INTO "Breweries" ("Id", "BreweryType", "City", "Country", "LastRefreshedUtc", "Latitude", "Longitude", "Name", "Phone", "PostalCode", "State", "Street", "WebsiteUrl")
VALUES (@p0, @p1, @p2, @p3, @p4, @p5, @p6, @p7, @p8, @p9, @p10, @p11, @p12);
2026-09-05 14:34:22.149 +05:30 [INF] Executed DbCommand (0ms) [Parameters=[@p0='?' (Size = 36), @p1='?' (Size = 5), @p2='?' (Size = 7), @p3='?' (Size = 13), @p4='?' (DbType = DateTimeOffset), @p5='?' (DbType = Double), @p6='?' (DbType = Double), @p7='?' (Size = 34), @p8='?' (Size = 14), @p9='?' (Size = 10), @p10='?' (Size = 10), @p11='?' (Size = 20), @p12='?' (Size = 29)], CommandType='"Text"', CommandTimeout='30']
INSERT INTO "Breweries" ("Id", "BreweryType", "City", "Country", "LastRefreshedUtc", "Latitude", "Longitude", "Name", "Phone", "PostalCode", "State", "Street", "WebsiteUrl")
VALUES (@p0, @p1, @p2, @p3, @p4, @p5, @p6, @p7, @p8, @p9, @p10, @p11, @p12);
2026-09-05 14:34:22.150 +05:30 [INF] Executed DbCommand (0ms) [Parameters=[@p0='?' (Size = 36), @p1='?' (Size = 5), @p2='?' (Size = 11), @p3='?' (Size = 13), @p4='?' (DbType = DateTimeOffset), @p5='?' (DbType = Double), @p6='?' (DbType = Double), @p7='?' (Size = 11), @p8='?' (Size = 14), @p9='?' (Size = 10), @p10='?' (Size = 13), @p11='?' (Size = 20), @p12='?' (Size = 25)], CommandType='"Text"', CommandTimeout='30']
INSERT INTO "Breweries" ("Id", "BreweryType", "City", "Country", "LastRefreshedUtc", "Latitude", "Longitude", "Name", "Phone", "PostalCode", "State", "Street", "WebsiteUrl")
VALUES (@p0, @p1, @p2, @p3, @p4, @p5, @p6, @p7, @p8, @p9, @p10, @p11, @p12);
2026-09-05 14:34:22.150 +05:30 [INF] Executed DbCommand (0ms) [Parameters=[@p0='?' (Size = 36), @p1='?' (Size = 5), @p2='?' (Size = 7), @p3='?' (Size = 13), @p4='?' (DbType = DateTimeOffset), @p5='?' (DbType = Double), @p6='?' (DbType = Double), @p7='?' (Size = 16), @p8='?' (Size = 14), @p9='?' (Size = 10), @p10='?' (Size = 10), @p11='?' (Size = 15), @p12='?' (Size = 28)], CommandType='"Text"', CommandTimeout='30']
INSERT INTO "Breweries" ("Id", "BreweryType", "City", "Country", "LastRefreshedUtc", "Latitude", "Longitude", "Name", "Phone", "PostalCode", "State", "Street", "WebsiteUrl")
VALUES (@p0, @p1, @p2, @p3, @p4, @p5, @p6, @p7, @p8, @p9, @p10, @p11, @p12);
2026-09-05 14:34:22.151 +05:30 [INF] Executed DbCommand (0ms) [Parameters=[@p0='?' (Size = 36), @p1='?' (Size = 5), @p2='?' (Size = 13), @p3='?' (Size = 13), @p4='?' (DbType = DateTimeOffset), @p5='?' (DbType = Double), @p6='?' (DbType = Double), @p7='?' (Size = 17), @p8='?' (Size = 14), @p9='?' (Size = 10), @p10='?' (Size = 8), @p11='?' (Size = 20), @p12='?' (Size = 30)], CommandType='"Text"', CommandTimeout='30']
INSERT INTO "Breweries" ("Id", "BreweryType", "City", "Country", "LastRefreshedUtc", "Latitude", "Longitude", "Name", "Phone", "PostalCode", "State", "Street", "WebsiteUrl")
VALUES (@p0, @p1, @p2, @p3, @p4, @p5, @p6, @p7, @p8, @p9, @p10, @p11, @p12);
2026-09-05 14:34:22.151 +05:30 [INF] Executed DbCommand (0ms) [Parameters=[@p0='?' (Size = 36), @p1='?' (Size = 5), @p2='?' (Size = 9), @p3='?' (Size = 11), @p4='?' (DbType = DateTimeOffset), @p5='?' (DbType = Double), @p6='?' (DbType = Double), @p7='?' (Size = 3), @p8='?' (Size = 16), @p9='?' (Size = 4), @p10='?' (Size = 12), @p11='?' (Size = 28), @p12='?' (Size = 28)], CommandType='"Text"', CommandTimeout='30']
INSERT INTO "Breweries" ("Id", "BreweryType", "City", "Country", "LastRefreshedUtc", "Latitude", "Longitude", "Name", "Phone", "PostalCode", "State", "Street", "WebsiteUrl")
VALUES (@p0, @p1, @p2, @p3, @p4, @p5, @p6, @p7, @p8, @p9, @p10, @p11, @p12);
2026-09-05 14:34:22.152 +05:30 [INF] Executed DbCommand (0ms) [Parameters=[@p0='?' (Size = 36), @p1='?' (Size = 7), @p2='?' (Size = 10), @p3='?' (Size = 13), @p4='?' (DbType = DateTimeOffset), @p5='?' (DbType = Double), @p6='?' (DbType = Double), @p7='?' (Size = 20), @p8='?' (Size = 14), @p9='?' (Size = 10), @p10='?' (Size = 14), @p11='?' (Size = 21), @p12='?' (Size = 29)], CommandType='"Text"', CommandTimeout='30']
INSERT INTO "Breweries" ("Id", "BreweryType", "City", "Country", "LastRefreshedUtc", "Latitude", "Longitude", "Name", "Phone", "PostalCode", "State", "Street", "WebsiteUrl")
VALUES (@p0, @p1, @p2, @p3, @p4, @p5, @p6, @p7, @p8, @p9, @p10, @p11, @p12);
2026-09-05 14:34:22.152 +05:30 [INF] Executed DbCommand (0ms) [Parameters=[@p0='?' (Size = 36), @p1='?' (Size = 5), @p2='?' (Size = 11), @p3='?' (Size = 13), @p4='?' (DbType = DateTimeOffset), @p5='?' (DbType = Double), @p6='?' (DbType = Double), @p7='?' (Size = 21), @p8='?' (Size = 14), @p9='?' (Size = 10), @p10='?' (Size = 10), @p11='?' (Size = 19), @p12='?' (Size = 31)], CommandType='"Text"', CommandTimeout='30']
INSERT INTO "Breweries" ("Id", "BreweryType", "City", "Country", "LastRefreshedUtc", "Latitude", "Longitude", "Name", "Phone", "PostalCode", "State", "Street", "WebsiteUrl")
VALUES (@p0, @p1, @p2, @p3, @p4, @p5, @p6, @p7, @p8, @p9, @p10, @p11, @p12);
2026-09-05 14:34:22.153 +05:30 [INF] Executed DbCommand (0ms) [Parameters=[@p0='?' (Size = 36), @p1='?' (Size = 5), @p2='?' (Size = 4), @p3='?' (Size = 13), @p4='?' (DbType = DateTimeOffset), @p5='?' (DbType = Double), @p6='?' (DbType = Double), @p7='?' (Size = 17), @p8='?' (Size = 14), @p9='?' (Size = 10), @p10='?' (Size = 5), @p11='?' (Size = 17), @p12='?' (Size = 30)], CommandType='"Text"', CommandTimeout='30']
INSERT INTO "Breweries" ("Id", "BreweryType", "City", "Country", "LastRefreshedUtc", "Latitude", "Longitude", "Name", "Phone", "PostalCode", "State", "Street", "WebsiteUrl")
VALUES (@p0, @p1, @p2, @p3, @p4, @p5, @p6, @p7, @p8, @p9, @p10, @p11, @p12);
2026-09-05 14:34:22.153 +05:30 [INF] Executed DbCommand (0ms) [Parameters=[@p0='?' (Size = 36), @p1='?' (Size = 7), @p2='?' (Size = 14), @p3='?' (Size = 7), @p4='?' (DbType = DateTimeOffset), @p5='?' (DbType = Double), @p6='?' (DbType = Double), @p7='?' (Size = 11), @p8='?' (Size = 15), @p9='?' (Size = 5), @p10='?' (Size = 13), @p11='?' (Size = 16), @p12='?' (Size = 18)], CommandType='"Text"', CommandTimeout='30']
INSERT INTO "Breweries" ("Id", "BreweryType", "City", "Country", "LastRefreshedUtc", "Latitude", "Longitude", "Name", "Phone", "PostalCode", "State", "Street", "WebsiteUrl")
VALUES (@p0, @p1, @p2, @p3, @p4, @p5, @p6, @p7, @p8, @p9, @p10, @p11, @p12);
2026-09-05 14:34:22.154 +05:30 [INF] Executed DbCommand (0ms) [Parameters=[@p0='?' (Size = 36), @p1='?' (Size = 5), @p2='?' (Size = 8), @p3='?' (Size = 13), @p4='?' (DbType = DateTimeOffset), @p5='?' (DbType = Double), @p6='?' (DbType = Double), @p7='?' (Size = 17), @p8='?' (Size = 14), @p9='?' (Size = 10), @p10='?' (Size = 7), @p11='?' (Size = 12), @p12='?' (Size = 30)], CommandType='"Text"', CommandTimeout='30']
INSERT INTO "Breweries" ("Id", "BreweryType", "City", "Country", "LastRefreshedUtc", "Latitude", "Longitude", "Name", "Phone", "PostalCode", "State", "Street", "WebsiteUrl")
VALUES (@p0, @p1, @p2, @p3, @p4, @p5, @p6, @p7, @p8, @p9, @p10, @p11, @p12);
2026-09-05 14:34:22.155 +05:30 [INF] Executed DbCommand (0ms) [Parameters=[@p0='?' (Size = 36), @p1='?' (Size = 7), @p2='?' (Size = 14), @p3='?' (Size = 13), @p4='?' (DbType = DateTimeOffset), @p5='?' (DbType = Double), @p6='?' (DbType = Double), @p7='?' (Size = 15), @p8='?' (Size = 14), @p9='?' (Size = 5), @p10='?' (Size = 8), @p11='?' (Size = 28), @p12='?'], CommandType='"Text"', CommandTimeout='30']
INSERT INTO "Breweries" ("Id", "BreweryType", "City", "Country", "LastRefreshedUtc", "Latitude", "Longitude", "Name", "Phone", "PostalCode", "State", "Street", "WebsiteUrl")
VALUES (@p0, @p1, @p2, @p3, @p4, @p5, @p6, @p7, @p8, @p9, @p10, @p11, @p12);
2026-09-05 14:34:22.155 +05:30 [INF] Executed DbCommand (0ms) [Parameters=[@p0='?' (Size = 36), @p1='?' (Size = 7), @p2='?' (Size = 5), @p3='?' (Size = 13), @p4='?' (DbType = DateTimeOffset), @p5='?' (DbType = Double), @p6='?' (DbType = Double), @p7='?' (Size = 16), @p8='?' (Size = 14), @p9='?' (Size = 10), @p10='?' (Size = 14), @p11='?' (Size = 17), @p12='?' (Size = 34)], CommandType='"Text"', CommandTimeout='30']
INSERT INTO "Breweries" ("Id", "BreweryType", "City", "Country", "LastRefreshedUtc", "Latitude", "Longitude", "Name", "Phone", "PostalCode", "State", "Street", "WebsiteUrl")
VALUES (@p0, @p1, @p2, @p3, @p4, @p5, @p6, @p7, @p8, @p9, @p10, @p11, @p12);
2026-09-05 14:34:22.156 +05:30 [INF] Executed DbCommand (0ms) [Parameters=[@p0='?' (Size = 36), @p1='?' (Size = 7), @p2='?' (Size = 10), @p3='?' (Size = 13), @p4='?' (DbType = DateTimeOffset), @p5='?' (DbType = Double), @p6='?' (DbType = Double), @p7='?' (Size = 23), @p8='?' (Size = 14), @p9='?' (Size = 10), @p10='?' (Size = 10), @p11='?' (Size = 18), @p12='?' (Size = 27)], CommandType='"Text"', CommandTimeout='30']
INSERT INTO "Breweries" ("Id", "BreweryType", "City", "Country", "LastRefreshedUtc", "Latitude", "Longitude", "Name", "Phone", "PostalCode", "State", "Street", "WebsiteUrl")
VALUES (@p0, @p1, @p2, @p3, @p4, @p5, @p6, @p7, @p8, @p9, @p10, @p11, @p12);
2026-09-05 14:34:22.156 +05:30 [INF] Executed DbCommand (0ms) [Parameters=[@p0='?' (Size = 36), @p1='?' (Size = 5), @p2='?' (Size = 9), @p3='?' (Size = 9), @p4='?' (DbType = DateTimeOffset), @p5='?' (DbType = Double), @p6='?' (DbType = Double), @p7='?' (Size = 16), @p8='?', @p9='?' (Size = 4), @p10='?' (Size = 3), @p11='?' (Size = 16), @p12='?' (Size = 33)], CommandType='"Text"', CommandTimeout='30']
INSERT INTO "Breweries" ("Id", "BreweryType", "City", "Country", "LastRefreshedUtc", "Latitude", "Longitude", "Name", "Phone", "PostalCode", "State", "Street", "WebsiteUrl")
VALUES (@p0, @p1, @p2, @p3, @p4, @p5, @p6, @p7, @p8, @p9, @p10, @p11, @p12);
2026-09-05 14:34:22.157 +05:30 [INF] Executed DbCommand (0ms) [Parameters=[@p0='?' (Size = 36), @p1='?' (Size = 5), @p2='?' (Size = 13), @p3='?' (Size = 13), @p4='?' (DbType = DateTimeOffset), @p5='?' (DbType = Double), @p6='?' (DbType = Double), @p7='?' (Size = 29), @p8='?' (Size = 14), @p9='?' (Size = 10), @p10='?' (Size = 7), @p11='?' (Size = 24), @p12='?' (Size = 33)], CommandType='"Text"', CommandTimeout='30']
INSERT INTO "Breweries" ("Id", "BreweryType", "City", "Country", "LastRefreshedUtc", "Latitude", "Longitude", "Name", "Phone", "PostalCode", "State", "Street", "WebsiteUrl")
VALUES (@p0, @p1, @p2, @p3, @p4, @p5, @p6, @p7, @p8, @p9, @p10, @p11, @p12);
2026-09-05 14:34:22.157 +05:30 [INF] Executed DbCommand (0ms) [Parameters=[@p0='?' (Size = 36), @p1='?' (Size = 7), @p2='?' (Size = 10), @p3='?' (Size = 13), @p4='?' (DbType = DateTimeOffset), @p5='?' (DbType = Double), @p6='?' (DbType = Double), @p7='?' (Size = 8), @p8='?' (Size = 14), @p9='?' (Size = 10), @p10='?' (Size = 5), @p11='?' (Size = 14), @p12='?' (Size = 24)], CommandType='"Text"', CommandTimeout='30']
INSERT INTO "Breweries" ("Id", "BreweryType", "City", "Country", "LastRefreshedUtc", "Latitude", "Longitude", "Name", "Phone", "PostalCode", "State", "Street", "WebsiteUrl")
VALUES (@p0, @p1, @p2, @p3, @p4, @p5, @p6, @p7, @p8, @p9, @p10, @p11, @p12);
2026-09-05 14:34:22.157 +05:30 [INF] Executed DbCommand (0ms) [Parameters=[@p0='?' (Size = 36), @p1='?' (Size = 6), @p2='?' (Size = 4), @p3='?' (Size = 13), @p4='?' (DbType = DateTimeOffset), @p5='?' (DbType = Double), @p6='?' (DbType = Double), @p7='?' (Size = 19), @p8='?' (Size = 14), @p9='?' (Size = 5), @p10='?' (Size = 10), @p11='?' (Size = 25), @p12='?' (Size = 25)], CommandType='"Text"', CommandTimeout='30']
INSERT INTO "Breweries" ("Id", "BreweryType", "City", "Country", "LastRefreshedUtc", "Latitude", "Longitude", "Name", "Phone", "PostalCode", "State", "Street", "WebsiteUrl")
VALUES (@p0, @p1, @p2, @p3, @p4, @p5, @p6, @p7, @p8, @p9, @p10, @p11, @p12);
2026-09-05 14:34:22.158 +05:30 [INF] Executed DbCommand (0ms) [Parameters=[@p0='?' (Size = 36), @p1='?' (Size = 7), @p2='?' (Size = 10), @p3='?' (Size = 13), @p4='?' (DbType = DateTimeOffset), @p5='?' (DbType = Double), @p6='?' (DbType = Double), @p7='?' (Size = 30), @p8='?' (Size = 14), @p9='?' (Size = 10), @p10='?' (Size = 10), @p11='?' (Size = 18), @p12='?' (Size = 39)], CommandType='"Text"', CommandTimeout='30']
INSERT INTO "Breweries" ("Id", "BreweryType", "City", "Country", "LastRefreshedUtc", "Latitude", "Longitude", "Name", "Phone", "PostalCode", "State", "Street", "WebsiteUrl")
VALUES (@p0, @p1, @p2, @p3, @p4, @p5, @p6, @p7, @p8, @p9, @p10, @p11, @p12);
2026-09-05 14:34:22.158 +05:30 [INF] Executed DbCommand (0ms) [Parameters=[@p0='?' (Size = 36), @p1='?' (Size = 7), @p2='?' (Size = 10), @p3='?' (Size = 13), @p4='?' (DbType = DateTimeOffset), @p5='?' (DbType = Double), @p6='?' (DbType = Double), @p7='?' (Size = 33), @p8='?' (Size = 14), @p9='?' (Size = 10), @p10='?' (Size = 10), @p11='?' (Size = 15), @p12='?' (Size = 32)], CommandType='"Text"', CommandTimeout='30']
INSERT INTO "Breweries" ("Id", "BreweryType", "City", "Country", "LastRefreshedUtc", "Latitude", "Longitude", "Name", "Phone", "PostalCode", "State", "Street", "WebsiteUrl")
VALUES (@p0, @p1, @p2, @p3, @p4, @p5, @p6, @p7, @p8, @p9, @p10, @p11, @p12);
2026-09-05 14:34:22.159 +05:30 [INF] Executed DbCommand (0ms) [Parameters=[@p0='?' (Size = 36), @p1='?' (Size = 5), @p2='?' (Size = 9), @p3='?' (Size = 7), @p4='?' (DbType = DateTimeOffset), @p5='?' (DbType = Double), @p6='?' (DbType = Double), @p7='?' (Size = 19), @p8='?' (Size = 14), @p9='?' (Size = 4), @p10='?' (Size = 10), @p11='?' (Size = 11), @p12='?' (Size = 36)], CommandType='"Text"', CommandTimeout='30']
INSERT INTO "Breweries" ("Id", "BreweryType", "City", "Country", "LastRefreshedUtc", "Latitude", "Longitude", "Name", "Phone", "PostalCode", "State", "Street", "WebsiteUrl")
VALUES (@p0, @p1, @p2, @p3, @p4, @p5, @p6, @p7, @p8, @p9, @p10, @p11, @p12);
2026-09-05 14:34:22.159 +05:30 [INF] Executed DbCommand (0ms) [Parameters=[@p0='?' (Size = 36), @p1='?' (Size = 7), @p2='?' (Size = 9), @p3='?' (Size = 12), @p4='?' (DbType = DateTimeOffset), @p5='?' (DbType = Double), @p6='?' (DbType = Double), @p7='?' (Size = 26), @p8='?' (Size = 15), @p9='?' (Size = 4), @p10='?' (Size = 7), @p11='?' (Size = 21), @p12='?' (Size = 24)], CommandType='"Text"', CommandTimeout='30']
INSERT INTO "Breweries" ("Id", "BreweryType", "City", "Country", "LastRefreshedUtc", "Latitude", "Longitude", "Name", "Phone", "PostalCode", "State", "Street", "WebsiteUrl")
VALUES (@p0, @p1, @p2, @p3, @p4, @p5, @p6, @p7, @p8, @p9, @p10, @p11, @p12);
2026-09-05 14:34:22.160 +05:30 [INF] Executed DbCommand (0ms) [Parameters=[@p0='?' (Size = 36), @p1='?' (Size = 5), @p2='?' (Size = 10), @p3='?' (Size = 13), @p4='?' (DbType = DateTimeOffset), @p5='?' (DbType = Double), @p6='?' (DbType = Double), @p7='?' (Size = 26), @p8='?' (Size = 14), @p9='?' (Size = 10), @p10='?' (Size = 9), @p11='?' (Size = 12), @p12='?' (Size = 27)], CommandType='"Text"', CommandTimeout='30']
INSERT INTO "Breweries" ("Id", "BreweryType", "City", "Country", "LastRefreshedUtc", "Latitude", "Longitude", "Name", "Phone", "PostalCode", "State", "Street", "WebsiteUrl")
VALUES (@p0, @p1, @p2, @p3, @p4, @p5, @p6, @p7, @p8, @p9, @p10, @p11, @p12);
2026-09-05 14:34:22.160 +05:30 [INF] Executed DbCommand (0ms) [Parameters=[@p0='?' (Size = 36), @p1='?' (Size = 5), @p2='?' (Size = 8), @p3='?' (Size = 13), @p4='?' (DbType = DateTimeOffset), @p5='?' (DbType = Double), @p6='?' (DbType = Double), @p7='?' (Size = 20), @p8='?' (Size = 14), @p9='?' (Size = 10), @p10='?' (Size = 10), @p11='?', @p12='?'], CommandType='"Text"', CommandTimeout='30']
INSERT INTO "Breweries" ("Id", "BreweryType", "City", "Country", "LastRefreshedUtc", "Latitude", "Longitude", "Name", "Phone", "PostalCode", "State", "Street", "WebsiteUrl")
VALUES (@p0, @p1, @p2, @p3, @p4, @p5, @p6, @p7, @p8, @p9, @p10, @p11, @p12);
2026-09-05 14:34:22.161 +05:30 [INF] Executed DbCommand (0ms) [Parameters=[@p0='?' (Size = 36), @p1='?' (Size = 5), @p2='?' (Size = 6), @p3='?' (Size = 13), @p4='?' (DbType = DateTimeOffset), @p5='?' (DbType = Double), @p6='?' (DbType = Double), @p7='?' (Size = 12), @p8='?' (Size = 14), @p9='?' (Size = 5), @p10='?' (Size = 8), @p11='?' (Size = 36), @p12='?' (Size = 21)], CommandType='"Text"', CommandTimeout='30']
INSERT INTO "Breweries" ("Id", "BreweryType", "City", "Country", "LastRefreshedUtc", "Latitude", "Longitude", "Name", "Phone", "PostalCode", "State", "Street", "WebsiteUrl")
VALUES (@p0, @p1, @p2, @p3, @p4, @p5, @p6, @p7, @p8, @p9, @p10, @p11, @p12);
2026-09-05 14:34:22.161 +05:30 [INF] Executed DbCommand (0ms) [Parameters=[@p0='?' (Size = 36), @p1='?' (Size = 7), @p2='?' (Size = 11), @p3='?' (Size = 13), @p4='?' (DbType = DateTimeOffset), @p5='?' (DbType = Double), @p6='?' (DbType = Double), @p7='?' (Size = 13), @p8='?' (Size = 14), @p9='?' (Size = 10), @p10='?' (Size = 10), @p11='?' (Size = 25), @p12='?' (Size = 25)], CommandType='"Text"', CommandTimeout='30']
INSERT INTO "Breweries" ("Id", "BreweryType", "City", "Country", "LastRefreshedUtc", "Latitude", "Longitude", "Name", "Phone", "PostalCode", "State", "Street", "WebsiteUrl")
VALUES (@p0, @p1, @p2, @p3, @p4, @p5, @p6, @p7, @p8, @p9, @p10, @p11, @p12);
2026-09-05 14:34:22.161 +05:30 [INF] Executed DbCommand (0ms) [Parameters=[@p0='?' (Size = 36), @p1='?' (Size = 5), @p2='?' (Size = 10), @p3='?' (Size = 7), @p4='?' (DbType = DateTimeOffset), @p5='?' (DbType = Double), @p6='?' (DbType = Double), @p7='?' (Size = 24), @p8='?' (Size = 16), @p9='?' (Size = 4), @p10='?' (Size = 10), @p11='?' (Size = 16), @p12='?' (Size = 24)], CommandType='"Text"', CommandTimeout='30']
INSERT INTO "Breweries" ("Id", "BreweryType", "City", "Country", "LastRefreshedUtc", "Latitude", "Longitude", "Name", "Phone", "PostalCode", "State", "Street", "WebsiteUrl")
VALUES (@p0, @p1, @p2, @p3, @p4, @p5, @p6, @p7, @p8, @p9, @p10, @p11, @p12);
2026-09-05 14:34:22.162 +05:30 [INF] Executed DbCommand (0ms) [Parameters=[@p0='?' (Size = 36), @p1='?' (Size = 5), @p2='?' (Size = 6), @p3='?' (Size = 13), @p4='?' (DbType = DateTimeOffset), @p5='?' (DbType = Double), @p6='?' (DbType = Double), @p7='?' (Size = 21), @p8='?' (Size = 14), @p9='?' (Size = 10), @p10='?' (Size = 8), @p11='?' (Size = 20), @p12='?' (Size = 27)], CommandType='"Text"', CommandTimeout='30']
INSERT INTO "Breweries" ("Id", "BreweryType", "City", "Country", "LastRefreshedUtc", "Latitude", "Longitude", "Name", "Phone", "PostalCode", "State", "Street", "WebsiteUrl")
VALUES (@p0, @p1, @p2, @p3, @p4, @p5, @p6, @p7, @p8, @p9, @p10, @p11, @p12);
2026-09-05 14:34:22.162 +05:30 [INF] Executed DbCommand (0ms) [Parameters=[@p0='?' (Size = 36), @p1='?' (Size = 7), @p2='?' (Size = 9), @p3='?' (Size = 7), @p4='?' (DbType = DateTimeOffset), @p5='?' (DbType = Double), @p6='?' (DbType = Double), @p7='?' (Size = 14), @p8='?' (Size = 14), @p9='?' (Size = 5), @p10='?' (Size = 13), @p11='?' (Size = 19), @p12='?' (Size = 35)], CommandType='"Text"', CommandTimeout='30']
INSERT INTO "Breweries" ("Id", "BreweryType", "City", "Country", "LastRefreshedUtc", "Latitude", "Longitude", "Name", "Phone", "PostalCode", "State", "Street", "WebsiteUrl")
VALUES (@p0, @p1, @p2, @p3, @p4, @p5, @p6, @p7, @p8, @p9, @p10, @p11, @p12);
2026-09-05 14:34:22.163 +05:30 [INF] Executed DbCommand (0ms) [Parameters=[@p0='?' (Size = 36), @p1='?' (Size = 5), @p2='?' (Size = 7), @p3='?' (Size = 7), @p4='?' (DbType = DateTimeOffset), @p5='?' (DbType = Double), @p6='?' (DbType = Double), @p7='?' (Size = 2), @p8='?' (Size = 16), @p9='?' (Size = 5), @p10='?' (Size = 19), @p11='?' (Size = 16), @p12='?' (Size = 25)], CommandType='"Text"', CommandTimeout='30']
INSERT INTO "Breweries" ("Id", "BreweryType", "City", "Country", "LastRefreshedUtc", "Latitude", "Longitude", "Name", "Phone", "PostalCode", "State", "Street", "WebsiteUrl")
VALUES (@p0, @p1, @p2, @p3, @p4, @p5, @p6, @p7, @p8, @p9, @p10, @p11, @p12);
2026-09-05 14:34:22.163 +05:30 [INF] Executed DbCommand (0ms) [Parameters=[@p0='?' (Size = 36), @p1='?' (Size = 8), @p2='?' (Size = 8), @p3='?' (Size = 13), @p4='?' (DbType = DateTimeOffset), @p5='?' (DbType = Double), @p6='?' (DbType = Double), @p7='?' (Size = 22), @p8='?' (Size = 14), @p9='?' (Size = 10), @p10='?' (Size = 8), @p11='?', @p12='?' (Size = 27)], CommandType='"Text"', CommandTimeout='30']
INSERT INTO "Breweries" ("Id", "BreweryType", "City", "Country", "LastRefreshedUtc", "Latitude", "Longitude", "Name", "Phone", "PostalCode", "State", "Street", "WebsiteUrl")
VALUES (@p0, @p1, @p2, @p3, @p4, @p5, @p6, @p7, @p8, @p9, @p10, @p11, @p12);
2026-09-05 14:34:22.163 +05:30 [INF] Executed DbCommand (0ms) [Parameters=[@p0='?' (Size = 36), @p1='?' (Size = 10), @p2='?' (Size = 5), @p3='?' (Size = 13), @p4='?' (DbType = DateTimeOffset), @p5='?' (DbType = Double), @p6='?' (DbType = Double), @p7='?' (Size = 18), @p8='?' (Size = 14), @p9='?' (Size = 10), @p10='?' (Size = 7), @p11='?' (Size = 17), @p12='?' (Size = 29)], CommandType='"Text"', CommandTimeout='30']
INSERT INTO "Breweries" ("Id", "BreweryType", "City", "Country", "LastRefreshedUtc", "Latitude", "Longitude", "Name", "Phone", "PostalCode", "State", "Street", "WebsiteUrl")
VALUES (@p0, @p1, @p2, @p3, @p4, @p5, @p6, @p7, @p8, @p9, @p10, @p11, @p12);
2026-09-05 14:34:22.164 +05:30 [INF] Executed DbCommand (0ms) [Parameters=[@p0='?' (Size = 36), @p1='?' (Size = 5), @p2='?' (Size = 4), @p3='?' (Size = 13), @p4='?' (DbType = DateTimeOffset), @p5='?' (DbType = Double), @p6='?' (DbType = Double), @p7='?' (Size = 20), @p8='?' (Size = 14), @p9='?' (Size = 10), @p10='?' (Size = 6), @p11='?' (Size = 27), @p12='?'], CommandType='"Text"', CommandTimeout='30']
INSERT INTO "Breweries" ("Id", "BreweryType", "City", "Country", "LastRefreshedUtc", "Latitude", "Longitude", "Name", "Phone", "PostalCode", "State", "Street", "WebsiteUrl")
VALUES (@p0, @p1, @p2, @p3, @p4, @p5, @p6, @p7, @p8, @p9, @p10, @p11, @p12);
2026-09-05 14:34:22.164 +05:30 [INF] Executed DbCommand (0ms) [Parameters=[@p0='?' (Size = 36), @p1='?' (Size = 7), @p2='?' (Size = 13), @p3='?' (Size = 13), @p4='?' (DbType = DateTimeOffset), @p5='?' (DbType = Double), @p6='?' (DbType = Double), @p7='?' (Size = 8), @p8='?' (Size = 14), @p9='?' (Size = 10), @p10='?' (Size = 10), @p11='?' (Size = 18), @p12='?' (Size = 28)], CommandType='"Text"', CommandTimeout='30']
INSERT INTO "Breweries" ("Id", "BreweryType", "City", "Country", "LastRefreshedUtc", "Latitude", "Longitude", "Name", "Phone", "PostalCode", "State", "Street", "WebsiteUrl")
VALUES (@p0, @p1, @p2, @p3, @p4, @p5, @p6, @p7, @p8, @p9, @p10, @p11, @p12);
2026-09-05 14:34:22.164 +05:30 [INF] Executed DbCommand (0ms) [Parameters=[@p0='?' (Size = 36), @p1='?' (Size = 5), @p2='?' (Size = 8), @p3='?' (Size = 13), @p4='?' (DbType = DateTimeOffset), @p5='?' (DbType = Double), @p6='?' (DbType = Double), @p7='?' (Size = 22), @p8='?' (Size = 14), @p9='?' (Size = 10), @p10='?' (Size = 9), @p11='?' (Size = 12), @p12='?' (Size = 28)], CommandType='"Text"', CommandTimeout='30']
INSERT INTO "Breweries" ("Id", "BreweryType", "City", "Country", "LastRefreshedUtc", "Latitude", "Longitude", "Name", "Phone", "PostalCode", "State", "Street", "WebsiteUrl")
VALUES (@p0, @p1, @p2, @p3, @p4, @p5, @p6, @p7, @p8, @p9, @p10, @p11, @p12);
2026-09-05 14:34:22.165 +05:30 [INF] Executed DbCommand (0ms) [Parameters=[@p0='?' (Size = 36), @p1='?' (Size = 5), @p2='?' (Size = 5), @p3='?' (Size = 9), @p4='?' (DbType = DateTimeOffset), @p5='?' (DbType = Double), @p6='?' (DbType = Double), @p7='?' (Size = 19), @p8='?' (Size = 15), @p9='?' (Size = 4), @p10='?' (Size = 3), @p11='?' (Size = 16), @p12='?' (Size = 31)], CommandType='"Text"', CommandTimeout='30']
INSERT INTO "Breweries" ("Id", "BreweryType", "City", "Country", "LastRefreshedUtc", "Latitude", "Longitude", "Name", "Phone", "PostalCode", "State", "Street", "WebsiteUrl")
VALUES (@p0, @p1, @p2, @p3, @p4, @p5, @p6, @p7, @p8, @p9, @p10, @p11, @p12);
2026-09-05 14:34:22.165 +05:30 [INF] Executed DbCommand (0ms) [Parameters=[@p0='?' (Size = 36), @p1='?' (Size = 8), @p2='?' (Size = 12), @p3='?' (Size = 13), @p4='?' (DbType = DateTimeOffset), @p5='?' (DbType = Double), @p6='?' (DbType = Double), @p7='?' (Size = 33), @p8='?', @p9='?' (Size = 10), @p10='?' (Size = 5), @p11='?', @p12='?'], CommandType='"Text"', CommandTimeout='30']
INSERT INTO "Breweries" ("Id", "BreweryType", "City", "Country", "LastRefreshedUtc", "Latitude", "Longitude", "Name", "Phone", "PostalCode", "State", "Street", "WebsiteUrl")
VALUES (@p0, @p1, @p2, @p3, @p4, @p5, @p6, @p7, @p8, @p9, @p10, @p11, @p12);
2026-09-05 14:34:22.165 +05:30 [INF] Executed DbCommand (0ms) [Parameters=[@p0='?' (Size = 36), @p1='?' (Size = 8), @p2='?' (Size = 11), @p3='?' (Size = 13), @p4='?' (DbType = DateTimeOffset), @p5='?' (DbType = Double), @p6='?' (DbType = Double), @p7='?' (Size = 24), @p8='?', @p9='?' (Size = 10), @p10='?' (Size = 9), @p11='?', @p12='?' (Size = 30)], CommandType='"Text"', CommandTimeout='30']
INSERT INTO "Breweries" ("Id", "BreweryType", "City", "Country", "LastRefreshedUtc", "Latitude", "Longitude", "Name", "Phone", "PostalCode", "State", "Street", "WebsiteUrl")
VALUES (@p0, @p1, @p2, @p3, @p4, @p5, @p6, @p7, @p8, @p9, @p10, @p11, @p12);
2026-09-05 14:34:22.166 +05:30 [INF] Executed DbCommand (0ms) [Parameters=[@p0='?' (Size = 36), @p1='?' (Size = 5), @p2='?' (Size = 12), @p3='?' (Size = 13), @p4='?' (DbType = DateTimeOffset), @p5='?' (DbType = Double), @p6='?' (DbType = Double), @p7='?' (Size = 24), @p8='?' (Size = 14), @p9='?' (Size = 10), @p10='?' (Size = 8), @p11='?' (Size = 12), @p12='?' (Size = 23)], CommandType='"Text"', CommandTimeout='30']
INSERT INTO "Breweries" ("Id", "BreweryType", "City", "Country", "LastRefreshedUtc", "Latitude", "Longitude", "Name", "Phone", "PostalCode", "State", "Street", "WebsiteUrl")
VALUES (@p0, @p1, @p2, @p3, @p4, @p5, @p6, @p7, @p8, @p9, @p10, @p11, @p12);
2026-09-05 14:34:22.166 +05:30 [INF] Executed DbCommand (0ms) [Parameters=[@p0='?' (Size = 36), @p1='?' (Size = 5), @p2='?' (Size = 8), @p3='?' (Size = 13), @p4='?' (DbType = DateTimeOffset), @p5='?' (DbType = Double), @p6='?' (DbType = Double), @p7='?' (Size = 20), @p8='?' (Size = 14), @p9='?' (Size = 10), @p10='?' (Size = 6), @p11='?' (Size = 19), @p12='?' (Size = 23)], CommandType='"Text"', CommandTimeout='30']
INSERT INTO "Breweries" ("Id", "BreweryType", "City", "Country", "LastRefreshedUtc", "Latitude", "Longitude", "Name", "Phone", "PostalCode", "State", "Street", "WebsiteUrl")
VALUES (@p0, @p1, @p2, @p3, @p4, @p5, @p6, @p7, @p8, @p9, @p10, @p11, @p12);
2026-09-05 14:34:22.167 +05:30 [INF] Executed DbCommand (0ms) [Parameters=[@p0='?' (Size = 36), @p1='?' (Size = 5), @p2='?' (Size = 6), @p3='?' (Size = 13), @p4='?' (DbType = DateTimeOffset), @p5='?' (DbType = Double), @p6='?' (DbType = Double), @p7='?' (Size = 17), @p8='?' (Size = 14), @p9='?' (Size = 5), @p10='?' (Size = 6), @p11='?' (Size = 19), @p12='?' (Size = 30)], CommandType='"Text"', CommandTimeout='30']
INSERT INTO "Breweries" ("Id", "BreweryType", "City", "Country", "LastRefreshedUtc", "Latitude", "Longitude", "Name", "Phone", "PostalCode", "State", "Street", "WebsiteUrl")
VALUES (@p0, @p1, @p2, @p3, @p4, @p5, @p6, @p7, @p8, @p9, @p10, @p11, @p12);
2026-09-05 14:34:22.167 +05:30 [INF] Executed DbCommand (0ms) [Parameters=[@p0='?' (Size = 36), @p1='?' (Size = 5), @p2='?' (Size = 16), @p3='?' (Size = 9), @p4='?' (DbType = DateTimeOffset), @p5='?' (DbType = Double), @p6='?' (DbType = Double), @p7='?' (Size = 22), @p8='?' (Size = 15), @p9='?' (Size = 4), @p10='?' (Size = 3), @p11='?' (Size = 14), @p12='?' (Size = 94)], CommandType='"Text"', CommandTimeout='30']
INSERT INTO "Breweries" ("Id", "BreweryType", "City", "Country", "LastRefreshedUtc", "Latitude", "Longitude", "Name", "Phone", "PostalCode", "State", "Street", "WebsiteUrl")
VALUES (@p0, @p1, @p2, @p3, @p4, @p5, @p6, @p7, @p8, @p9, @p10, @p11, @p12);
2026-09-05 14:34:22.167 +05:30 [INF] Executed DbCommand (0ms) [Parameters=[@p0='?' (Size = 36), @p1='?' (Size = 7), @p2='?' (Size = 9), @p3='?' (Size = 13), @p4='?' (DbType = DateTimeOffset), @p5='?' (DbType = Double), @p6='?' (DbType = Double), @p7='?' (Size = 15), @p8='?' (Size = 14), @p9='?' (Size = 10), @p10='?' (Size = 8), @p11='?' (Size = 13), @p12='?' (Size = 41)], CommandType='"Text"', CommandTimeout='30']
INSERT INTO "Breweries" ("Id", "BreweryType", "City", "Country", "LastRefreshedUtc", "Latitude", "Longitude", "Name", "Phone", "PostalCode", "State", "Street", "WebsiteUrl")
VALUES (@p0, @p1, @p2, @p3, @p4, @p5, @p6, @p7, @p8, @p9, @p10, @p11, @p12);
2026-09-05 14:34:22.168 +05:30 [INF] Executed DbCommand (0ms) [Parameters=[@p0='?' (Size = 36), @p1='?' (Size = 8), @p2='?' (Size = 9), @p3='?' (Size = 13), @p4='?' (DbType = DateTimeOffset), @p5='?' (DbType = Double), @p6='?' (DbType = Double), @p7='?' (Size = 18), @p8='?' (Size = 14), @p9='?' (Size = 5), @p10='?' (Size = 6), @p11='?', @p12='?' (Size = 28)], CommandType='"Text"', CommandTimeout='30']
INSERT INTO "Breweries" ("Id", "BreweryType", "City", "Country", "LastRefreshedUtc", "Latitude", "Longitude", "Name", "Phone", "PostalCode", "State", "Street", "WebsiteUrl")
VALUES (@p0, @p1, @p2, @p3, @p4, @p5, @p6, @p7, @p8, @p9, @p10, @p11, @p12);
2026-09-05 14:34:22.168 +05:30 [INF] Executed DbCommand (0ms) [Parameters=[@p0='?' (Size = 36), @p1='?' (Size = 7), @p2='?' (Size = 13), @p3='?' (Size = 12), @p4='?' (DbType = DateTimeOffset), @p5='?' (DbType = Double), @p6='?' (DbType = Double), @p7='?' (Size = 9), @p8='?' (Size = 15), @p9='?' (Size = 4), @p10='?' (Size = 10), @p11='?' (Size = 20), @p12='?' (Size = 26)], CommandType='"Text"', CommandTimeout='30']
INSERT INTO "Breweries" ("Id", "BreweryType", "City", "Country", "LastRefreshedUtc", "Latitude", "Longitude", "Name", "Phone", "PostalCode", "State", "Street", "WebsiteUrl")
VALUES (@p0, @p1, @p2, @p3, @p4, @p5, @p6, @p7, @p8, @p9, @p10, @p11, @p12);
2026-09-05 14:34:22.169 +05:30 [INF] Executed DbCommand (0ms) [Parameters=[@p0='?' (Size = 36), @p1='?' (Size = 6), @p2='?' (Size = 10), @p3='?' (Size = 13), @p4='?' (DbType = DateTimeOffset), @p5='?' (DbType = Double), @p6='?' (DbType = Double), @p7='?' (Size = 19), @p8='?' (Size = 14), @p9='?' (Size = 10), @p10='?' (Size = 10), @p11='?' (Size = 16), @p12='?' (Size = 28)], CommandType='"Text"', CommandTimeout='30']
INSERT INTO "Breweries" ("Id", "BreweryType", "City", "Country", "LastRefreshedUtc", "Latitude", "Longitude", "Name", "Phone", "PostalCode", "State", "Street", "WebsiteUrl")
VALUES (@p0, @p1, @p2, @p3, @p4, @p5, @p6, @p7, @p8, @p9, @p10, @p11, @p12);
2026-09-05 14:34:22.169 +05:30 [INF] Executed DbCommand (0ms) [Parameters=[@p0='?' (Size = 36), @p1='?' (Size = 7), @p2='?' (Size = 13), @p3='?' (Size = 7), @p4='?' (DbType = DateTimeOffset), @p5='?' (DbType = Double), @p6='?' (DbType = Double), @p7='?' (Size = 25), @p8='?', @p9='?' (Size = 5), @p10='?' (Size = 6), @p11='?' (Size = 15), @p12='?' (Size = 28)], CommandType='"Text"', CommandTimeout='30']
INSERT INTO "Breweries" ("Id", "BreweryType", "City", "Country", "LastRefreshedUtc", "Latitude", "Longitude", "Name", "Phone", "PostalCode", "State", "Street", "WebsiteUrl")
VALUES (@p0, @p1, @p2, @p3, @p4, @p5, @p6, @p7, @p8, @p9, @p10, @p11, @p12);
2026-09-05 14:34:22.170 +05:30 [INF] Executed DbCommand (0ms) [Parameters=[@p0='?' (Size = 36), @p1='?' (Size = 7), @p2='?' (Size = 14), @p3='?' (Size = 13), @p4='?' (DbType = DateTimeOffset), @p5='?' (DbType = Double), @p6='?' (DbType = Double), @p7='?' (Size = 37), @p8='?' (Size = 11), @p9='?' (Size = 10), @p10='?' (Size = 8), @p11='?' (Size = 23), @p12='?' (Size = 27)], CommandType='"Text"', CommandTimeout='30']
INSERT INTO "Breweries" ("Id", "BreweryType", "City", "Country", "LastRefreshedUtc", "Latitude", "Longitude", "Name", "Phone", "PostalCode", "State", "Street", "WebsiteUrl")
VALUES (@p0, @p1, @p2, @p3, @p4, @p5, @p6, @p7, @p8, @p9, @p10, @p11, @p12);
2026-09-05 14:34:22.170 +05:30 [INF] Executed DbCommand (0ms) [Parameters=[@p0='?' (Size = 36), @p1='?' (Size = 7), @p2='?' (Size = 8), @p3='?' (Size = 13), @p4='?' (DbType = DateTimeOffset), @p5='?' (DbType = Double), @p6='?' (DbType = Double), @p7='?' (Size = 17), @p8='?' (Size = 14), @p9='?' (Size = 10), @p10='?' (Size = 9), @p11='?' (Size = 20), @p12='?' (Size = 34)], CommandType='"Text"', CommandTimeout='30']
INSERT INTO "Breweries" ("Id", "BreweryType", "City", "Country", "LastRefreshedUtc", "Latitude", "Longitude", "Name", "Phone", "PostalCode", "State", "Street", "WebsiteUrl")
VALUES (@p0, @p1, @p2, @p3, @p4, @p5, @p6, @p7, @p8, @p9, @p10, @p11, @p12);
2026-09-05 14:34:22.171 +05:30 [INF] Executed DbCommand (0ms) [Parameters=[@p0='?' (Size = 36), @p1='?' (Size = 5), @p2='?' (Size = 9), @p3='?' (Size = 9), @p4='?' (DbType = DateTimeOffset), @p5='?' (DbType = Double), @p6='?' (DbType = Double), @p7='?' (Size = 30), @p8='?' (Size = 14), @p9='?' (Size = 6), @p10='?' (Size = 9), @p11='?' (Size = 23), @p12='?' (Size = 32)], CommandType='"Text"', CommandTimeout='30']
INSERT INTO "Breweries" ("Id", "BreweryType", "City", "Country", "LastRefreshedUtc", "Latitude", "Longitude", "Name", "Phone", "PostalCode", "State", "Street", "WebsiteUrl")
VALUES (@p0, @p1, @p2, @p3, @p4, @p5, @p6, @p7, @p8, @p9, @p10, @p11, @p12);
2026-09-05 14:34:22.171 +05:30 [INF] Executed DbCommand (0ms) [Parameters=[@p0='?' (Size = 36), @p1='?' (Size = 5), @p2='?' (Size = 10), @p3='?' (Size = 13), @p4='?' (DbType = DateTimeOffset), @p5='?' (DbType = Double), @p6='?' (DbType = Double), @p7='?' (Size = 23), @p8='?' (Size = 14), @p9='?' (Size = 10), @p10='?' (Size = 8), @p11='?' (Size = 21), @p12='?' (Size = 28)], CommandType='"Text"', CommandTimeout='30']
INSERT INTO "Breweries" ("Id", "BreweryType", "City", "Country", "LastRefreshedUtc", "Latitude", "Longitude", "Name", "Phone", "PostalCode", "State", "Street", "WebsiteUrl")
VALUES (@p0, @p1, @p2, @p3, @p4, @p5, @p6, @p7, @p8, @p9, @p10, @p11, @p12);
2026-09-05 14:34:22.172 +05:30 [INF] Executed DbCommand (0ms) [Parameters=[@p0='?' (Size = 36), @p1='?' (Size = 5), @p2='?' (Size = 9), @p3='?' (Size = 7), @p4='?' (DbType = DateTimeOffset), @p5='?' (DbType = Double), @p6='?' (DbType = Double), @p7='?' (Size = 24), @p8='?' (Size = 12), @p9='?' (Size = 8), @p10='?' (Size = 5), @p11='?' (Size = 14), @p12='?' (Size = 26)], CommandType='"Text"', CommandTimeout='30']
INSERT INTO "Breweries" ("Id", "BreweryType", "City", "Country", "LastRefreshedUtc", "Latitude", "Longitude", "Name", "Phone", "PostalCode", "State", "Street", "WebsiteUrl")
VALUES (@p0, @p1, @p2, @p3, @p4, @p5, @p6, @p7, @p8, @p9, @p10, @p11, @p12);
2026-09-05 14:34:22.172 +05:30 [INF] Executed DbCommand (0ms) [Parameters=[@p0='?' (Size = 36), @p1='?' (Size = 5), @p2='?' (Size = 12), @p3='?' (Size = 13), @p4='?' (DbType = DateTimeOffset), @p5='?' (DbType = Double), @p6='?' (DbType = Double), @p7='?' (Size = 35), @p8='?' (Size = 14), @p9='?' (Size = 10), @p10='?' (Size = 8), @p11='?' (Size = 16), @p12='?' (Size = 27)], CommandType='"Text"', CommandTimeout='30']
INSERT INTO "Breweries" ("Id", "BreweryType", "City", "Country", "LastRefreshedUtc", "Latitude", "Longitude", "Name", "Phone", "PostalCode", "State", "Street", "WebsiteUrl")
VALUES (@p0, @p1, @p2, @p3, @p4, @p5, @p6, @p7, @p8, @p9, @p10, @p11, @p12);
2026-09-05 14:34:22.173 +05:30 [INF] Executed DbCommand (0ms) [Parameters=[@p0='?' (Size = 36), @p1='?' (Size = 5), @p2='?' (Size = 7), @p3='?' (Size = 13), @p4='?' (DbType = DateTimeOffset), @p5='?' (DbType = Double), @p6='?' (DbType = Double), @p7='?' (Size = 15), @p8='?' (Size = 14), @p9='?' (Size = 10), @p10='?' (Size = 10), @p11='?' (Size = 18), @p12='?' (Size = 26)], CommandType='"Text"', CommandTimeout='30']
INSERT INTO "Breweries" ("Id", "BreweryType", "City", "Country", "LastRefreshedUtc", "Latitude", "Longitude", "Name", "Phone", "PostalCode", "State", "Street", "WebsiteUrl")
VALUES (@p0, @p1, @p2, @p3, @p4, @p5, @p6, @p7, @p8, @p9, @p10, @p11, @p12);
2026-09-05 14:34:22.173 +05:30 [INF] Executed DbCommand (0ms) [Parameters=[@p0='?' (Size = 36), @p1='?' (Size = 5), @p2='?' (Size = 9), @p3='?' (Size = 13), @p4='?' (DbType = DateTimeOffset), @p5='?' (DbType = Double), @p6='?' (DbType = Double), @p7='?' (Size = 29), @p8='?' (Size = 14), @p9='?' (Size = 10), @p10='?' (Size = 13), @p11='?' (Size = 15), @p12='?' (Size = 27)], CommandType='"Text"', CommandTimeout='30']
INSERT INTO "Breweries" ("Id", "BreweryType", "City", "Country", "LastRefreshedUtc", "Latitude", "Longitude", "Name", "Phone", "PostalCode", "State", "Street", "WebsiteUrl")
VALUES (@p0, @p1, @p2, @p3, @p4, @p5, @p6, @p7, @p8, @p9, @p10, @p11, @p12);
2026-09-05 14:34:22.174 +05:30 [INF] Executed DbCommand (0ms) [Parameters=[@p0='?' (Size = 36), @p1='?' (Size = 6), @p2='?' (Size = 9), @p3='?' (Size = 13), @p4='?' (DbType = DateTimeOffset), @p5='?' (DbType = Double), @p6='?' (DbType = Double), @p7='?' (Size = 26), @p8='?' (Size = 14), @p9='?' (Size = 10), @p10='?' (Size = 8), @p11='?', @p12='?' (Size = 31)], CommandType='"Text"', CommandTimeout='30']
INSERT INTO "Breweries" ("Id", "BreweryType", "City", "Country", "LastRefreshedUtc", "Latitude", "Longitude", "Name", "Phone", "PostalCode", "State", "Street", "WebsiteUrl")
VALUES (@p0, @p1, @p2, @p3, @p4, @p5, @p6, @p7, @p8, @p9, @p10, @p11, @p12);
2026-09-05 14:34:22.174 +05:30 [INF] Executed DbCommand (0ms) [Parameters=[@p0='?' (Size = 36), @p1='?' (Size = 5), @p2='?' (Size = 17), @p3='?' (Size = 7), @p4='?' (DbType = DateTimeOffset), @p5='?' (DbType = Double), @p6='?' (DbType = Double), @p7='?' (Size = 8), @p8='?' (Size = 14), @p9='?' (Size = 4), @p10='?' (Size = 10), @p11='?' (Size = 18), @p12='?' (Size = 67)], CommandType='"Text"', CommandTimeout='30']
INSERT INTO "Breweries" ("Id", "BreweryType", "City", "Country", "LastRefreshedUtc", "Latitude", "Longitude", "Name", "Phone", "PostalCode", "State", "Street", "WebsiteUrl")
VALUES (@p0, @p1, @p2, @p3, @p4, @p5, @p6, @p7, @p8, @p9, @p10, @p11, @p12);
2026-09-05 14:34:22.175 +05:30 [INF] Executed DbCommand (0ms) [Parameters=[@p0='?' (Size = 36), @p1='?' (Size = 5), @p2='?' (Size = 5), @p3='?' (Size = 7), @p4='?' (DbType = DateTimeOffset), @p5='?' (DbType = Double), @p6='?' (DbType = Double), @p7='?' (Size = 6), @p8='?' (Size = 14), @p9='?' (Size = 4), @p10='?' (Size = 10), @p11='?' (Size = 15), @p12='?' (Size = 31)], CommandType='"Text"', CommandTimeout='30']
INSERT INTO "Breweries" ("Id", "BreweryType", "City", "Country", "LastRefreshedUtc", "Latitude", "Longitude", "Name", "Phone", "PostalCode", "State", "Street", "WebsiteUrl")
VALUES (@p0, @p1, @p2, @p3, @p4, @p5, @p6, @p7, @p8, @p9, @p10, @p11, @p12);
2026-09-05 14:34:22.176 +05:30 [INF] Executed DbCommand (0ms) [Parameters=[@p0='?' (Size = 36), @p1='?' (Size = 8), @p2='?' (Size = 6), @p3='?' (Size = 13), @p4='?' (DbType = DateTimeOffset), @p5='?' (DbType = Double), @p6='?' (DbType = Double), @p7='?' (Size = 18), @p8='?' (Size = 14), @p9='?' (Size = 10), @p10='?' (Size = 8), @p11='?', @p12='?' (Size = 25)], CommandType='"Text"', CommandTimeout='30']
INSERT INTO "Breweries" ("Id", "BreweryType", "City", "Country", "LastRefreshedUtc", "Latitude", "Longitude", "Name", "Phone", "PostalCode", "State", "Street", "WebsiteUrl")
VALUES (@p0, @p1, @p2, @p3, @p4, @p5, @p6, @p7, @p8, @p9, @p10, @p11, @p12);
2026-09-05 14:34:22.177 +05:30 [INF] Executed DbCommand (0ms) [Parameters=[@p0='?' (Size = 36), @p1='?' (Size = 7), @p2='?' (Size = 7), @p3='?' (Size = 13), @p4='?' (DbType = DateTimeOffset), @p5='?' (DbType = Double), @p6='?' (DbType = Double), @p7='?' (Size = 23), @p8='?' (Size = 14), @p9='?' (Size = 10), @p10='?' (Size = 4), @p11='?' (Size = 18), @p12='?' (Size = 25)], CommandType='"Text"', CommandTimeout='30']
INSERT INTO "Breweries" ("Id", "BreweryType", "City", "Country", "LastRefreshedUtc", "Latitude", "Longitude", "Name", "Phone", "PostalCode", "State", "Street", "WebsiteUrl")
VALUES (@p0, @p1, @p2, @p3, @p4, @p5, @p6, @p7, @p8, @p9, @p10, @p11, @p12);
2026-09-05 14:34:22.177 +05:30 [INF] Executed DbCommand (0ms) [Parameters=[@p0='?' (Size = 36), @p1='?' (Size = 7), @p2='?' (Size = 6), @p3='?' (Size = 13), @p4='?' (DbType = DateTimeOffset), @p5='?' (DbType = Double), @p6='?' (DbType = Double), @p7='?' (Size = 15), @p8='?' (Size = 14), @p9='?' (Size = 10), @p10='?' (Size = 5), @p11='?' (Size = 20), @p12='?' (Size = 27)], CommandType='"Text"', CommandTimeout='30']
INSERT INTO "Breweries" ("Id", "BreweryType", "City", "Country", "LastRefreshedUtc", "Latitude", "Longitude", "Name", "Phone", "PostalCode", "State", "Street", "WebsiteUrl")
VALUES (@p0, @p1, @p2, @p3, @p4, @p5, @p6, @p7, @p8, @p9, @p10, @p11, @p12);
2026-09-05 14:34:22.178 +05:30 [INF] Executed DbCommand (0ms) [Parameters=[@p0='?' (Size = 36), @p1='?' (Size = 8), @p2='?' (Size = 7), @p3='?' (Size = 13), @p4='?' (DbType = DateTimeOffset), @p5='?' (DbType = Double), @p6='?' (DbType = Double), @p7='?' (Size = 24), @p8='?' (Size = 14), @p9='?' (Size = 5), @p10='?' (Size = 9), @p11='?' (Size = 27), @p12='?' (Size = 29)], CommandType='"Text"', CommandTimeout='30']
INSERT INTO "Breweries" ("Id", "BreweryType", "City", "Country", "LastRefreshedUtc", "Latitude", "Longitude", "Name", "Phone", "PostalCode", "State", "Street", "WebsiteUrl")
VALUES (@p0, @p1, @p2, @p3, @p4, @p5, @p6, @p7, @p8, @p9, @p10, @p11, @p12);
2026-09-05 14:34:22.178 +05:30 [INF] Executed DbCommand (0ms) [Parameters=[@p0='?' (Size = 36), @p1='?' (Size = 5), @p2='?' (Size = 11), @p3='?' (Size = 13), @p4='?' (DbType = DateTimeOffset), @p5='?' (DbType = Double), @p6='?' (DbType = Double), @p7='?' (Size = 25), @p8='?' (Size = 11), @p9='?' (Size = 5), @p10='?' (Size = 5), @p11='?' (Size = 16), @p12='?' (Size = 28)], CommandType='"Text"', CommandTimeout='30']
INSERT INTO "Breweries" ("Id", "BreweryType", "City", "Country", "LastRefreshedUtc", "Latitude", "Longitude", "Name", "Phone", "PostalCode", "State", "Street", "WebsiteUrl")
VALUES (@p0, @p1, @p2, @p3, @p4, @p5, @p6, @p7, @p8, @p9, @p10, @p11, @p12);
2026-09-05 14:34:22.179 +05:30 [INF] Executed DbCommand (0ms) [Parameters=[@p0='?' (Size = 36), @p1='?' (Size = 7), @p2='?' (Size = 7), @p3='?' (Size = 13), @p4='?' (DbType = DateTimeOffset), @p5='?' (DbType = Double), @p6='?' (DbType = Double), @p7='?' (Size = 16), @p8='?' (Size = 14), @p9='?' (Size = 10), @p10='?' (Size = 8), @p11='?' (Size = 14), @p12='?' (Size = 34)], CommandType='"Text"', CommandTimeout='30']
INSERT INTO "Breweries" ("Id", "BreweryType", "City", "Country", "LastRefreshedUtc", "Latitude", "Longitude", "Name", "Phone", "PostalCode", "State", "Street", "WebsiteUrl")
VALUES (@p0, @p1, @p2, @p3, @p4, @p5, @p6, @p7, @p8, @p9, @p10, @p11, @p12);
2026-09-05 14:34:22.179 +05:30 [INF] Executed DbCommand (0ms) [Parameters=[@p0='?' (Size = 36), @p1='?' (Size = 5), @p2='?' (Size = 8), @p3='?' (Size = 9), @p4='?' (DbType = DateTimeOffset), @p5='?' (DbType = Double), @p6='?' (DbType = Double), @p7='?' (Size = 20), @p8='?' (Size = 15), @p9='?' (Size = 4), @p10='?' (Size = 3), @p11='?' (Size = 18), @p12='?' (Size = 25)], CommandType='"Text"', CommandTimeout='30']
INSERT INTO "Breweries" ("Id", "BreweryType", "City", "Country", "LastRefreshedUtc", "Latitude", "Longitude", "Name", "Phone", "PostalCode", "State", "Street", "WebsiteUrl")
VALUES (@p0, @p1, @p2, @p3, @p4, @p5, @p6, @p7, @p8, @p9, @p10, @p11, @p12);
2026-09-05 14:34:22.180 +05:30 [INF] Executed DbCommand (0ms) [Parameters=[@p0='?' (Size = 36), @p1='?' (Size = 5), @p2='?' (Size = 13), @p3='?' (Size = 13), @p4='?' (DbType = DateTimeOffset), @p5='?' (DbType = Double), @p6='?' (DbType = Double), @p7='?' (Size = 17), @p8='?' (Size = 14), @p9='?' (Size = 5), @p10='?' (Size = 10), @p11='?' (Size = 24), @p12='?' (Size = 23)], CommandType='"Text"', CommandTimeout='30']
INSERT INTO "Breweries" ("Id", "BreweryType", "City", "Country", "LastRefreshedUtc", "Latitude", "Longitude", "Name", "Phone", "PostalCode", "State", "Street", "WebsiteUrl")
VALUES (@p0, @p1, @p2, @p3, @p4, @p5, @p6, @p7, @p8, @p9, @p10, @p11, @p12);
2026-09-05 14:34:22.180 +05:30 [INF] Executed DbCommand (0ms) [Parameters=[@p0='?' (Size = 36), @p1='?' (Size = 5), @p2='?' (Size = 5), @p3='?' (Size = 13), @p4='?' (DbType = DateTimeOffset), @p5='?' (DbType = Double), @p6='?' (DbType = Double), @p7='?' (Size = 28), @p8='?' (Size = 14), @p9='?' (Size = 10), @p10='?' (Size = 5), @p11='?' (Size = 16), @p12='?' (Size = 23)], CommandType='"Text"', CommandTimeout='30']
INSERT INTO "Breweries" ("Id", "BreweryType", "City", "Country", "LastRefreshedUtc", "Latitude", "Longitude", "Name", "Phone", "PostalCode", "State", "Street", "WebsiteUrl")
VALUES (@p0, @p1, @p2, @p3, @p4, @p5, @p6, @p7, @p8, @p9, @p10, @p11, @p12);
2026-09-05 14:34:22.180 +05:30 [INF] Executed DbCommand (0ms) [Parameters=[@p0='?' (Size = 36), @p1='?' (Size = 7), @p2='?' (Size = 7), @p3='?' (Size = 13), @p4='?' (DbType = DateTimeOffset), @p5='?' (DbType = Double), @p6='?' (DbType = Double), @p7='?' (Size = 16), @p8='?' (Size = 14), @p9='?' (Size = 5), @p10='?' (Size = 12), @p11='?' (Size = 13), @p12='?' (Size = 30)], CommandType='"Text"', CommandTimeout='30']
INSERT INTO "Breweries" ("Id", "BreweryType", "City", "Country", "LastRefreshedUtc", "Latitude", "Longitude", "Name", "Phone", "PostalCode", "State", "Street", "WebsiteUrl")
VALUES (@p0, @p1, @p2, @p3, @p4, @p5, @p6, @p7, @p8, @p9, @p10, @p11, @p12);
2026-09-05 14:34:22.181 +05:30 [INF] Executed DbCommand (0ms) [Parameters=[@p0='?' (Size = 36), @p1='?' (Size = 5), @p2='?' (Size = 8), @p3='?' (Size = 13), @p4='?' (DbType = DateTimeOffset), @p5='?' (DbType = Double), @p6='?' (DbType = Double), @p7='?' (Size = 27), @p8='?' (Size = 14), @p9='?' (Size = 10), @p10='?' (Size = 4), @p11='?' (Size = 14), @p12='?' (Size = 26)], CommandType='"Text"', CommandTimeout='30']
INSERT INTO "Breweries" ("Id", "BreweryType", "City", "Country", "LastRefreshedUtc", "Latitude", "Longitude", "Name", "Phone", "PostalCode", "State", "Street", "WebsiteUrl")
VALUES (@p0, @p1, @p2, @p3, @p4, @p5, @p6, @p7, @p8, @p9, @p10, @p11, @p12);
2026-09-05 14:34:22.181 +05:30 [INF] Executed DbCommand (0ms) [Parameters=[@p0='?' (Size = 36), @p1='?' (Size = 7), @p2='?' (Size = 9), @p3='?' (Size = 13), @p4='?' (DbType = DateTimeOffset), @p5='?' (DbType = Double), @p6='?' (DbType = Double), @p7='?' (Size = 33), @p8='?' (Size = 14), @p9='?' (Size = 10), @p10='?' (Size = 6), @p11='?' (Size = 13), @p12='?' (Size = 30)], CommandType='"Text"', CommandTimeout='30']
INSERT INTO "Breweries" ("Id", "BreweryType", "City", "Country", "LastRefreshedUtc", "Latitude", "Longitude", "Name", "Phone", "PostalCode", "State", "Street", "WebsiteUrl")
VALUES (@p0, @p1, @p2, @p3, @p4, @p5, @p6, @p7, @p8, @p9, @p10, @p11, @p12);
2026-09-05 14:34:22.182 +05:30 [INF] Executed DbCommand (0ms) [Parameters=[@p0='?' (Size = 36), @p1='?' (Size = 5), @p2='?' (Size = 7), @p3='?' (Size = 13), @p4='?' (DbType = DateTimeOffset), @p5='?' (DbType = Double), @p6='?' (DbType = Double), @p7='?' (Size = 18), @p8='?' (Size = 14), @p9='?' (Size = 10), @p10='?' (Size = 7), @p11='?' (Size = 14), @p12='?' (Size = 35)], CommandType='"Text"', CommandTimeout='30']
INSERT INTO "Breweries" ("Id", "BreweryType", "City", "Country", "LastRefreshedUtc", "Latitude", "Longitude", "Name", "Phone", "PostalCode", "State", "Street", "WebsiteUrl")
VALUES (@p0, @p1, @p2, @p3, @p4, @p5, @p6, @p7, @p8, @p9, @p10, @p11, @p12);
2026-09-05 14:34:22.182 +05:30 [INF] Executed DbCommand (0ms) [Parameters=[@p0='?' (Size = 36), @p1='?' (Size = 8), @p2='?' (Size = 7), @p3='?' (Size = 13), @p4='?' (DbType = DateTimeOffset), @p5='?' (DbType = Double), @p6='?' (DbType = Double), @p7='?' (Size = 19), @p8='?' (Size = 14), @p9='?' (Size = 10), @p10='?' (Size = 5), @p11='?', @p12='?'], CommandType='"Text"', CommandTimeout='30']
INSERT INTO "Breweries" ("Id", "BreweryType", "City", "Country", "LastRefreshedUtc", "Latitude", "Longitude", "Name", "Phone", "PostalCode", "State", "Street", "WebsiteUrl")
VALUES (@p0, @p1, @p2, @p3, @p4, @p5, @p6, @p7, @p8, @p9, @p10, @p11, @p12);
2026-09-05 14:34:22.183 +05:30 [INF] Executed DbCommand (0ms) [Parameters=[@p0='?' (Size = 36), @p1='?' (Size = 5), @p2='?' (Size = 9), @p3='?' (Size = 13), @p4='?' (DbType = DateTimeOffset), @p5='?' (DbType = Double), @p6='?' (DbType = Double), @p7='?' (Size = 20), @p8='?' (Size = 14), @p9='?' (Size = 10), @p10='?' (Size = 14), @p11='?' (Size = 21), @p12='?' (Size = 30)], CommandType='"Text"', CommandTimeout='30']
INSERT INTO "Breweries" ("Id", "BreweryType", "City", "Country", "LastRefreshedUtc", "Latitude", "Longitude", "Name", "Phone", "PostalCode", "State", "Street", "WebsiteUrl")
VALUES (@p0, @p1, @p2, @p3, @p4, @p5, @p6, @p7, @p8, @p9, @p10, @p11, @p12);
2026-09-05 14:34:22.183 +05:30 [INF] Executed DbCommand (0ms) [Parameters=[@p0='?' (Size = 36), @p1='?' (Size = 7), @p2='?' (Size = 8), @p3='?' (Size = 13), @p4='?' (DbType = DateTimeOffset), @p5='?' (DbType = Double), @p6='?' (DbType = Double), @p7='?' (Size = 42), @p8='?' (Size = 14), @p9='?' (Size = 10), @p10='?' (Size = 7), @p11='?' (Size = 12), @p12='?' (Size = 30)], CommandType='"Text"', CommandTimeout='30']
INSERT INTO "Breweries" ("Id", "BreweryType", "City", "Country", "LastRefreshedUtc", "Latitude", "Longitude", "Name", "Phone", "PostalCode", "State", "Street", "WebsiteUrl")
VALUES (@p0, @p1, @p2, @p3, @p4, @p5, @p6, @p7, @p8, @p9, @p10, @p11, @p12);
2026-09-05 14:34:22.184 +05:30 [INF] Executed DbCommand (0ms) [Parameters=[@p0='?' (Size = 36), @p1='?' (Size = 5), @p2='?' (Size = 10), @p3='?' (Size = 13), @p4='?' (DbType = DateTimeOffset), @p5='?' (DbType = Double), @p6='?' (DbType = Double), @p7='?' (Size = 22), @p8='?' (Size = 14), @p9='?' (Size = 10), @p10='?' (Size = 13), @p11='?', @p12='?' (Size = 27)], CommandType='"Text"', CommandTimeout='30']
INSERT INTO "Breweries" ("Id", "BreweryType", "City", "Country", "LastRefreshedUtc", "Latitude", "Longitude", "Name", "Phone", "PostalCode", "State", "Street", "WebsiteUrl")
VALUES (@p0, @p1, @p2, @p3, @p4, @p5, @p6, @p7, @p8, @p9, @p10, @p11, @p12);
2026-09-05 14:34:22.184 +05:30 [INF] Executed DbCommand (0ms) [Parameters=[@p0='?' (Size = 36), @p1='?' (Size = 5), @p2='?' (Size = 10), @p3='?' (Size = 13), @p4='?' (DbType = DateTimeOffset), @p5='?' (DbType = Double), @p6='?' (DbType = Double), @p7='?' (Size = 16), @p8='?' (Size = 14), @p9='?' (Size = 10), @p10='?' (Size = 7), @p11='?' (Size = 17), @p12='?' (Size = 24)], CommandType='"Text"', CommandTimeout='30']
INSERT INTO "Breweries" ("Id", "BreweryType", "City", "Country", "LastRefreshedUtc", "Latitude", "Longitude", "Name", "Phone", "PostalCode", "State", "Street", "WebsiteUrl")
VALUES (@p0, @p1, @p2, @p3, @p4, @p5, @p6, @p7, @p8, @p9, @p10, @p11, @p12);
2026-09-05 14:34:22.184 +05:30 [INF] Executed DbCommand (0ms) [Parameters=[@p0='?' (Size = 36), @p1='?' (Size = 6), @p2='?' (Size = 17), @p3='?' (Size = 7), @p4='?' (DbType = DateTimeOffset), @p5='?' (DbType = Double), @p6='?' (DbType = Double), @p7='?' (Size = 6), @p8='?', @p9='?' (Size = 4), @p10='?' (Size = 15), @p11='?' (Size = 19), @p12='?' (Size = 30)], CommandType='"Text"', CommandTimeout='30']
INSERT INTO "Breweries" ("Id", "BreweryType", "City", "Country", "LastRefreshedUtc", "Latitude", "Longitude", "Name", "Phone", "PostalCode", "State", "Street", "WebsiteUrl")
VALUES (@p0, @p1, @p2, @p3, @p4, @p5, @p6, @p7, @p8, @p9, @p10, @p11, @p12);
2026-09-05 14:34:22.185 +05:30 [INF] Executed DbCommand (0ms) [Parameters=[@p0='?' (Size = 36), @p1='?' (Size = 5), @p2='?' (Size = 14), @p3='?' (Size = 13), @p4='?' (DbType = DateTimeOffset), @p5='?' (DbType = Double), @p6='?' (DbType = Double), @p7='?' (Size = 24), @p8='?' (Size = 14), @p9='?' (Size = 10), @p10='?' (Size = 7), @p11='?' (Size = 14), @p12='?' (Size = 37)], CommandType='"Text"', CommandTimeout='30']
INSERT INTO "Breweries" ("Id", "BreweryType", "City", "Country", "LastRefreshedUtc", "Latitude", "Longitude", "Name", "Phone", "PostalCode", "State", "Street", "WebsiteUrl")
VALUES (@p0, @p1, @p2, @p3, @p4, @p5, @p6, @p7, @p8, @p9, @p10, @p11, @p12);
2026-09-05 14:34:22.185 +05:30 [INF] Executed DbCommand (0ms) [Parameters=[@p0='?' (Size = 36), @p1='?' (Size = 5), @p2='?' (Size = 14), @p3='?' (Size = 13), @p4='?' (DbType = DateTimeOffset), @p5='?' (DbType = Double), @p6='?' (DbType = Double), @p7='?' (Size = 17), @p8='?' (Size = 14), @p9='?' (Size = 10), @p10='?' (Size = 5), @p11='?' (Size = 22), @p12='?' (Size = 34)], CommandType='"Text"', CommandTimeout='30']
INSERT INTO "Breweries" ("Id", "BreweryType", "City", "Country", "LastRefreshedUtc", "Latitude", "Longitude", "Name", "Phone", "PostalCode", "State", "Street", "WebsiteUrl")
VALUES (@p0, @p1, @p2, @p3, @p4, @p5, @p6, @p7, @p8, @p9, @p10, @p11, @p12);
2026-09-05 14:34:22.186 +05:30 [INF] Executed DbCommand (0ms) [Parameters=[@p0='?' (Size = 36), @p1='?' (Size = 7), @p2='?' (Size = 16), @p3='?' (Size = 13), @p4='?' (DbType = DateTimeOffset), @p5='?' (DbType = Double), @p6='?' (DbType = Double), @p7='?' (Size = 23), @p8='?' (Size = 14), @p9='?' (Size = 10), @p10='?' (Size = 8), @p11='?' (Size = 12), @p12='?' (Size = 23)], CommandType='"Text"', CommandTimeout='30']
INSERT INTO "Breweries" ("Id", "BreweryType", "City", "Country", "LastRefreshedUtc", "Latitude", "Longitude", "Name", "Phone", "PostalCode", "State", "Street", "WebsiteUrl")
VALUES (@p0, @p1, @p2, @p3, @p4, @p5, @p6, @p7, @p8, @p9, @p10, @p11, @p12);
2026-09-05 14:34:22.186 +05:30 [INF] Executed DbCommand (0ms) [Parameters=[@p0='?' (Size = 36), @p1='?' (Size = 7), @p2='?' (Size = 7), @p3='?' (Size = 13), @p4='?' (DbType = DateTimeOffset), @p5='?' (DbType = Double), @p6='?' (DbType = Double), @p7='?' (Size = 21), @p8='?' (Size = 14), @p9='?' (Size = 10), @p10='?' (Size = 6), @p11='?' (Size = 13), @p12='?' (Size = 32)], CommandType='"Text"', CommandTimeout='30']
INSERT INTO "Breweries" ("Id", "BreweryType", "City", "Country", "LastRefreshedUtc", "Latitude", "Longitude", "Name", "Phone", "PostalCode", "State", "Street", "WebsiteUrl")
VALUES (@p0, @p1, @p2, @p3, @p4, @p5, @p6, @p7, @p8, @p9, @p10, @p11, @p12);
2026-09-05 14:34:22.187 +05:30 [INF] Executed DbCommand (0ms) [Parameters=[@p0='?' (Size = 36), @p1='?' (Size = 8), @p2='?' (Size = 6), @p3='?' (Size = 11), @p4='?' (DbType = DateTimeOffset), @p5='?' (DbType = Double), @p6='?' (DbType = Double), @p7='?' (Size = 8), @p8='?' (Size = 15), @p9='?' (Size = 4), @p10='?' (Size = 12), @p11='?' (Size = 16), @p12='?' (Size = 22)], CommandType='"Text"', CommandTimeout='30']
INSERT INTO "Breweries" ("Id", "BreweryType", "City", "Country", "LastRefreshedUtc", "Latitude", "Longitude", "Name", "Phone", "PostalCode", "State", "Street", "WebsiteUrl")
VALUES (@p0, @p1, @p2, @p3, @p4, @p5, @p6, @p7, @p8, @p9, @p10, @p11, @p12);
2026-09-05 14:34:22.187 +05:30 [INF] Executed DbCommand (0ms) [Parameters=[@p0='?' (Size = 36), @p1='?' (Size = 5), @p2='?' (Size = 10), @p3='?' (Size = 13), @p4='?' (DbType = DateTimeOffset), @p5='?' (DbType = Double), @p6='?' (DbType = Double), @p7='?' (Size = 17), @p8='?' (Size = 14), @p9='?' (Size = 10), @p10='?' (Size = 8), @p11='?' (Size = 20), @p12='?' (Size = 29)], CommandType='"Text"', CommandTimeout='30']
INSERT INTO "Breweries" ("Id", "BreweryType", "City", "Country", "LastRefreshedUtc", "Latitude", "Longitude", "Name", "Phone", "PostalCode", "State", "Street", "WebsiteUrl")
VALUES (@p0, @p1, @p2, @p3, @p4, @p5, @p6, @p7, @p8, @p9, @p10, @p11, @p12);
2026-09-05 14:34:22.187 +05:30 [INF] Executed DbCommand (0ms) [Parameters=[@p0='?' (Size = 36), @p1='?' (Size = 7), @p2='?' (Size = 11), @p3='?' (Size = 13), @p4='?' (DbType = DateTimeOffset), @p5='?' (DbType = Double), @p6='?' (DbType = Double), @p7='?' (Size = 29), @p8='?', @p9='?' (Size = 10), @p10='?' (Size = 10), @p11='?' (Size = 16), @p12='?'], CommandType='"Text"', CommandTimeout='30']
INSERT INTO "Breweries" ("Id", "BreweryType", "City", "Country", "LastRefreshedUtc", "Latitude", "Longitude", "Name", "Phone", "PostalCode", "State", "Street", "WebsiteUrl")
VALUES (@p0, @p1, @p2, @p3, @p4, @p5, @p6, @p7, @p8, @p9, @p10, @p11, @p12);
2026-09-05 14:34:22.188 +05:30 [INF] Executed DbCommand (0ms) [Parameters=[@p0='?' (Size = 36), @p1='?' (Size = 5), @p2='?' (Size = 11), @p3='?' (Size = 13), @p4='?' (DbType = DateTimeOffset), @p5='?' (DbType = Double), @p6='?' (DbType = Double), @p7='?' (Size = 13), @p8='?' (Size = 14), @p9='?' (Size = 10), @p10='?' (Size = 5), @p11='?' (Size = 13), @p12='?' (Size = 24)], CommandType='"Text"', CommandTimeout='30']
INSERT INTO "Breweries" ("Id", "BreweryType", "City", "Country", "LastRefreshedUtc", "Latitude", "Longitude", "Name", "Phone", "PostalCode", "State", "Street", "WebsiteUrl")
VALUES (@p0, @p1, @p2, @p3, @p4, @p5, @p6, @p7, @p8, @p9, @p10, @p11, @p12);
2026-09-05 14:34:22.188 +05:30 [INF] Executed DbCommand (0ms) [Parameters=[@p0='?' (Size = 36), @p1='?' (Size = 5), @p2='?' (Size = 9), @p3='?' (Size = 13), @p4='?' (DbType = DateTimeOffset), @p5='?' (DbType = Double), @p6='?' (DbType = Double), @p7='?' (Size = 20), @p8='?' (Size = 14), @p9='?' (Size = 5), @p10='?' (Size = 10), @p11='?' (Size = 15), @p12='?' (Size = 31)], CommandType='"Text"', CommandTimeout='30']
INSERT INTO "Breweries" ("Id", "BreweryType", "City", "Country", "LastRefreshedUtc", "Latitude", "Longitude", "Name", "Phone", "PostalCode", "State", "Street", "WebsiteUrl")
VALUES (@p0, @p1, @p2, @p3, @p4, @p5, @p6, @p7, @p8, @p9, @p10, @p11, @p12);
2026-09-05 14:34:22.189 +05:30 [INF] Executed DbCommand (0ms) [Parameters=[@p0='?' (Size = 36), @p1='?' (Size = 7), @p2='?' (Size = 11), @p3='?' (Size = 13), @p4='?' (DbType = DateTimeOffset), @p5='?' (DbType = Double), @p6='?' (DbType = Double), @p7='?' (Size = 24), @p8='?' (Size = 14), @p9='?' (Size = 10), @p10='?' (Size = 7), @p11='?' (Size = 15), @p12='?' (Size = 27)], CommandType='"Text"', CommandTimeout='30']
INSERT INTO "Breweries" ("Id", "BreweryType", "City", "Country", "LastRefreshedUtc", "Latitude", "Longitude", "Name", "Phone", "PostalCode", "State", "Street", "WebsiteUrl")
VALUES (@p0, @p1, @p2, @p3, @p4, @p5, @p6, @p7, @p8, @p9, @p10, @p11, @p12);
2026-09-05 14:34:22.189 +05:30 [INF] Executed DbCommand (0ms) [Parameters=[@p0='?' (Size = 36), @p1='?' (Size = 7), @p2='?' (Size = 14), @p3='?' (Size = 13), @p4='?' (DbType = DateTimeOffset), @p5='?' (DbType = Double), @p6='?' (DbType = Double), @p7='?' (Size = 16), @p8='?' (Size = 14), @p9='?' (Size = 5), @p10='?' (Size = 8), @p11='?' (Size = 12), @p12='?' (Size = 29)], CommandType='"Text"', CommandTimeout='30']
INSERT INTO "Breweries" ("Id", "BreweryType", "City", "Country", "LastRefreshedUtc", "Latitude", "Longitude", "Name", "Phone", "PostalCode", "State", "Street", "WebsiteUrl")
VALUES (@p0, @p1, @p2, @p3, @p4, @p5, @p6, @p7, @p8, @p9, @p10, @p11, @p12);
2026-09-05 14:34:22.190 +05:30 [INF] Executed DbCommand (0ms) [Parameters=[@p0='?' (Size = 36), @p1='?' (Size = 5), @p2='?' (Size = 8), @p3='?' (Size = 13), @p4='?' (DbType = DateTimeOffset), @p5='?' (DbType = Double), @p6='?' (DbType = Double), @p7='?' (Size = 27), @p8='?' (Size = 14), @p9='?' (Size = 5), @p10='?' (Size = 8), @p11='?' (Size = 16), @p12='?' (Size = 32)], CommandType='"Text"', CommandTimeout='30']
INSERT INTO "Breweries" ("Id", "BreweryType", "City", "Country", "LastRefreshedUtc", "Latitude", "Longitude", "Name", "Phone", "PostalCode", "State", "Street", "WebsiteUrl")
VALUES (@p0, @p1, @p2, @p3, @p4, @p5, @p6, @p7, @p8, @p9, @p10, @p11, @p12);
2026-09-05 14:34:22.190 +05:30 [INF] Executed DbCommand (0ms) [Parameters=[@p0='?' (Size = 36), @p1='?' (Size = 5), @p2='?' (Size = 8), @p3='?' (Size = 13), @p4='?' (DbType = DateTimeOffset), @p5='?' (DbType = Double), @p6='?' (DbType = Double), @p7='?' (Size = 19), @p8='?' (Size = 14), @p9='?' (Size = 10), @p10='?' (Size = 7), @p11='?' (Size = 15), @p12='?' (Size = 28)], CommandType='"Text"', CommandTimeout='30']
INSERT INTO "Breweries" ("Id", "BreweryType", "City", "Country", "LastRefreshedUtc", "Latitude", "Longitude", "Name", "Phone", "PostalCode", "State", "Street", "WebsiteUrl")
VALUES (@p0, @p1, @p2, @p3, @p4, @p5, @p6, @p7, @p8, @p9, @p10, @p11, @p12);
2026-09-05 14:34:22.191 +05:30 [INF] Executed DbCommand (0ms) [Parameters=[@p0='?' (Size = 36), @p1='?' (Size = 7), @p2='?' (Size = 18), @p3='?' (Size = 7), @p4='?' (DbType = DateTimeOffset), @p5='?' (DbType = Double), @p6='?' (DbType = Double), @p7='?' (Size = 6), @p8='?' (Size = 14), @p9='?' (Size = 5), @p10='?' (Size = 11), @p11='?' (Size = 15), @p12='?' (Size = 25)], CommandType='"Text"', CommandTimeout='30']
INSERT INTO "Breweries" ("Id", "BreweryType", "City", "Country", "LastRefreshedUtc", "Latitude", "Longitude", "Name", "Phone", "PostalCode", "State", "Street", "WebsiteUrl")
VALUES (@p0, @p1, @p2, @p3, @p4, @p5, @p6, @p7, @p8, @p9, @p10, @p11, @p12);
2026-09-05 14:34:22.192 +05:30 [INF] Executed DbCommand (0ms) [Parameters=[@p0='?' (Size = 36), @p1='?' (Size = 5), @p2='?' (Size = 8), @p3='?' (Size = 13), @p4='?' (DbType = DateTimeOffset), @p5='?' (DbType = Double), @p6='?' (DbType = Double), @p7='?' (Size = 14), @p8='?' (Size = 14), @p9='?' (Size = 10), @p10='?' (Size = 7), @p11='?' (Size = 31), @p12='?' (Size = 28)], CommandType='"Text"', CommandTimeout='30']
INSERT INTO "Breweries" ("Id", "BreweryType", "City", "Country", "LastRefreshedUtc", "Latitude", "Longitude", "Name", "Phone", "PostalCode", "State", "Street", "WebsiteUrl")
VALUES (@p0, @p1, @p2, @p3, @p4, @p5, @p6, @p7, @p8, @p9, @p10, @p11, @p12);
2026-09-05 14:34:22.192 +05:30 [INF] Executed DbCommand (0ms) [Parameters=[@p0='?' (Size = 36), @p1='?' (Size = 7), @p2='?' (Size = 7), @p3='?' (Size = 7), @p4='?' (DbType = DateTimeOffset), @p5='?' (DbType = Double), @p6='?' (DbType = Double), @p7='?' (Size = 12), @p8='?' (Size = 15), @p9='?' (Size = 5), @p10='?' (Size = 6), @p11='?' (Size = 20), @p12='?' (Size = 27)], CommandType='"Text"', CommandTimeout='30']
INSERT INTO "Breweries" ("Id", "BreweryType", "City", "Country", "LastRefreshedUtc", "Latitude", "Longitude", "Name", "Phone", "PostalCode", "State", "Street", "WebsiteUrl")
VALUES (@p0, @p1, @p2, @p3, @p4, @p5, @p6, @p7, @p8, @p9, @p10, @p11, @p12);
2026-09-05 14:34:22.193 +05:30 [INF] Executed DbCommand (0ms) [Parameters=[@p0='?' (Size = 36), @p1='?' (Size = 5), @p2='?' (Size = 8), @p3='?' (Size = 7), @p4='?' (DbType = DateTimeOffset), @p5='?' (DbType = Double), @p6='?' (DbType = Double), @p7='?' (Size = 12), @p8='?' (Size = 14), @p9='?' (Size = 8), @p10='?' (Size = 11), @p11='?' (Size = 10), @p12='?' (Size = 30)], CommandType='"Text"', CommandTimeout='30']
INSERT INTO "Breweries" ("Id", "BreweryType", "City", "Country", "LastRefreshedUtc", "Latitude", "Longitude", "Name", "Phone", "PostalCode", "State", "Street", "WebsiteUrl")
VALUES (@p0, @p1, @p2, @p3, @p4, @p5, @p6, @p7, @p8, @p9, @p10, @p11, @p12);
2026-09-05 14:34:22.193 +05:30 [INF] Executed DbCommand (0ms) [Parameters=[@p0='?' (Size = 36), @p1='?' (Size = 5), @p2='?' (Size = 6), @p3='?' (Size = 7), @p4='?' (DbType = DateTimeOffset), @p5='?' (DbType = Double), @p6='?' (DbType = Double), @p7='?' (Size = 14), @p8='?' (Size = 14), @p9='?' (Size = 8), @p10='?' (Size = 11), @p11='?' (Size = 16), @p12='?' (Size = 27)], CommandType='"Text"', CommandTimeout='30']
INSERT INTO "Breweries" ("Id", "BreweryType", "City", "Country", "LastRefreshedUtc", "Latitude", "Longitude", "Name", "Phone", "PostalCode", "State", "Street", "WebsiteUrl")
VALUES (@p0, @p1, @p2, @p3, @p4, @p5, @p6, @p7, @p8, @p9, @p10, @p11, @p12);
2026-09-05 14:34:22.193 +05:30 [INF] Executed DbCommand (0ms) [Parameters=[@p0='?' (Size = 36), @p1='?' (Size = 7), @p2='?' (Size = 13), @p3='?' (Size = 13), @p4='?' (DbType = DateTimeOffset), @p5='?' (DbType = Double), @p6='?' (DbType = Double), @p7='?' (Size = 9), @p8='?', @p9='?' (Size = 10), @p10='?' (Size = 12), @p11='?' (Size = 14), @p12='?' (Size = 23)], CommandType='"Text"', CommandTimeout='30']
INSERT INTO "Breweries" ("Id", "BreweryType", "City", "Country", "LastRefreshedUtc", "Latitude", "Longitude", "Name", "Phone", "PostalCode", "State", "Street", "WebsiteUrl")
VALUES (@p0, @p1, @p2, @p3, @p4, @p5, @p6, @p7, @p8, @p9, @p10, @p11, @p12);
2026-09-05 14:34:22.194 +05:30 [INF] Executed DbCommand (0ms) [Parameters=[@p0='?' (Size = 36), @p1='?' (Size = 5), @p2='?' (Size = 9), @p3='?' (Size = 13), @p4='?' (DbType = DateTimeOffset), @p5='?' (DbType = Double), @p6='?' (DbType = Double), @p7='?' (Size = 20), @p8='?' (Size = 14), @p9='?' (Size = 10), @p10='?' (Size = 10), @p11='?' (Size = 9), @p12='?' (Size = 19)], CommandType='"Text"', CommandTimeout='30']
INSERT INTO "Breweries" ("Id", "BreweryType", "City", "Country", "LastRefreshedUtc", "Latitude", "Longitude", "Name", "Phone", "PostalCode", "State", "Street", "WebsiteUrl")
VALUES (@p0, @p1, @p2, @p3, @p4, @p5, @p6, @p7, @p8, @p9, @p10, @p11, @p12);
2026-09-05 14:34:22.194 +05:30 [INF] Executed DbCommand (0ms) [Parameters=[@p0='?' (Size = 36), @p1='?' (Size = 7), @p2='?' (Size = 8), @p3='?' (Size = 7), @p4='?' (DbType = DateTimeOffset), @p5='?' (DbType = Double), @p6='?' (DbType = Double), @p7='?' (Size = 9), @p8='?' (Size = 14), @p9='?' (Size = 5), @p10='?' (Size = 6), @p11='?' (Size = 11), @p12='?' (Size = 35)], CommandType='"Text"', CommandTimeout='30']
INSERT INTO "Breweries" ("Id", "BreweryType", "City", "Country", "LastRefreshedUtc", "Latitude", "Longitude", "Name", "Phone", "PostalCode", "State", "Street", "WebsiteUrl")
VALUES (@p0, @p1, @p2, @p3, @p4, @p5, @p6, @p7, @p8, @p9, @p10, @p11, @p12);
2026-09-05 14:34:22.195 +05:30 [INF] Executed DbCommand (0ms) [Parameters=[@p0='?' (Size = 36), @p1='?' (Size = 7), @p2='?' (Size = 16), @p3='?' (Size = 13), @p4='?' (DbType = DateTimeOffset), @p5='?' (DbType = Double), @p6='?' (DbType = Double), @p7='?' (Size = 29), @p8='?' (Size = 14), @p9='?' (Size = 10), @p10='?' (Size = 7), @p11='?' (Size = 13), @p12='?' (Size = 30)], CommandType='"Text"', CommandTimeout='30']
INSERT INTO "Breweries" ("Id", "BreweryType", "City", "Country", "LastRefreshedUtc", "Latitude", "Longitude", "Name", "Phone", "PostalCode", "State", "Street", "WebsiteUrl")
VALUES (@p0, @p1, @p2, @p3, @p4, @p5, @p6, @p7, @p8, @p9, @p10, @p11, @p12);
2026-09-05 14:34:22.195 +05:30 [INF] Executed DbCommand (0ms) [Parameters=[@p0='?' (Size = 36), @p1='?' (Size = 5), @p2='?' (Size = 6), @p3='?' (Size = 9), @p4='?' (DbType = DateTimeOffset), @p5='?' (DbType = Double), @p6='?' (DbType = Double), @p7='?' (Size = 16), @p8='?' (Size = 15), @p9='?' (Size = 4), @p10='?' (Size = 3), @p11='?' (Size = 17), @p12='?' (Size = 35)], CommandType='"Text"', CommandTimeout='30']
INSERT INTO "Breweries" ("Id", "BreweryType", "City", "Country", "LastRefreshedUtc", "Latitude", "Longitude", "Name", "Phone", "PostalCode", "State", "Street", "WebsiteUrl")
VALUES (@p0, @p1, @p2, @p3, @p4, @p5, @p6, @p7, @p8, @p9, @p10, @p11, @p12);
2026-09-05 14:34:22.196 +05:30 [INF] Executed DbCommand (0ms) [Parameters=[@p0='?' (Size = 36), @p1='?' (Size = 7), @p2='?' (Size = 17), @p3='?' (Size = 13), @p4='?' (DbType = DateTimeOffset), @p5='?' (DbType = Double), @p6='?' (DbType = Double), @p7='?' (Size = 27), @p8='?' (Size = 14), @p9='?' (Size = 5), @p10='?' (Size = 10), @p11='?' (Size = 22), @p12='?' (Size = 29)], CommandType='"Text"', CommandTimeout='30']
INSERT INTO "Breweries" ("Id", "BreweryType", "City", "Country", "LastRefreshedUtc", "Latitude", "Longitude", "Name", "Phone", "PostalCode", "State", "Street", "WebsiteUrl")
VALUES (@p0, @p1, @p2, @p3, @p4, @p5, @p6, @p7, @p8, @p9, @p10, @p11, @p12);
2026-09-05 14:34:22.196 +05:30 [INF] Executed DbCommand (0ms) [Parameters=[@p0='?' (Size = 36), @p1='?' (Size = 8), @p2='?' (Size = 18), @p3='?' (Size = 13), @p4='?' (DbType = DateTimeOffset), @p5='?' (DbType = Double), @p6='?' (DbType = Double), @p7='?' (Size = 23), @p8='?', @p9='?' (Size = 10), @p10='?' (Size = 10), @p11='?', @p12='?' (Size = 25)], CommandType='"Text"', CommandTimeout='30']
INSERT INTO "Breweries" ("Id", "BreweryType", "City", "Country", "LastRefreshedUtc", "Latitude", "Longitude", "Name", "Phone", "PostalCode", "State", "Street", "WebsiteUrl")
VALUES (@p0, @p1, @p2, @p3, @p4, @p5, @p6, @p7, @p8, @p9, @p10, @p11, @p12);
2026-09-05 14:34:22.197 +05:30 [INF] Executed DbCommand (0ms) [Parameters=[@p0='?' (Size = 36), @p1='?' (Size = 5), @p2='?' (Size = 8), @p3='?' (Size = 7), @p4='?' (DbType = DateTimeOffset), @p5='?' (DbType = Double), @p6='?' (DbType = Double), @p7='?' (Size = 9), @p8='?', @p9='?' (Size = 4), @p10='?' (Size = 10), @p11='?' (Size = 21), @p12='?' (Size = 24)], CommandType='"Text"', CommandTimeout='30']
INSERT INTO "Breweries" ("Id", "BreweryType", "City", "Country", "LastRefreshedUtc", "Latitude", "Longitude", "Name", "Phone", "PostalCode", "State", "Street", "WebsiteUrl")
VALUES (@p0, @p1, @p2, @p3, @p4, @p5, @p6, @p7, @p8, @p9, @p10, @p11, @p12);
2026-09-05 14:34:22.197 +05:30 [INF] Executed DbCommand (0ms) [Parameters=[@p0='?' (Size = 36), @p1='?' (Size = 7), @p2='?' (Size = 18), @p3='?' (Size = 7), @p4='?' (DbType = DateTimeOffset), @p5='?' (DbType = Double), @p6='?' (DbType = Double), @p7='?' (Size = 20), @p8='?' (Size = 16), @p9='?' (Size = 5), @p10='?' (Size = 6), @p11='?' (Size = 21), @p12='?' (Size = 34)], CommandType='"Text"', CommandTimeout='30']
INSERT INTO "Breweries" ("Id", "BreweryType", "City", "Country", "LastRefreshedUtc", "Latitude", "Longitude", "Name", "Phone", "PostalCode", "State", "Street", "WebsiteUrl")
VALUES (@p0, @p1, @p2, @p3, @p4, @p5, @p6, @p7, @p8, @p9, @p10, @p11, @p12);
2026-09-05 14:34:22.198 +05:30 [INF] Executed DbCommand (0ms) [Parameters=[@p0='?' (Size = 36), @p1='?' (Size = 5), @p2='?' (Size = 6), @p3='?' (Size = 13), @p4='?' (DbType = DateTimeOffset), @p5='?' (DbType = Double), @p6='?' (DbType = Double), @p7='?' (Size = 32), @p8='?' (Size = 14), @p9='?' (Size = 5), @p10='?' (Size = 6), @p11='?' (Size = 18), @p12='?' (Size = 29)], CommandType='"Text"', CommandTimeout='30']
INSERT INTO "Breweries" ("Id", "BreweryType", "City", "Country", "LastRefreshedUtc", "Latitude", "Longitude", "Name", "Phone", "PostalCode", "State", "Street", "WebsiteUrl")
VALUES (@p0, @p1, @p2, @p3, @p4, @p5, @p6, @p7, @p8, @p9, @p10, @p11, @p12);
2026-09-05 14:34:22.198 +05:30 [INF] Executed DbCommand (0ms) [Parameters=[@p0='?' (Size = 36), @p1='?' (Size = 7), @p2='?' (Size = 9), @p3='?' (Size = 13), @p4='?' (DbType = DateTimeOffset), @p5='?' (DbType = Double), @p6='?' (DbType = Double), @p7='?' (Size = 18), @p8='?' (Size = 14), @p9='?' (Size = 10), @p10='?' (Size = 10), @p11='?' (Size = 15), @p12='?' (Size = 24)], CommandType='"Text"', CommandTimeout='30']
INSERT INTO "Breweries" ("Id", "BreweryType", "City", "Country", "LastRefreshedUtc", "Latitude", "Longitude", "Name", "Phone", "PostalCode", "State", "Street", "WebsiteUrl")
VALUES (@p0, @p1, @p2, @p3, @p4, @p5, @p6, @p7, @p8, @p9, @p10, @p11, @p12);
2026-09-05 14:34:22.199 +05:30 [INF] Executed DbCommand (0ms) [Parameters=[@p0='?' (Size = 36), @p1='?' (Size = 8), @p2='?' (Size = 13), @p3='?' (Size = 13), @p4='?' (DbType = DateTimeOffset), @p5='?' (DbType = Double), @p6='?' (DbType = Double), @p7='?' (Size = 21), @p8='?' (Size = 14), @p9='?' (Size = 10), @p10='?' (Size = 4), @p11='?', @p12='?' (Size = 30)], CommandType='"Text"', CommandTimeout='30']
INSERT INTO "Breweries" ("Id", "BreweryType", "City", "Country", "LastRefreshedUtc", "Latitude", "Longitude", "Name", "Phone", "PostalCode", "State", "Street", "WebsiteUrl")
VALUES (@p0, @p1, @p2, @p3, @p4, @p5, @p6, @p7, @p8, @p9, @p10, @p11, @p12);
2026-09-05 14:34:22.199 +05:30 [INF] Executed DbCommand (0ms) [Parameters=[@p0='?' (Size = 36), @p1='?' (Size = 6), @p2='?' (Size = 6), @p3='?' (Size = 13), @p4='?' (DbType = DateTimeOffset), @p5='?' (DbType = Double), @p6='?' (DbType = Double), @p7='?' (Size = 18), @p8='?' (Size = 14), @p9='?' (Size = 10), @p10='?' (Size = 6), @p11='?' (Size = 21), @p12='?' (Size = 21)], CommandType='"Text"', CommandTimeout='30']
INSERT INTO "Breweries" ("Id", "BreweryType", "City", "Country", "LastRefreshedUtc", "Latitude", "Longitude", "Name", "Phone", "PostalCode", "State", "Street", "WebsiteUrl")
VALUES (@p0, @p1, @p2, @p3, @p4, @p5, @p6, @p7, @p8, @p9, @p10, @p11, @p12);
2026-09-05 14:34:22.200 +05:30 [INF] Executed DbCommand (0ms) [Parameters=[@p0='?' (Size = 36), @p1='?' (Size = 5), @p2='?' (Size = 10), @p3='?' (Size = 13), @p4='?' (DbType = DateTimeOffset), @p5='?' (DbType = Double), @p6='?' (DbType = Double), @p7='?' (Size = 16), @p8='?' (Size = 14), @p9='?' (Size = 10), @p10='?' (Size = 8), @p11='?' (Size = 13), @p12='?' (Size = 30)], CommandType='"Text"', CommandTimeout='30']
INSERT INTO "Breweries" ("Id", "BreweryType", "City", "Country", "LastRefreshedUtc", "Latitude", "Longitude", "Name", "Phone", "PostalCode", "State", "Street", "WebsiteUrl")
VALUES (@p0, @p1, @p2, @p3, @p4, @p5, @p6, @p7, @p8, @p9, @p10, @p11, @p12);
2026-09-05 14:34:22.200 +05:30 [INF] Executed DbCommand (0ms) [Parameters=[@p0='?' (Size = 36), @p1='?' (Size = 5), @p2='?' (Size = 9), @p3='?' (Size = 13), @p4='?' (DbType = DateTimeOffset), @p5='?' (DbType = Double), @p6='?' (DbType = Double), @p7='?' (Size = 13), @p8='?' (Size = 14), @p9='?' (Size = 10), @p10='?' (Size = 9), @p11='?' (Size = 17), @p12='?' (Size = 27)], CommandType='"Text"', CommandTimeout='30']
INSERT INTO "Breweries" ("Id", "BreweryType", "City", "Country", "LastRefreshedUtc", "Latitude", "Longitude", "Name", "Phone", "PostalCode", "State", "Street", "WebsiteUrl")
VALUES (@p0, @p1, @p2, @p3, @p4, @p5, @p6, @p7, @p8, @p9, @p10, @p11, @p12);
2026-09-05 14:34:22.201 +05:30 [INF] Executed DbCommand (0ms) [Parameters=[@p0='?' (Size = 36), @p1='?' (Size = 5), @p2='?' (Size = 11), @p3='?' (Size = 13), @p4='?' (DbType = DateTimeOffset), @p5='?' (DbType = Double), @p6='?' (DbType = Double), @p7='?' (Size = 8), @p8='?' (Size = 14), @p9='?' (Size = 10), @p10='?' (Size = 9), @p11='?' (Size = 18), @p12='?' (Size = 22)], CommandType='"Text"', CommandTimeout='30']
INSERT INTO "Breweries" ("Id", "BreweryType", "City", "Country", "LastRefreshedUtc", "Latitude", "Longitude", "Name", "Phone", "PostalCode", "State", "Street", "WebsiteUrl")
VALUES (@p0, @p1, @p2, @p3, @p4, @p5, @p6, @p7, @p8, @p9, @p10, @p11, @p12);
2026-09-05 14:34:22.201 +05:30 [INF] Executed DbCommand (0ms) [Parameters=[@p0='?' (Size = 36), @p1='?' (Size = 7), @p2='?' (Size = 8), @p3='?' (Size = 13), @p4='?' (DbType = DateTimeOffset), @p5='?' (DbType = Double), @p6='?' (DbType = Double), @p7='?' (Size = 21), @p8='?' (Size = 14), @p9='?' (Size = 5), @p10='?' (Size = 14), @p11='?' (Size = 22), @p12='?' (Size = 30)], CommandType='"Text"', CommandTimeout='30']
INSERT INTO "Breweries" ("Id", "BreweryType", "City", "Country", "LastRefreshedUtc", "Latitude", "Longitude", "Name", "Phone", "PostalCode", "State", "Street", "WebsiteUrl")
VALUES (@p0, @p1, @p2, @p3, @p4, @p5, @p6, @p7, @p8, @p9, @p10, @p11, @p12);
2026-09-05 14:34:22.202 +05:30 [INF] Executed DbCommand (0ms) [Parameters=[@p0='?' (Size = 36), @p1='?' (Size = 5), @p2='?' (Size = 9), @p3='?' (Size = 8), @p4='?' (DbType = DateTimeOffset), @p5='?' (DbType = Double), @p6='?' (DbType = Double), @p7='?' (Size = 9), @p8='?', @p9='?' (Size = 8), @p10='?' (Size = 6), @p11='?' (Size = 8), @p12='?' (Size = 20)], CommandType='"Text"', CommandTimeout='30']
INSERT INTO "Breweries" ("Id", "BreweryType", "City", "Country", "LastRefreshedUtc", "Latitude", "Longitude", "Name", "Phone", "PostalCode", "State", "Street", "WebsiteUrl")
VALUES (@p0, @p1, @p2, @p3, @p4, @p5, @p6, @p7, @p8, @p9, @p10, @p11, @p12);
2026-09-05 14:34:22.202 +05:30 [INF] Executed DbCommand (0ms) [Parameters=[@p0='?' (Size = 36), @p1='?' (Size = 5), @p2='?' (Size = 8), @p3='?' (Size = 13), @p4='?' (DbType = DateTimeOffset), @p5='?' (DbType = Double), @p6='?' (DbType = Double), @p7='?' (Size = 20), @p8='?' (Size = 14), @p9='?' (Size = 10), @p10='?' (Size = 8), @p11='?' (Size = 16), @p12='?' (Size = 26)], CommandType='"Text"', CommandTimeout='30']
INSERT INTO "Breweries" ("Id", "BreweryType", "City", "Country", "LastRefreshedUtc", "Latitude", "Longitude", "Name", "Phone", "PostalCode", "State", "Street", "WebsiteUrl")
VALUES (@p0, @p1, @p2, @p3, @p4, @p5, @p6, @p7, @p8, @p9, @p10, @p11, @p12);
2026-09-05 14:34:22.203 +05:30 [INF] Executed DbCommand (0ms) [Parameters=[@p0='?' (Size = 36), @p1='?' (Size = 5), @p2='?' (Size = 10), @p3='?' (Size = 13), @p4='?' (DbType = DateTimeOffset), @p5='?' (DbType = Double), @p6='?' (DbType = Double), @p7='?' (Size = 12), @p8='?' (Size = 14), @p9='?' (Size = 10), @p10='?' (Size = 8), @p11='?' (Size = 14), @p12='?' (Size = 26)], CommandType='"Text"', CommandTimeout='30']
INSERT INTO "Breweries" ("Id", "BreweryType", "City", "Country", "LastRefreshedUtc", "Latitude", "Longitude", "Name", "Phone", "PostalCode", "State", "Street", "WebsiteUrl")
VALUES (@p0, @p1, @p2, @p3, @p4, @p5, @p6, @p7, @p8, @p9, @p10, @p11, @p12);
2026-09-05 14:34:22.203 +05:30 [INF] Executed DbCommand (0ms) [Parameters=[@p0='?' (Size = 36), @p1='?' (Size = 5), @p2='?' (Size = 7), @p3='?' (Size = 13), @p4='?' (DbType = DateTimeOffset), @p5='?' (DbType = Double), @p6='?' (DbType = Double), @p7='?' (Size = 23), @p8='?' (Size = 14), @p9='?' (Size = 5), @p10='?' (Size = 5), @p11='?' (Size = 10), @p12='?' (Size = 24)], CommandType='"Text"', CommandTimeout='30']
INSERT INTO "Breweries" ("Id", "BreweryType", "City", "Country", "LastRefreshedUtc", "Latitude", "Longitude", "Name", "Phone", "PostalCode", "State", "Street", "WebsiteUrl")
VALUES (@p0, @p1, @p2, @p3, @p4, @p5, @p6, @p7, @p8, @p9, @p10, @p11, @p12);
2026-09-05 14:34:22.204 +05:30 [INF] Executed DbCommand (0ms) [Parameters=[@p0='?' (Size = 36), @p1='?' (Size = 5), @p2='?' (Size = 10), @p3='?' (Size = 13), @p4='?' (DbType = DateTimeOffset), @p5='?' (DbType = Double), @p6='?' (DbType = Double), @p7='?' (Size = 12), @p8='?' (Size = 14), @p9='?' (Size = 10), @p10='?' (Size = 8), @p11='?' (Size = 15), @p12='?' (Size = 26)], CommandType='"Text"', CommandTimeout='30']
INSERT INTO "Breweries" ("Id", "BreweryType", "City", "Country", "LastRefreshedUtc", "Latitude", "Longitude", "Name", "Phone", "PostalCode", "State", "Street", "WebsiteUrl")
VALUES (@p0, @p1, @p2, @p3, @p4, @p5, @p6, @p7, @p8, @p9, @p10, @p11, @p12);
2026-09-05 14:34:22.204 +05:30 [INF] Executed DbCommand (0ms) [Parameters=[@p0='?' (Size = 36), @p1='?' (Size = 7), @p2='?' (Size = 13), @p3='?' (Size = 13), @p4='?' (DbType = DateTimeOffset), @p5='?' (DbType = Double), @p6='?' (DbType = Double), @p7='?' (Size = 25), @p8='?' (Size = 14), @p9='?' (Size = 10), @p10='?' (Size = 13), @p11='?' (Size = 21), @p12='?'], CommandType='"Text"', CommandTimeout='30']
INSERT INTO "Breweries" ("Id", "BreweryType", "City", "Country", "LastRefreshedUtc", "Latitude", "Longitude", "Name", "Phone", "PostalCode", "State", "Street", "WebsiteUrl")
VALUES (@p0, @p1, @p2, @p3, @p4, @p5, @p6, @p7, @p8, @p9, @p10, @p11, @p12);
2026-09-05 14:34:22.205 +05:30 [INF] Executed DbCommand (0ms) [Parameters=[@p0='?' (Size = 36), @p1='?' (Size = 5), @p2='?' (Size = 6), @p3='?' (Size = 13), @p4='?' (DbType = DateTimeOffset), @p5='?' (DbType = Double), @p6='?' (DbType = Double), @p7='?' (Size = 22), @p8='?' (Size = 14), @p9='?' (Size = 5), @p10='?' (Size = 10), @p11='?' (Size = 19), @p12='?' (Size = 38)], CommandType='"Text"', CommandTimeout='30']
INSERT INTO "Breweries" ("Id", "BreweryType", "City", "Country", "LastRefreshedUtc", "Latitude", "Longitude", "Name", "Phone", "PostalCode", "State", "Street", "WebsiteUrl")
VALUES (@p0, @p1, @p2, @p3, @p4, @p5, @p6, @p7, @p8, @p9, @p10, @p11, @p12);
2026-09-05 14:34:22.206 +05:30 [INF] Executed DbCommand (0ms) [Parameters=[@p0='?' (Size = 36), @p1='?' (Size = 6), @p2='?' (Size = 8), @p3='?' (Size = 7), @p4='?' (DbType = DateTimeOffset), @p5='?' (DbType = Double), @p6='?' (DbType = Double), @p7='?' (Size = 7), @p8='?' (Size = 17), @p9='?' (Size = 5), @p10='?' (Size = 19), @p11='?' (Size = 23), @p12='?' (Size = 28)], CommandType='"Text"', CommandTimeout='30']
INSERT INTO "Breweries" ("Id", "BreweryType", "City", "Country", "LastRefreshedUtc", "Latitude", "Longitude", "Name", "Phone", "PostalCode", "State", "Street", "WebsiteUrl")
VALUES (@p0, @p1, @p2, @p3, @p4, @p5, @p6, @p7, @p8, @p9, @p10, @p11, @p12);
2026-09-05 14:34:22.206 +05:30 [INF] Executed DbCommand (0ms) [Parameters=[@p0='?' (Size = 36), @p1='?' (Size = 5), @p2='?' (Size = 5), @p3='?' (Size = 13), @p4='?' (DbType = DateTimeOffset), @p5='?' (DbType = Double), @p6='?' (DbType = Double), @p7='?' (Size = 15), @p8='?' (Size = 14), @p9='?' (Size = 5), @p10='?' (Size = 8), @p11='?' (Size = 13), @p12='?' (Size = 29)], CommandType='"Text"', CommandTimeout='30']
INSERT INTO "Breweries" ("Id", "BreweryType", "City", "Country", "LastRefreshedUtc", "Latitude", "Longitude", "Name", "Phone", "PostalCode", "State", "Street", "WebsiteUrl")
VALUES (@p0, @p1, @p2, @p3, @p4, @p5, @p6, @p7, @p8, @p9, @p10, @p11, @p12);
2026-09-05 14:34:22.207 +05:30 [INF] Executed DbCommand (0ms) [Parameters=[@p0='?' (Size = 36), @p1='?' (Size = 5), @p2='?' (Size = 7), @p3='?' (Size = 7), @p4='?' (DbType = DateTimeOffset), @p5='?' (DbType = Double), @p6='?' (DbType = Double), @p7='?' (Size = 13), @p8='?' (Size = 16), @p9='?' (Size = 5), @p10='?' (Size = 9), @p11='?' (Size = 17), @p12='?' (Size = 23)], CommandType='"Text"', CommandTimeout='30']
INSERT INTO "Breweries" ("Id", "BreweryType", "City", "Country", "LastRefreshedUtc", "Latitude", "Longitude", "Name", "Phone", "PostalCode", "State", "Street", "WebsiteUrl")
VALUES (@p0, @p1, @p2, @p3, @p4, @p5, @p6, @p7, @p8, @p9, @p10, @p11, @p12);
2026-09-05 14:34:22.207 +05:30 [INF] Executed DbCommand (0ms) [Parameters=[@p0='?' (Size = 36), @p1='?' (Size = 7), @p2='?' (Size = 13), @p3='?' (Size = 7), @p4='?' (DbType = DateTimeOffset), @p5='?' (DbType = Double), @p6='?' (DbType = Double), @p7='?' (Size = 15), @p8='?' (Size = 14), @p9='?' (Size = 5), @p10='?' (Size = 6), @p11='?' (Size = 25), @p12='?' (Size = 33)], CommandType='"Text"', CommandTimeout='30']
INSERT INTO "Breweries" ("Id", "BreweryType", "City", "Country", "LastRefreshedUtc", "Latitude", "Longitude", "Name", "Phone", "PostalCode", "State", "Street", "WebsiteUrl")
VALUES (@p0, @p1, @p2, @p3, @p4, @p5, @p6, @p7, @p8, @p9, @p10, @p11, @p12);
2026-09-05 14:34:22.208 +05:30 [INF] Executed DbCommand (0ms) [Parameters=[@p0='?' (Size = 36), @p1='?' (Size = 5), @p2='?' (Size = 10), @p3='?' (Size = 13), @p4='?' (DbType = DateTimeOffset), @p5='?' (DbType = Double), @p6='?' (DbType = Double), @p7='?' (Size = 22), @p8='?' (Size = 14), @p9='?' (Size = 10), @p10='?' (Size = 8), @p11='?' (Size = 23), @p12='?' (Size = 28)], CommandType='"Text"', CommandTimeout='30']
INSERT INTO "Breweries" ("Id", "BreweryType", "City", "Country", "LastRefreshedUtc", "Latitude", "Longitude", "Name", "Phone", "PostalCode", "State", "Street", "WebsiteUrl")
VALUES (@p0, @p1, @p2, @p3, @p4, @p5, @p6, @p7, @p8, @p9, @p10, @p11, @p12);
2026-09-05 14:34:22.208 +05:30 [INF] Executed DbCommand (0ms) [Parameters=[@p0='?' (Size = 36), @p1='?' (Size = 8), @p2='?' (Size = 10), @p3='?' (Size = 13), @p4='?' (DbType = DateTimeOffset), @p5='?' (DbType = Double), @p6='?' (DbType = Double), @p7='?' (Size = 15), @p8='?' (Size = 14), @p9='?' (Size = 10), @p10='?' (Size = 10), @p11='?', @p12='?' (Size = 28)], CommandType='"Text"', CommandTimeout='30']
INSERT INTO "Breweries" ("Id", "BreweryType", "City", "Country", "LastRefreshedUtc", "Latitude", "Longitude", "Name", "Phone", "PostalCode", "State", "Street", "WebsiteUrl")
VALUES (@p0, @p1, @p2, @p3, @p4, @p5, @p6, @p7, @p8, @p9, @p10, @p11, @p12);
2026-09-05 14:34:22.209 +05:30 [INF] Executed DbCommand (0ms) [Parameters=[@p0='?' (Size = 36), @p1='?' (Size = 8), @p2='?' (Size = 9), @p3='?' (Size = 13), @p4='?' (DbType = DateTimeOffset), @p5='?' (DbType = Double), @p6='?' (DbType = Double), @p7='?' (Size = 19), @p8='?' (Size = 14), @p9='?' (Size = 10), @p10='?' (Size = 10), @p11='?' (Size = 16), @p12='?' (Size = 23)], CommandType='"Text"', CommandTimeout='30']
INSERT INTO "Breweries" ("Id", "BreweryType", "City", "Country", "LastRefreshedUtc", "Latitude", "Longitude", "Name", "Phone", "PostalCode", "State", "Street", "WebsiteUrl")
VALUES (@p0, @p1, @p2, @p3, @p4, @p5, @p6, @p7, @p8, @p9, @p10, @p11, @p12);
2026-09-05 14:34:22.209 +05:30 [INF] Executed DbCommand (0ms) [Parameters=[@p0='?' (Size = 36), @p1='?' (Size = 7), @p2='?' (Size = 10), @p3='?' (Size = 7), @p4='?' (DbType = DateTimeOffset), @p5='?' (DbType = Double), @p6='?' (DbType = Double), @p7='?' (Size = 23), @p8='?' (Size = 14), @p9='?' (Size = 5), @p10='?' (Size = 17), @p11='?' (Size = 18), @p12='?' (Size = 35)], CommandType='"Text"', CommandTimeout='30']
INSERT INTO "Breweries" ("Id", "BreweryType", "City", "Country", "LastRefreshedUtc", "Latitude", "Longitude", "Name", "Phone", "PostalCode", "State", "Street", "WebsiteUrl")
VALUES (@p0, @p1, @p2, @p3, @p4, @p5, @p6, @p7, @p8, @p9, @p10, @p11, @p12);
2026-09-05 14:34:22.210 +05:30 [INF] Executed DbCommand (0ms) [Parameters=[@p0='?' (Size = 36), @p1='?' (Size = 5), @p2='?' (Size = 13), @p3='?' (Size = 13), @p4='?' (DbType = DateTimeOffset), @p5='?' (DbType = Double), @p6='?' (DbType = Double), @p7='?' (Size = 18), @p8='?' (Size = 14), @p9='?' (Size = 10), @p10='?' (Size = 12), @p11='?' (Size = 16), @p12='?' (Size = 32)], CommandType='"Text"', CommandTimeout='30']
INSERT INTO "Breweries" ("Id", "BreweryType", "City", "Country", "LastRefreshedUtc", "Latitude", "Longitude", "Name", "Phone", "PostalCode", "State", "Street", "WebsiteUrl")
VALUES (@p0, @p1, @p2, @p3, @p4, @p5, @p6, @p7, @p8, @p9, @p10, @p11, @p12);
2026-09-05 14:34:22.210 +05:30 [INF] Executed DbCommand (0ms) [Parameters=[@p0='?' (Size = 36), @p1='?' (Size = 5), @p2='?' (Size = 7), @p3='?' (Size = 13), @p4='?' (DbType = DateTimeOffset), @p5='?' (DbType = Double), @p6='?' (DbType = Double), @p7='?' (Size = 23), @p8='?' (Size = 14), @p9='?' (Size = 10), @p10='?' (Size = 8), @p11='?' (Size = 14), @p12='?' (Size = 29)], CommandType='"Text"', CommandTimeout='30']
INSERT INTO "Breweries" ("Id", "BreweryType", "City", "Country", "LastRefreshedUtc", "Latitude", "Longitude", "Name", "Phone", "PostalCode", "State", "Street", "WebsiteUrl")
VALUES (@p0, @p1, @p2, @p3, @p4, @p5, @p6, @p7, @p8, @p9, @p10, @p11, @p12);
2026-09-05 14:34:22.210 +05:30 [INF] Executed DbCommand (0ms) [Parameters=[@p0='?' (Size = 36), @p1='?' (Size = 5), @p2='?' (Size = 7), @p3='?' (Size = 9), @p4='?' (DbType = DateTimeOffset), @p5='?' (DbType = Double), @p6='?' (DbType = Double), @p7='?' (Size = 16), @p8='?' (Size = 15), @p9='?' (Size = 4), @p10='?' (Size = 3), @p11='?' (Size = 18), @p12='?' (Size = 31)], CommandType='"Text"', CommandTimeout='30']
INSERT INTO "Breweries" ("Id", "BreweryType", "City", "Country", "LastRefreshedUtc", "Latitude", "Longitude", "Name", "Phone", "PostalCode", "State", "Street", "WebsiteUrl")
VALUES (@p0, @p1, @p2, @p3, @p4, @p5, @p6, @p7, @p8, @p9, @p10, @p11, @p12);
2026-09-05 14:34:22.211 +05:30 [INF] Executed DbCommand (0ms) [Parameters=[@p0='?' (Size = 36), @p1='?' (Size = 5), @p2='?' (Size = 13), @p3='?' (Size = 13), @p4='?' (DbType = DateTimeOffset), @p5='?' (DbType = Double), @p6='?' (DbType = Double), @p7='?' (Size = 17), @p8='?' (Size = 14), @p9='?' (Size = 10), @p10='?' (Size = 8), @p11='?' (Size = 13), @p12='?' (Size = 28)], CommandType='"Text"', CommandTimeout='30']
INSERT INTO "Breweries" ("Id", "BreweryType", "City", "Country", "LastRefreshedUtc", "Latitude", "Longitude", "Name", "Phone", "PostalCode", "State", "Street", "WebsiteUrl")
VALUES (@p0, @p1, @p2, @p3, @p4, @p5, @p6, @p7, @p8, @p9, @p10, @p11, @p12);
2026-09-05 14:34:22.211 +05:30 [INF] Executed DbCommand (0ms) [Parameters=[@p0='?' (Size = 36), @p1='?' (Size = 7), @p2='?' (Size = 7), @p3='?' (Size = 13), @p4='?' (DbType = DateTimeOffset), @p5='?' (DbType = Double), @p6='?' (DbType = Double), @p7='?' (Size = 18), @p8='?' (Size = 14), @p9='?' (Size = 10), @p10='?' (Size = 10), @p11='?' (Size = 13), @p12='?' (Size = 29)], CommandType='"Text"', CommandTimeout='30']
INSERT INTO "Breweries" ("Id", "BreweryType", "City", "Country", "LastRefreshedUtc", "Latitude", "Longitude", "Name", "Phone", "PostalCode", "State", "Street", "WebsiteUrl")
VALUES (@p0, @p1, @p2, @p3, @p4, @p5, @p6, @p7, @p8, @p9, @p10, @p11, @p12);
2026-09-05 14:34:22.212 +05:30 [INF] Executed DbCommand (0ms) [Parameters=[@p0='?' (Size = 36), @p1='?' (Size = 8), @p2='?' (Size = 10), @p3='?' (Size = 13), @p4='?' (DbType = DateTimeOffset), @p5='?' (DbType = Double), @p6='?' (DbType = Double), @p7='?' (Size = 21), @p8='?' (Size = 14), @p9='?' (Size = 10), @p10='?' (Size = 12), @p11='?', @p12='?'], CommandType='"Text"', CommandTimeout='30']
INSERT INTO "Breweries" ("Id", "BreweryType", "City", "Country", "LastRefreshedUtc", "Latitude", "Longitude", "Name", "Phone", "PostalCode", "State", "Street", "WebsiteUrl")
VALUES (@p0, @p1, @p2, @p3, @p4, @p5, @p6, @p7, @p8, @p9, @p10, @p11, @p12);
2026-09-05 14:34:22.212 +05:30 [INF] Executed DbCommand (0ms) [Parameters=[@p0='?' (Size = 36), @p1='?' (Size = 7), @p2='?' (Size = 5), @p3='?' (Size = 13), @p4='?' (DbType = DateTimeOffset), @p5='?' (DbType = Double), @p6='?' (DbType = Double), @p7='?' (Size = 38), @p8='?' (Size = 14), @p9='?' (Size = 10), @p10='?' (Size = 14), @p11='?' (Size = 20), @p12='?' (Size = 32)], CommandType='"Text"', CommandTimeout='30']
INSERT INTO "Breweries" ("Id", "BreweryType", "City", "Country", "LastRefreshedUtc", "Latitude", "Longitude", "Name", "Phone", "PostalCode", "State", "Street", "WebsiteUrl")
VALUES (@p0, @p1, @p2, @p3, @p4, @p5, @p6, @p7, @p8, @p9, @p10, @p11, @p12);
2026-09-05 14:34:22.213 +05:30 [INF] Executed DbCommand (0ms) [Parameters=[@p0='?' (Size = 36), @p1='?' (Size = 6), @p2='?' (Size = 6), @p3='?' (Size = 13), @p4='?' (DbType = DateTimeOffset), @p5='?' (DbType = Double), @p6='?' (DbType = Double), @p7='?' (Size = 19), @p8='?', @p9='?' (Size = 5), @p10='?' (Size = 11), @p11='?' (Size = 14), @p12='?' (Size = 32)], CommandType='"Text"', CommandTimeout='30']
INSERT INTO "Breweries" ("Id", "BreweryType", "City", "Country", "LastRefreshedUtc", "Latitude", "Longitude", "Name", "Phone", "PostalCode", "State", "Street", "WebsiteUrl")
VALUES (@p0, @p1, @p2, @p3, @p4, @p5, @p6, @p7, @p8, @p9, @p10, @p11, @p12);
2026-09-05 14:34:22.213 +05:30 [INF] Executed DbCommand (0ms) [Parameters=[@p0='?' (Size = 36), @p1='?' (Size = 5), @p2='?' (Size = 11), @p3='?' (Size = 13), @p4='?' (DbType = DateTimeOffset), @p5='?' (DbType = Double), @p6='?' (DbType = Double), @p7='?' (Size = 19), @p8='?' (Size = 14), @p9='?' (Size = 5), @p10='?' (Size = 9), @p11='?' (Size = 14), @p12='?' (Size = 32)], CommandType='"Text"', CommandTimeout='30']
INSERT INTO "Breweries" ("Id", "BreweryType", "City", "Country", "LastRefreshedUtc", "Latitude", "Longitude", "Name", "Phone", "PostalCode", "State", "Street", "WebsiteUrl")
VALUES (@p0, @p1, @p2, @p3, @p4, @p5, @p6, @p7, @p8, @p9, @p10, @p11, @p12);
2026-09-05 14:34:22.213 +05:30 [INF] Executed DbCommand (0ms) [Parameters=[@p0='?' (Size = 36), @p1='?' (Size = 5), @p2='?' (Size = 5), @p3='?' (Size = 13), @p4='?' (DbType = DateTimeOffset), @p5='?' (DbType = Double), @p6='?' (DbType = Double), @p7='?' (Size = 14), @p8='?' (Size = 14), @p9='?' (Size = 10), @p10='?' (Size = 4), @p11='?' (Size = 19), @p12='?' (Size = 25)], CommandType='"Text"', CommandTimeout='30']
INSERT INTO "Breweries" ("Id", "BreweryType", "City", "Country", "LastRefreshedUtc", "Latitude", "Longitude", "Name", "Phone", "PostalCode", "State", "Street", "WebsiteUrl")
VALUES (@p0, @p1, @p2, @p3, @p4, @p5, @p6, @p7, @p8, @p9, @p10, @p11, @p12);
2026-09-05 14:34:22.214 +05:30 [INF] Executed DbCommand (0ms) [Parameters=[@p0='?' (Size = 36), @p1='?' (Size = 7), @p2='?' (Size = 7), @p3='?' (Size = 13), @p4='?' (DbType = DateTimeOffset), @p5='?' (DbType = Double), @p6='?' (DbType = Double), @p7='?' (Size = 41), @p8='?' (Size = 14), @p9='?' (Size = 10), @p10='?' (Size = 13), @p11='?' (Size = 16), @p12='?' (Size = 29)], CommandType='"Text"', CommandTimeout='30']
INSERT INTO "Breweries" ("Id", "BreweryType", "City", "Country", "LastRefreshedUtc", "Latitude", "Longitude", "Name", "Phone", "PostalCode", "State", "Street", "WebsiteUrl")
VALUES (@p0, @p1, @p2, @p3, @p4, @p5, @p6, @p7, @p8, @p9, @p10, @p11, @p12);
2026-09-05 14:34:22.214 +05:30 [INF] Executed DbCommand (0ms) [Parameters=[@p0='?' (Size = 36), @p1='?' (Size = 5), @p2='?' (Size = 8), @p3='?' (Size = 13), @p4='?' (DbType = DateTimeOffset), @p5='?' (DbType = Double), @p6='?' (DbType = Double), @p7='?' (Size = 23), @p8='?' (Size = 14), @p9='?' (Size = 5), @p10='?' (Size = 8), @p11='?' (Size = 19), @p12='?' (Size = 28)], CommandType='"Text"', CommandTimeout='30']
INSERT INTO "Breweries" ("Id", "BreweryType", "City", "Country", "LastRefreshedUtc", "Latitude", "Longitude", "Name", "Phone", "PostalCode", "State", "Street", "WebsiteUrl")
VALUES (@p0, @p1, @p2, @p3, @p4, @p5, @p6, @p7, @p8, @p9, @p10, @p11, @p12);
2026-09-05 14:34:22.215 +05:30 [INF] Executed DbCommand (0ms) [Parameters=[@p0='?' (Size = 36), @p1='?' (Size = 7), @p2='?' (Size = 6), @p3='?' (Size = 6), @p4='?' (DbType = DateTimeOffset), @p5='?' (DbType = Double), @p6='?' (DbType = Double), @p7='?' (Size = 23), @p8='?' (Size = 12), @p9='?' (Size = 7), @p10='?' (Size = 7), @p11='?' (Size = 14), @p12='?' (Size = 34)], CommandType='"Text"', CommandTimeout='30']
INSERT INTO "Breweries" ("Id", "BreweryType", "City", "Country", "LastRefreshedUtc", "Latitude", "Longitude", "Name", "Phone", "PostalCode", "State", "Street", "WebsiteUrl")
VALUES (@p0, @p1, @p2, @p3, @p4, @p5, @p6, @p7, @p8, @p9, @p10, @p11, @p12);
2026-09-05 14:34:22.215 +05:30 [INF] Executed DbCommand (0ms) [Parameters=[@p0='?' (Size = 36), @p1='?' (Size = 7), @p2='?' (Size = 5), @p3='?' (Size = 7), @p4='?' (DbType = DateTimeOffset), @p5='?' (DbType = Double), @p6='?' (DbType = Double), @p7='?' (Size = 8), @p8='?' (Size = 15), @p9='?' (Size = 5), @p10='?' (Size = 11), @p11='?' (Size = 12), @p12='?' (Size = 22)], CommandType='"Text"', CommandTimeout='30']
INSERT INTO "Breweries" ("Id", "BreweryType", "City", "Country", "LastRefreshedUtc", "Latitude", "Longitude", "Name", "Phone", "PostalCode", "State", "Street", "WebsiteUrl")
VALUES (@p0, @p1, @p2, @p3, @p4, @p5, @p6, @p7, @p8, @p9, @p10, @p11, @p12);
2026-09-05 14:34:22.216 +05:30 [INF] Executed DbCommand (0ms) [Parameters=[@p0='?' (Size = 36), @p1='?' (Size = 6), @p2='?' (Size = 8), @p3='?' (Size = 7), @p4='?' (DbType = DateTimeOffset), @p5='?' (DbType = Double), @p6='?' (DbType = Double), @p7='?' (Size = 20), @p8='?' (Size = 15), @p9='?' (Size = 5), @p10='?' (Size = 6), @p11='?' (Size = 15), @p12='?' (Size = 34)], CommandType='"Text"', CommandTimeout='30']
INSERT INTO "Breweries" ("Id", "BreweryType", "City", "Country", "LastRefreshedUtc", "Latitude", "Longitude", "Name", "Phone", "PostalCode", "State", "Street", "WebsiteUrl")
VALUES (@p0, @p1, @p2, @p3, @p4, @p5, @p6, @p7, @p8, @p9, @p10, @p11, @p12);
2026-09-05 14:34:22.216 +05:30 [INF] Executed DbCommand (0ms) [Parameters=[@p0='?' (Size = 36), @p1='?' (Size = 7), @p2='?' (Size = 12), @p3='?' (Size = 13), @p4='?' (DbType = DateTimeOffset), @p5='?' (DbType = Double), @p6='?' (DbType = Double), @p7='?' (Size = 25), @p8='?' (Size = 14), @p9='?' (Size = 10), @p10='?' (Size = 12), @p11='?' (Size = 20), @p12='?' (Size = 31)], CommandType='"Text"', CommandTimeout='30']
INSERT INTO "Breweries" ("Id", "BreweryType", "City", "Country", "LastRefreshedUtc", "Latitude", "Longitude", "Name", "Phone", "PostalCode", "State", "Street", "WebsiteUrl")
VALUES (@p0, @p1, @p2, @p3, @p4, @p5, @p6, @p7, @p8, @p9, @p10, @p11, @p12);
2026-09-05 14:34:22.217 +05:30 [INF] Executed DbCommand (0ms) [Parameters=[@p0='?' (Size = 36), @p1='?' (Size = 5), @p2='?' (Size = 7), @p3='?' (Size = 13), @p4='?' (DbType = DateTimeOffset), @p5='?' (DbType = Double), @p6='?' (DbType = Double), @p7='?' (Size = 23), @p8='?' (Size = 14), @p9='?' (Size = 10), @p10='?' (Size = 7), @p11='?' (Size = 20), @p12='?' (Size = 28)], CommandType='"Text"', CommandTimeout='30']
INSERT INTO "Breweries" ("Id", "BreweryType", "City", "Country", "LastRefreshedUtc", "Latitude", "Longitude", "Name", "Phone", "PostalCode", "State", "Street", "WebsiteUrl")
VALUES (@p0, @p1, @p2, @p3, @p4, @p5, @p6, @p7, @p8, @p9, @p10, @p11, @p12);
2026-09-05 14:34:22.217 +05:30 [INF] Executed DbCommand (0ms) [Parameters=[@p0='?' (Size = 36), @p1='?' (Size = 6), @p2='?' (Size = 10), @p3='?' (Size = 13), @p4='?' (DbType = DateTimeOffset), @p5='?' (DbType = Double), @p6='?' (DbType = Double), @p7='?' (Size = 20), @p8='?' (Size = 14), @p9='?' (Size = 10), @p10='?' (Size = 10), @p11='?' (Size = 23), @p12='?' (Size = 26)], CommandType='"Text"', CommandTimeout='30']
INSERT INTO "Breweries" ("Id", "BreweryType", "City", "Country", "LastRefreshedUtc", "Latitude", "Longitude", "Name", "Phone", "PostalCode", "State", "Street", "WebsiteUrl")
VALUES (@p0, @p1, @p2, @p3, @p4, @p5, @p6, @p7, @p8, @p9, @p10, @p11, @p12);
2026-09-05 14:34:22.218 +05:30 [INF] Executed DbCommand (0ms) [Parameters=[@p0='?' (Size = 36), @p1='?' (Size = 6), @p2='?' (Size = 11), @p3='?' (Size = 13), @p4='?' (DbType = DateTimeOffset), @p5='?' (DbType = Double), @p6='?' (DbType = Double), @p7='?' (Size = 29), @p8='?' (Size = 14), @p9='?' (Size = 5), @p10='?' (Size = 11), @p11='?' (Size = 12), @p12='?' (Size = 36)], CommandType='"Text"', CommandTimeout='30']
INSERT INTO "Breweries" ("Id", "BreweryType", "City", "Country", "LastRefreshedUtc", "Latitude", "Longitude", "Name", "Phone", "PostalCode", "State", "Street", "WebsiteUrl")
VALUES (@p0, @p1, @p2, @p3, @p4, @p5, @p6, @p7, @p8, @p9, @p10, @p11, @p12);
2026-09-05 14:34:22.219 +05:30 [INF] Executed DbCommand (0ms) [Parameters=[@p0='?' (Size = 36), @p1='?' (Size = 5), @p2='?' (Size = 5), @p3='?' (Size = 13), @p4='?' (DbType = DateTimeOffset), @p5='?' (DbType = Double), @p6='?' (DbType = Double), @p7='?' (Size = 16), @p8='?' (Size = 14), @p9='?' (Size = 10), @p10='?' (Size = 4), @p11='?' (Size = 20), @p12='?' (Size = 41)], CommandType='"Text"', CommandTimeout='30']
INSERT INTO "Breweries" ("Id", "BreweryType", "City", "Country", "LastRefreshedUtc", "Latitude", "Longitude", "Name", "Phone", "PostalCode", "State", "Street", "WebsiteUrl")
VALUES (@p0, @p1, @p2, @p3, @p4, @p5, @p6, @p7, @p8, @p9, @p10, @p11, @p12);
2026-09-05 14:34:22.219 +05:30 [INF] Executed DbCommand (0ms) [Parameters=[@p0='?' (Size = 36), @p1='?' (Size = 5), @p2='?' (Size = 10), @p3='?' (Size = 13), @p4='?' (DbType = DateTimeOffset), @p5='?' (DbType = Double), @p6='?' (DbType = Double), @p7='?' (Size = 29), @p8='?' (Size = 14), @p9='?' (Size = 10), @p10='?' (Size = 11), @p11='?' (Size = 25), @p12='?' (Size = 31)], CommandType='"Text"', CommandTimeout='30']
INSERT INTO "Breweries" ("Id", "BreweryType", "City", "Country", "LastRefreshedUtc", "Latitude", "Longitude", "Name", "Phone", "PostalCode", "State", "Street", "WebsiteUrl")
VALUES (@p0, @p1, @p2, @p3, @p4, @p5, @p6, @p7, @p8, @p9, @p10, @p11, @p12);
2026-09-05 14:34:22.220 +05:30 [INF] Executed DbCommand (0ms) [Parameters=[@p0='?' (Size = 36), @p1='?' (Size = 5), @p2='?' (Size = 10), @p3='?' (Size = 13), @p4='?' (DbType = DateTimeOffset), @p5='?' (DbType = Double), @p6='?' (DbType = Double), @p7='?' (Size = 24), @p8='?' (Size = 14), @p9='?' (Size = 10), @p10='?' (Size = 8), @p11='?' (Size = 13), @p12='?' (Size = 30)], CommandType='"Text"', CommandTimeout='30']
INSERT INTO "Breweries" ("Id", "BreweryType", "City", "Country", "LastRefreshedUtc", "Latitude", "Longitude", "Name", "Phone", "PostalCode", "State", "Street", "WebsiteUrl")
VALUES (@p0, @p1, @p2, @p3, @p4, @p5, @p6, @p7, @p8, @p9, @p10, @p11, @p12);
2026-09-05 14:34:22.221 +05:30 [INF] Executed DbCommand (0ms) [Parameters=[@p0='?' (Size = 36), @p1='?' (Size = 5), @p2='?' (Size = 11), @p3='?' (Size = 13), @p4='?' (DbType = DateTimeOffset), @p5='?' (DbType = Double), @p6='?' (DbType = Double), @p7='?' (Size = 19), @p8='?' (Size = 14), @p9='?' (Size = 10), @p10='?' (Size = 10), @p11='?' (Size = 18), @p12='?' (Size = 33)], CommandType='"Text"', CommandTimeout='30']
INSERT INTO "Breweries" ("Id", "BreweryType", "City", "Country", "LastRefreshedUtc", "Latitude", "Longitude", "Name", "Phone", "PostalCode", "State", "Street", "WebsiteUrl")
VALUES (@p0, @p1, @p2, @p3, @p4, @p5, @p6, @p7, @p8, @p9, @p10, @p11, @p12);
2026-09-05 14:34:22.222 +05:30 [INF] Executed DbCommand (0ms) [Parameters=[@p0='?' (Size = 36), @p1='?' (Size = 5), @p2='?' (Size = 17), @p3='?' (Size = 13), @p4='?' (DbType = DateTimeOffset), @p5='?' (DbType = Double), @p6='?' (DbType = Double), @p7='?' (Size = 18), @p8='?' (Size = 14), @p9='?' (Size = 10), @p10='?' (Size = 10), @p11='?' (Size = 30), @p12='?' (Size = 29)], CommandType='"Text"', CommandTimeout='30']
INSERT INTO "Breweries" ("Id", "BreweryType", "City", "Country", "LastRefreshedUtc", "Latitude", "Longitude", "Name", "Phone", "PostalCode", "State", "Street", "WebsiteUrl")
VALUES (@p0, @p1, @p2, @p3, @p4, @p5, @p6, @p7, @p8, @p9, @p10, @p11, @p12);
2026-09-05 14:34:22.222 +05:30 [INF] Executed DbCommand (0ms) [Parameters=[@p0='?' (Size = 36), @p1='?' (Size = 7), @p2='?' (Size = 9), @p3='?' (Size = 13), @p4='?' (DbType = DateTimeOffset), @p5='?' (DbType = Double), @p6='?' (DbType = Double), @p7='?' (Size = 19), @p8='?' (Size = 14), @p9='?' (Size = 10), @p10='?' (Size = 10), @p11='?' (Size = 25), @p12='?' (Size = 28)], CommandType='"Text"', CommandTimeout='30']
INSERT INTO "Breweries" ("Id", "BreweryType", "City", "Country", "LastRefreshedUtc", "Latitude", "Longitude", "Name", "Phone", "PostalCode", "State", "Street", "WebsiteUrl")
VALUES (@p0, @p1, @p2, @p3, @p4, @p5, @p6, @p7, @p8, @p9, @p10, @p11, @p12);
2026-09-05 14:34:22.222 +05:30 [INF] Executed DbCommand (0ms) [Parameters=[@p0='?' (Size = 36), @p1='?' (Size = 5), @p2='?' (Size = 5), @p3='?' (Size = 9), @p4='?' (DbType = DateTimeOffset), @p5='?' (DbType = Double), @p6='?' (DbType = Double), @p7='?' (Size = 23), @p8='?', @p9='?' (Size = 4), @p10='?' (Size = 3), @p11='?' (Size = 16), @p12='?' (Size = 36)], CommandType='"Text"', CommandTimeout='30']
INSERT INTO "Breweries" ("Id", "BreweryType", "City", "Country", "LastRefreshedUtc", "Latitude", "Longitude", "Name", "Phone", "PostalCode", "State", "Street", "WebsiteUrl")
VALUES (@p0, @p1, @p2, @p3, @p4, @p5, @p6, @p7, @p8, @p9, @p10, @p11, @p12);
2026-09-05 14:34:22.223 +05:30 [INF] Executed DbCommand (0ms) [Parameters=[@p0='?' (Size = 36), @p1='?' (Size = 5), @p2='?' (Size = 8), @p3='?' (Size = 13), @p4='?' (DbType = DateTimeOffset), @p5='?' (DbType = Double), @p6='?' (DbType = Double), @p7='?' (Size = 20), @p8='?', @p9='?' (Size = 5), @p10='?' (Size = 10), @p11='?', @p12='?' (Size = 29)], CommandType='"Text"', CommandTimeout='30']
INSERT INTO "Breweries" ("Id", "BreweryType", "City", "Country", "LastRefreshedUtc", "Latitude", "Longitude", "Name", "Phone", "PostalCode", "State", "Street", "WebsiteUrl")
VALUES (@p0, @p1, @p2, @p3, @p4, @p5, @p6, @p7, @p8, @p9, @p10, @p11, @p12);
2026-09-05 14:34:22.264 +05:30 [INF] Refreshed 1000 breweries from external provider
2026-09-05 14:34:22.269 +05:30 [INF] Executing OkObjectResult, writing value of type '<>f__AnonymousType0`2[[System.Int32, System.Private.CoreLib, Version=8.0.0.0, Culture=neutral, PublicKeyToken=7cec85d7bea7798e],[System.DateTimeOffset, System.Private.CoreLib, Version=8.0.0.0, Culture=neutral, PublicKeyToken=7cec85d7bea7798e]]'.
2026-09-05 14:34:22.279 +05:30 [INF] Executed action BreweriesController.Refresh (Elf.Brewery.Api) in 7927.3587ms
2026-09-05 14:34:22.280 +05:30 [INF] Executed endpoint 'BreweriesController.Refresh (Elf.Brewery.Api)'
2026-09-05 14:34:22.282 +05:30 [INF] Request finished HTTP/1.1 POST http://localhost:5214/api/v1/breweries/refresh - 200 null application/json; charset=utf-8 7976.7902ms
2026-09-05 14:34:49.763 +05:30 [INF] Request starting HTTP/1.1 GET http://localhost:5214/api/v1/breweries - null null
2026-09-05 14:34:49.781 +05:30 [INF] Executing endpoint 'BreweriesController.Get (Elf.Brewery.Api)'
2026-09-05 14:34:49.782 +05:30 [INF] Route matched with {action = "Get", controller = "Breweries"}. Executing controller action with signature System.Threading.Tasks.Task`1[Microsoft.AspNetCore.Mvc.IActionResult] Get(BreweryQuery, System.Threading.CancellationToken) on controller BreweriesController (Elf.Brewery.Api).
2026-09-05 14:34:52.402 +05:30 [INF] List breweries search=null sortBy="Name" page=1
2026-09-05 14:34:54.920 +05:30 [INF] Cache miss for key: breweries:all
2026-09-05 14:34:54.921 +05:30 [INF] Cache miss for key: breweries:all
2026-09-05 14:34:54.924 +05:30 [INF] Executed DbCommand (0ms) [Parameters=[], CommandType='"Text"', CommandTimeout='30']
SELECT "b"."Id", "b"."BreweryType", "b"."City", "b"."Country", "b"."LastRefreshedUtc", "b"."Latitude", "b"."Longitude", "b"."Name", "b"."Phone", "b"."PostalCode", "b"."State", "b"."Street", "b"."WebsiteUrl"
FROM "Breweries" AS "b"
2026-09-05 14:34:54.935 +05:30 [INF] Cache set for key: breweries:all
2026-09-05 14:35:09.949 +05:30 [INF] Executing OkObjectResult, writing value of type 'PagedResult`1[[BreweryDto, Elf.Brewery.Application, Version=1.0.0.0, Culture=neutral, PublicKeyToken=null]]'.
2026-09-05 14:35:09.976 +05:30 [INF] Executed action BreweriesController.Get (Elf.Brewery.Api) in 20193.0447ms
2026-09-05 14:35:09.976 +05:30 [INF] Executed endpoint 'BreweriesController.Get (Elf.Brewery.Api)'
2026-09-05 14:35:09.977 +05:30 [INF] Request finished HTTP/1.1 GET http://localhost:5214/api/v1/breweries - 200 null application/json; charset=utf-8 20213.8913ms
2026-09-05 14:36:01.419 +05:30 [INF] Request starting HTTP/1.1 GET http://localhost:5214/api/v1/breweries?SortField=2&Direction=0&PageSize=20 - null null
2026-09-05 14:36:01.429 +05:30 [INF] Executing endpoint 'BreweriesController.Get (Elf.Brewery.Api)'
2026-09-05 14:36:01.429 +05:30 [INF] Route matched with {action = "Get", controller = "Breweries"}. Executing controller action with signature System.Threading.Tasks.Task`1[Microsoft.AspNetCore.Mvc.IActionResult] Get(BreweryQuery, System.Threading.CancellationToken) on controller BreweriesController (Elf.Brewery.Api).
2026-09-05 14:36:04.466 +05:30 [INF] List breweries search=null sortBy="Distance" page=1
2026-09-05 14:36:11.538 +05:30 [INF] Cache hit for key: breweries:all
2026-09-05 14:36:32.874 +05:30 [INF] Executed action BreweriesController.Get (Elf.Brewery.Api) in 31444.1958ms
2026-09-05 14:36:32.879 +05:30 [INF] Executed endpoint 'BreweriesController.Get (Elf.Brewery.Api)'
2026-09-05 14:36:32.918 +05:30 [ERR] An unhandled exception has occurred while executing the request.
ValidationException: latitude and longitude are required when sortBy=distance
   at DistanceSorter.Sort(IEnumerable`1 source, BreweryQuery query) in D:\OneDriveBackup\ELF\Assignment\Elf.Brewery\src\Elf.Brewery.Application\Sorting\DistanceSorter.cs:line 19
   at BreweryService.GetBreweriesAsync(BreweryQuery query, CancellationToken ct) in D:\OneDriveBackup\ELF\Assignment\Elf.Brewery\src\Elf.Brewery.Application\Services\BreweryService.cs:line 27
   at BreweriesController.Get(BreweryQuery query, CancellationToken ct) in D:\OneDriveBackup\ELF\Assignment\Elf.Brewery\src\Elf.Brewery.Api\Controllers\BreweriesController.cs:line 34
   at Microsoft.AspNetCore.Mvc.Infrastructure.ActionMethodExecutor.TaskOfIActionResultExecutor.Execute(ActionContext actionContext, IActionResultTypeMapper mapper, ObjectMethodExecutor executor, Object controller, Object[] arguments)
   at Microsoft.AspNetCore.Mvc.Infrastructure.ControllerActionInvoker.<InvokeActionMethodAsync>g__Awaited|12_0(ControllerActionInvoker invoker, ValueTask`1 actionResultValueTask)
   at Microsoft.AspNetCore.Mvc.Infrastructure.ControllerActionInvoker.<InvokeNextActionFilterAsync>g__Awaited|10_0(ControllerActionInvoker invoker, Task lastTask, State next, Scope scope, Object state, Boolean isCompleted)
   at Microsoft.AspNetCore.Mvc.Infrastructure.ControllerActionInvoker.Rethrow(ActionExecutedContextSealed context)
   at Microsoft.AspNetCore.Mvc.Infrastructure.ControllerActionInvoker.Next(State& next, Scope& scope, Object& state, Boolean& isCompleted)
   at Microsoft.AspNetCore.Mvc.Infrastructure.ControllerActionInvoker.InvokeInnerFilterAsync()
--- End of stack trace from previous location ---
   at Microsoft.AspNetCore.Mvc.Infrastructure.ResourceInvoker.<InvokeFilterPipelineAsync>g__Awaited|20_0(ResourceInvoker invoker, Task lastTask, State next, Scope scope, Object state, Boolean isCompleted)
   at Microsoft.AspNetCore.Mvc.Infrastructure.ResourceInvoker.<InvokeAsync>g__Logged|17_1(ResourceInvoker invoker)
   at Microsoft.AspNetCore.Mvc.Infrastructure.ResourceInvoker.<InvokeAsync>g__Logged|17_1(ResourceInvoker invoker)
   at Microsoft.AspNetCore.Routing.EndpointMiddleware.<Invoke>g__AwaitRequestTask|7_0(Endpoint endpoint, Task requestTask, ILogger logger)
   at Microsoft.AspNetCore.Authorization.AuthorizationMiddleware.Invoke(HttpContext context)
   at Microsoft.AspNetCore.Authentication.AuthenticationMiddleware.Invoke(HttpContext context)
   at Swashbuckle.AspNetCore.SwaggerUI.SwaggerUIMiddleware.Invoke(HttpContext httpContext)
   at Swashbuckle.AspNetCore.Swagger.SwaggerMiddleware.Invoke(HttpContext httpContext, ISwaggerProvider swaggerProvider)
   at CorrelationIdMiddleware.InvokeAsync(HttpContext context) in D:\OneDriveBackup\ELF\Assignment\Elf.Brewery\src\Elf.Brewery.Api\Middleware\CorrelationIdMiddleware.cs:line 24
   at Microsoft.AspNetCore.Diagnostics.ExceptionHandlerMiddlewareImpl.<Invoke>g__Awaited|10_0(ExceptionHandlerMiddlewareImpl middleware, HttpContext context, Task task)
2026-09-05 14:36:32.965 +05:30 [ERR] Unhandled ValidationException -> 400
ValidationException: latitude and longitude are required when sortBy=distance
   at DistanceSorter.Sort(IEnumerable`1 source, BreweryQuery query) in D:\OneDriveBackup\ELF\Assignment\Elf.Brewery\src\Elf.Brewery.Application\Sorting\DistanceSorter.cs:line 19
   at BreweryService.GetBreweriesAsync(BreweryQuery query, CancellationToken ct) in D:\OneDriveBackup\ELF\Assignment\Elf.Brewery\src\Elf.Brewery.Application\Services\BreweryService.cs:line 27
   at BreweriesController.Get(BreweryQuery query, CancellationToken ct) in D:\OneDriveBackup\ELF\Assignment\Elf.Brewery\src\Elf.Brewery.Api\Controllers\BreweriesController.cs:line 34
   at Microsoft.AspNetCore.Mvc.Infrastructure.ActionMethodExecutor.TaskOfIActionResultExecutor.Execute(ActionContext actionContext, IActionResultTypeMapper mapper, ObjectMethodExecutor executor, Object controller, Object[] arguments)
   at Microsoft.AspNetCore.Mvc.Infrastructure.ControllerActionInvoker.<InvokeActionMethodAsync>g__Awaited|12_0(ControllerActionInvoker invoker, ValueTask`1 actionResultValueTask)
   at Microsoft.AspNetCore.Mvc.Infrastructure.ControllerActionInvoker.<InvokeNextActionFilterAsync>g__Awaited|10_0(ControllerActionInvoker invoker, Task lastTask, State next, Scope scope, Object state, Boolean isCompleted)
   at Microsoft.AspNetCore.Mvc.Infrastructure.ControllerActionInvoker.Rethrow(ActionExecutedContextSealed context)
   at Microsoft.AspNetCore.Mvc.Infrastructure.ControllerActionInvoker.Next(State& next, Scope& scope, Object& state, Boolean& isCompleted)
   at Microsoft.AspNetCore.Mvc.Infrastructure.ControllerActionInvoker.InvokeInnerFilterAsync()
--- End of stack trace from previous location ---
   at Microsoft.AspNetCore.Mvc.Infrastructure.ResourceInvoker.<InvokeFilterPipelineAsync>g__Awaited|20_0(ResourceInvoker invoker, Task lastTask, State next, Scope scope, Object state, Boolean isCompleted)
   at Microsoft.AspNetCore.Mvc.Infrastructure.ResourceInvoker.<InvokeAsync>g__Logged|17_1(ResourceInvoker invoker)
   at Microsoft.AspNetCore.Mvc.Infrastructure.ResourceInvoker.<InvokeAsync>g__Logged|17_1(ResourceInvoker invoker)
   at Microsoft.AspNetCore.Routing.EndpointMiddleware.<Invoke>g__AwaitRequestTask|7_0(Endpoint endpoint, Task requestTask, ILogger logger)
   at Microsoft.AspNetCore.Authorization.AuthorizationMiddleware.Invoke(HttpContext context)
   at Microsoft.AspNetCore.Authentication.AuthenticationMiddleware.Invoke(HttpContext context)
   at Swashbuckle.AspNetCore.SwaggerUI.SwaggerUIMiddleware.Invoke(HttpContext httpContext)
   at Swashbuckle.AspNetCore.Swagger.SwaggerMiddleware.Invoke(HttpContext httpContext, ISwaggerProvider swaggerProvider)
   at CorrelationIdMiddleware.InvokeAsync(HttpContext context) in D:\OneDriveBackup\ELF\Assignment\Elf.Brewery\src\Elf.Brewery.Api\Middleware\CorrelationIdMiddleware.cs:line 24
   at Microsoft.AspNetCore.Diagnostics.ExceptionHandlerMiddlewareImpl.<Invoke>g__Awaited|10_0(ExceptionHandlerMiddlewareImpl middleware, HttpContext context, Task task)
2026-09-05 14:36:32.991 +05:30 [INF] Request finished HTTP/1.1 GET http://localhost:5214/api/v1/breweries?SortField=2&Direction=0&PageSize=20 - 400 null application/json; charset=utf-8 31571.6381ms
2026-09-05 14:37:24.728 +05:30 [INF] Request starting HTTP/1.1 GET http://localhost:5214/api/v1/breweries?SortField=2&Direction=0&Latitude=1&Longitude=1&PageSize=20 - null null
2026-09-05 14:37:24.734 +05:30 [INF] Executing endpoint 'BreweriesController.Get (Elf.Brewery.Api)'
2026-09-05 14:37:24.734 +05:30 [INF] Route matched with {action = "Get", controller = "Breweries"}. Executing controller action with signature System.Threading.Tasks.Task`1[Microsoft.AspNetCore.Mvc.IActionResult] Get(BreweryQuery, System.Threading.CancellationToken) on controller BreweriesController (Elf.Brewery.Api).
2026-09-05 14:37:27.023 +05:30 [INF] List breweries search=null sortBy="Distance" page=1
2026-09-05 14:37:32.186 +05:30 [INF] Cache hit for key: breweries:all
2026-09-05 14:39:00.000 +05:30 [INF] Executing OkObjectResult, writing value of type 'PagedResult`1[[BreweryDto, Elf.Brewery.Application, Version=1.0.0.0, Culture=neutral, PublicKeyToken=null]]'.
2026-09-05 14:39:00.003 +05:30 [INF] Executed action BreweriesController.Get (Elf.Brewery.Api) in 95267.8008ms
2026-09-05 14:39:00.003 +05:30 [INF] Executed endpoint 'BreweriesController.Get (Elf.Brewery.Api)'
2026-09-05 14:39:00.004 +05:30 [INF] Request finished HTTP/1.1 GET http://localhost:5214/api/v1/breweries?SortField=2&Direction=0&Latitude=1&Longitude=1&PageSize=20 - 200 null application/json; charset=utf-8 95275.3781ms
2026-09-05 14:39:16.127 +05:30 [INF] Request starting HTTP/1.1 GET http://localhost:5214/api/v1/breweries?SortField=2&Direction=0&Latitude=1&Longitude=1&PageNumber=2&PageSize=20 - null null
2026-09-05 14:39:16.129 +05:30 [INF] Executing endpoint 'BreweriesController.Get (Elf.Brewery.Api)'
2026-09-05 14:39:16.130 +05:30 [INF] Route matched with {action = "Get", controller = "Breweries"}. Executing controller action with signature System.Threading.Tasks.Task`1[Microsoft.AspNetCore.Mvc.IActionResult] Get(BreweryQuery, System.Threading.CancellationToken) on controller BreweriesController (Elf.Brewery.Api).
2026-09-05 14:39:19.447 +05:30 [INF] List breweries search=null sortBy="Distance" page=2
2026-09-05 14:39:23.673 +05:30 [INF] Cache hit for key: breweries:all
2026-09-05 14:42:08.027 +05:30 [INF] Executing OkObjectResult, writing value of type 'PagedResult`1[[BreweryDto, Elf.Brewery.Application, Version=1.0.0.0, Culture=neutral, PublicKeyToken=null]]'.
2026-09-05 14:42:08.028 +05:30 [INF] Executed action BreweriesController.Get (Elf.Brewery.Api) in 171897.4278ms
2026-09-05 14:42:08.028 +05:30 [INF] Executed endpoint 'BreweriesController.Get (Elf.Brewery.Api)'
2026-09-05 14:42:08.029 +05:30 [INF] Request finished HTTP/1.1 GET http://localhost:5214/api/v1/breweries?SortField=2&Direction=0&Latitude=1&Longitude=1&PageNumber=2&PageSize=20 - 200 null application/json; charset=utf-8 171901.6675ms
2026-09-05 14:42:48.302 +05:30 [INF] Request starting HTTP/1.1 GET http://localhost:5214/api/v1/breweries?SortField=2&Direction=0&Latitude=47&Longitude=11&PageNumber=2&PageSize=20 - null null
2026-09-05 14:42:48.311 +05:30 [INF] Executing endpoint 'BreweriesController.Get (Elf.Brewery.Api)'
2026-09-05 14:42:48.313 +05:30 [INF] Route matched with {action = "Get", controller = "Breweries"}. Executing controller action with signature System.Threading.Tasks.Task`1[Microsoft.AspNetCore.Mvc.IActionResult] Get(BreweryQuery, System.Threading.CancellationToken) on controller BreweriesController (Elf.Brewery.Api).
2026-09-05 14:42:51.423 +05:30 [INF] List breweries search=null sortBy="Distance" page=2
2026-09-05 14:42:51.425 +05:30 [INF] Cache hit for key: breweries:all
2026-09-05 14:42:53.572 +05:30 [INF] Executing OkObjectResult, writing value of type 'PagedResult`1[[BreweryDto, Elf.Brewery.Application, Version=1.0.0.0, Culture=neutral, PublicKeyToken=null]]'.
2026-09-05 14:42:53.573 +05:30 [INF] Executed action BreweriesController.Get (Elf.Brewery.Api) in 5258.6604ms
2026-09-05 14:42:53.573 +05:30 [INF] Executed endpoint 'BreweriesController.Get (Elf.Brewery.Api)'
2026-09-05 14:42:53.574 +05:30 [INF] Request finished HTTP/1.1 GET http://localhost:5214/api/v1/breweries?SortField=2&Direction=0&Latitude=47&Longitude=11&PageNumber=2&PageSize=20 - 200 null application/json; charset=utf-8 5272.1995ms
2026-09-05 14:43:34.848 +05:30 [INF] Request starting HTTP/1.1 GET http://localhost:5214/api/v1/breweries?Search=bach&SortField=2&Direction=0&Latitude=47&Longitude=11&PageNumber=2&PageSize=20 - null null
2026-09-05 14:43:34.852 +05:30 [INF] Executing endpoint 'BreweriesController.Get (Elf.Brewery.Api)'
2026-09-05 14:43:34.855 +05:30 [INF] Route matched with {action = "Get", controller = "Breweries"}. Executing controller action with signature System.Threading.Tasks.Task`1[Microsoft.AspNetCore.Mvc.IActionResult] Get(BreweryQuery, System.Threading.CancellationToken) on controller BreweriesController (Elf.Brewery.Api).
2026-09-05 14:43:38.069 +05:30 [INF] List breweries search=bach sortBy="Distance" page=2
2026-09-05 14:43:38.070 +05:30 [INF] Cache hit for key: breweries:all
2026-09-05 14:43:45.468 +05:30 [INF] Executing OkObjectResult, writing value of type 'PagedResult`1[[BreweryDto, Elf.Brewery.Application, Version=1.0.0.0, Culture=neutral, PublicKeyToken=null]]'.
2026-09-05 14:43:45.469 +05:30 [INF] Executed action BreweriesController.Get (Elf.Brewery.Api) in 10613.3885ms
2026-09-05 14:43:45.470 +05:30 [INF] Executed endpoint 'BreweriesController.Get (Elf.Brewery.Api)'
2026-09-05 14:43:45.470 +05:30 [INF] Request finished HTTP/1.1 GET http://localhost:5214/api/v1/breweries?Search=bach&SortField=2&Direction=0&Latitude=47&Longitude=11&PageNumber=2&PageSize=20 - 200 null application/json; charset=utf-8 10621.6547ms
2026-09-05 14:43:59.588 +05:30 [INF] Request starting HTTP/1.1 GET http://localhost:5214/api/v1/breweries?Search=bech&SortField=2&Direction=0&Latitude=47&Longitude=11&PageNumber=2&PageSize=20 - null null
2026-09-05 14:43:59.592 +05:30 [INF] Executing endpoint 'BreweriesController.Get (Elf.Brewery.Api)'
2026-09-05 14:43:59.593 +05:30 [INF] Route matched with {action = "Get", controller = "Breweries"}. Executing controller action with signature System.Threading.Tasks.Task`1[Microsoft.AspNetCore.Mvc.IActionResult] Get(BreweryQuery, System.Threading.CancellationToken) on controller BreweriesController (Elf.Brewery.Api).
2026-09-05 14:44:03.553 +05:30 [INF] List breweries search=bech sortBy="Distance" page=2
2026-09-05 14:44:03.553 +05:30 [INF] Cache hit for key: breweries:all
2026-09-05 14:44:08.441 +05:30 [INF] Executing OkObjectResult, writing value of type 'PagedResult`1[[BreweryDto, Elf.Brewery.Application, Version=1.0.0.0, Culture=neutral, PublicKeyToken=null]]'.
2026-09-05 14:44:08.442 +05:30 [INF] Executed action BreweriesController.Get (Elf.Brewery.Api) in 8848.5032ms
2026-09-05 14:44:08.443 +05:30 [INF] Executed endpoint 'BreweriesController.Get (Elf.Brewery.Api)'
2026-09-05 14:44:08.443 +05:30 [INF] Request finished HTTP/1.1 GET http://localhost:5214/api/v1/breweries?Search=bech&SortField=2&Direction=0&Latitude=47&Longitude=11&PageNumber=2&PageSize=20 - 200 null application/json; charset=utf-8 8855.0633ms
2026-09-05 14:44:24.219 +05:30 [INF] Request starting HTTP/1.1 GET http://localhost:5214/api/v1/breweries?SortField=2&Direction=0&Latitude=47&Longitude=11&PageNumber=2&PageSize=20 - null null
2026-09-05 14:44:24.221 +05:30 [INF] Executing endpoint 'BreweriesController.Get (Elf.Brewery.Api)'
2026-09-05 14:44:24.223 +05:30 [INF] Route matched with {action = "Get", controller = "Breweries"}. Executing controller action with signature System.Threading.Tasks.Task`1[Microsoft.AspNetCore.Mvc.IActionResult] Get(BreweryQuery, System.Threading.CancellationToken) on controller BreweriesController (Elf.Brewery.Api).
2026-09-05 14:44:27.400 +05:30 [INF] List breweries search=null sortBy="Distance" page=2
2026-09-05 14:44:27.401 +05:30 [INF] Cache hit for key: breweries:all
2026-09-05 14:44:27.402 +05:30 [INF] Executing OkObjectResult, writing value of type 'PagedResult`1[[BreweryDto, Elf.Brewery.Application, Version=1.0.0.0, Culture=neutral, PublicKeyToken=null]]'.
2026-09-05 14:44:27.403 +05:30 [INF] Executed action BreweriesController.Get (Elf.Brewery.Api) in 3179.1592ms
2026-09-05 14:44:27.403 +05:30 [INF] Executed endpoint 'BreweriesController.Get (Elf.Brewery.Api)'
2026-09-05 14:44:27.403 +05:30 [INF] Request finished HTTP/1.1 GET http://localhost:5214/api/v1/breweries?SortField=2&Direction=0&Latitude=47&Longitude=11&PageNumber=2&PageSize=20 - 200 null application/json; charset=utf-8 3185.5133ms
2026-09-05 14:44:51.198 +05:30 [INF] Request starting HTTP/1.1 GET http://localhost:5214/api/v1/breweries?Search=bach&SortField=2&Direction=0&Latitude=47&Longitude=11&PageNumber=2&PageSize=20 - null null
2026-09-05 14:44:51.213 +05:30 [INF] Executing endpoint 'BreweriesController.Get (Elf.Brewery.Api)'
2026-09-05 14:44:51.214 +05:30 [INF] Route matched with {action = "Get", controller = "Breweries"}. Executing controller action with signature System.Threading.Tasks.Task`1[Microsoft.AspNetCore.Mvc.IActionResult] Get(BreweryQuery, System.Threading.CancellationToken) on controller BreweriesController (Elf.Brewery.Api).
2026-09-05 14:44:53.822 +05:30 [INF] List breweries search=bach sortBy="Distance" page=2
2026-09-05 14:45:00.303 +05:30 [INF] Cache miss for key: breweries:all
2026-09-05 14:45:00.304 +05:30 [INF] Cache miss for key: breweries:all
2026-09-05 14:45:00.309 +05:30 [INF] Executed DbCommand (0ms) [Parameters=[], CommandType='"Text"', CommandTimeout='30']
SELECT "b"."Id", "b"."BreweryType", "b"."City", "b"."Country", "b"."LastRefreshedUtc", "b"."Latitude", "b"."Longitude", "b"."Name", "b"."Phone", "b"."PostalCode", "b"."State", "b"."Street", "b"."WebsiteUrl"
FROM "Breweries" AS "b"
2026-09-05 14:45:00.317 +05:30 [INF] Cache set for key: breweries:all
2026-09-05 14:46:28.912 +05:30 [INF] Executing OkObjectResult, writing value of type 'PagedResult`1[[BreweryDto, Elf.Brewery.Application, Version=1.0.0.0, Culture=neutral, PublicKeyToken=null]]'.
2026-09-05 14:46:28.913 +05:30 [INF] Executed action BreweriesController.Get (Elf.Brewery.Api) in 97698.657ms
2026-09-05 14:46:28.913 +05:30 [INF] Executed endpoint 'BreweriesController.Get (Elf.Brewery.Api)'
2026-09-05 14:46:28.913 +05:30 [INF] Request finished HTTP/1.1 GET http://localhost:5214/api/v1/breweries?Search=bach&SortField=2&Direction=0&Latitude=47&Longitude=11&PageNumber=2&PageSize=20 - 200 null application/json; charset=utf-8 97714.9971ms
2026-09-05 15:02:31.849 +05:30 [INF] Request starting HTTP/1.1 GET http://localhost:5214/api/v1/breweries?Search=bach&SortField=2&Direction=0&Latitude=47&Longitude=11&PageNumber=2&PageSize=20 - null null
2026-09-05 15:02:31.866 +05:30 [INF] Failed to validate the token.
Microsoft.IdentityModel.Tokens.SecurityTokenExpiredException: IDX10223: Lifetime validation failed. The token is expired. ValidTo (UTC): '05-09-2026 09:14:44', Current time (UTC): '05-09-2026 09:32:31'.
   at Microsoft.IdentityModel.Tokens.ValidatorUtilities.ValidateLifetime(Nullable`1 notBefore, Nullable`1 expires, SecurityToken securityToken, TokenValidationParameters validationParameters)
   at Microsoft.IdentityModel.Tokens.Validators.ValidateLifetime(Nullable`1 notBefore, Nullable`1 expires, SecurityToken securityToken, TokenValidationParameters validationParameters)
   at Microsoft.IdentityModel.JsonWebTokens.JsonWebTokenHandler.ValidateTokenPayloadAsync(JsonWebToken jsonWebToken, TokenValidationParameters validationParameters, BaseConfiguration configuration)
   at Microsoft.IdentityModel.JsonWebTokens.JsonWebTokenHandler.ValidateJWSAsync(JsonWebToken jsonWebToken, TokenValidationParameters validationParameters, BaseConfiguration configuration)
2026-09-05 15:02:31.873 +05:30 [INF] Bearer was not authenticated. Failure message: IDX10223: Lifetime validation failed. The token is expired. ValidTo (UTC): '05-09-2026 09:14:44', Current time (UTC): '05-09-2026 09:32:31'.
2026-09-05 15:02:31.875 +05:30 [INF] Authorization failed. These requirements were not met:
DenyAnonymousAuthorizationRequirement: Requires an authenticated user.
2026-09-05 15:02:31.881 +05:30 [INF] AuthenticationScheme: Bearer was challenged.
2026-09-05 15:02:31.882 +05:30 [INF] Request finished HTTP/1.1 GET http://localhost:5214/api/v1/breweries?Search=bach&SortField=2&Direction=0&Latitude=47&Longitude=11&PageNumber=2&PageSize=20 - 401 0 null 32.8604ms
2026-09-05 15:02:34.399 +05:30 [INF] Request starting HTTP/1.1 GET http://localhost:5214/api/v1/breweries?Search=bach&SortField=2&Direction=0&Latitude=47&Longitude=11&PageNumber=2&PageSize=20 - null null
2026-09-05 15:02:34.401 +05:30 [INF] Failed to validate the token.
Microsoft.IdentityModel.Tokens.SecurityTokenExpiredException: IDX10223: Lifetime validation failed. The token is expired. ValidTo (UTC): '05-09-2026 09:14:44', Current time (UTC): '05-09-2026 09:32:34'.
   at Microsoft.IdentityModel.Tokens.ValidatorUtilities.ValidateLifetime(Nullable`1 notBefore, Nullable`1 expires, SecurityToken securityToken, TokenValidationParameters validationParameters)
   at Microsoft.IdentityModel.Tokens.Validators.ValidateLifetime(Nullable`1 notBefore, Nullable`1 expires, SecurityToken securityToken, TokenValidationParameters validationParameters)
   at Microsoft.IdentityModel.JsonWebTokens.JsonWebTokenHandler.ValidateTokenPayloadAsync(JsonWebToken jsonWebToken, TokenValidationParameters validationParameters, BaseConfiguration configuration)
   at Microsoft.IdentityModel.JsonWebTokens.JsonWebTokenHandler.ValidateJWSAsync(JsonWebToken jsonWebToken, TokenValidationParameters validationParameters, BaseConfiguration configuration)
2026-09-05 15:02:34.404 +05:30 [INF] Bearer was not authenticated. Failure message: IDX10223: Lifetime validation failed. The token is expired. ValidTo (UTC): '05-09-2026 09:14:44', Current time (UTC): '05-09-2026 09:32:34'.
2026-09-05 15:02:34.406 +05:30 [INF] Authorization failed. These requirements were not met:
DenyAnonymousAuthorizationRequirement: Requires an authenticated user.
2026-09-05 15:02:34.407 +05:30 [INF] AuthenticationScheme: Bearer was challenged.
2026-09-05 15:02:34.408 +05:30 [INF] Request finished HTTP/1.1 GET http://localhost:5214/api/v1/breweries?Search=bach&SortField=2&Direction=0&Latitude=47&Longitude=11&PageNumber=2&PageSize=20 - 401 0 null 9.0552ms
2026-09-05 15:03:57.432 +05:30 [INF] Request starting HTTP/1.1 GET http://localhost:5214/api/v1/breweries?Search=bach&SortField=2&Direction=0&Latitude=47&Longitude=11&PageNumber=2&PageSize=20 - null null
2026-09-05 15:03:57.438 +05:30 [INF] Failed to validate the token.
Microsoft.IdentityModel.Tokens.SecurityTokenExpiredException: IDX10223: Lifetime validation failed. The token is expired. ValidTo (UTC): '05-09-2026 09:14:44', Current time (UTC): '05-09-2026 09:33:57'.
   at Microsoft.IdentityModel.Tokens.ValidatorUtilities.ValidateLifetime(Nullable`1 notBefore, Nullable`1 expires, SecurityToken securityToken, TokenValidationParameters validationParameters)
   at Microsoft.IdentityModel.Tokens.Validators.ValidateLifetime(Nullable`1 notBefore, Nullable`1 expires, SecurityToken securityToken, TokenValidationParameters validationParameters)
   at Microsoft.IdentityModel.JsonWebTokens.JsonWebTokenHandler.ValidateTokenPayloadAsync(JsonWebToken jsonWebToken, TokenValidationParameters validationParameters, BaseConfiguration configuration)
   at Microsoft.IdentityModel.JsonWebTokens.JsonWebTokenHandler.ValidateJWSAsync(JsonWebToken jsonWebToken, TokenValidationParameters validationParameters, BaseConfiguration configuration)
2026-09-05 15:03:57.441 +05:30 [INF] Bearer was not authenticated. Failure message: IDX10223: Lifetime validation failed. The token is expired. ValidTo (UTC): '05-09-2026 09:14:44', Current time (UTC): '05-09-2026 09:33:57'.
2026-09-05 15:03:57.441 +05:30 [INF] Authorization failed. These requirements were not met:
DenyAnonymousAuthorizationRequirement: Requires an authenticated user.
2026-09-05 15:03:57.442 +05:30 [INF] AuthenticationScheme: Bearer was challenged.
2026-09-05 15:03:57.443 +05:30 [INF] Request finished HTTP/1.1 GET http://localhost:5214/api/v1/breweries?Search=bach&SortField=2&Direction=0&Latitude=47&Longitude=11&PageNumber=2&PageSize=20 - 401 0 null 10.5987ms
2026-09-05 15:04:36.066 +05:30 [INF] Request starting HTTP/1.1 POST http://localhost:5214/api/auth/token - application/json 56
2026-09-05 15:04:36.072 +05:30 [INF] Executing endpoint 'AuthController.Token (Elf.Brewery.Api)'
2026-09-05 15:04:36.078 +05:30 [INF] Route matched with {action = "Token", controller = "Auth"}. Executing controller action with signature Microsoft.AspNetCore.Mvc.IActionResult Token(LoginRequest) on controller AuthController (Elf.Brewery.Api).
2026-09-05 15:04:36.124 +05:30 [INF] Executing OkObjectResult, writing value of type 'TokenResponse'.
2026-09-05 15:04:36.130 +05:30 [INF] Executed action AuthController.Token (Elf.Brewery.Api) in 51.6028ms
2026-09-05 15:04:36.131 +05:30 [INF] Executed endpoint 'AuthController.Token (Elf.Brewery.Api)'
2026-09-05 15:04:36.132 +05:30 [INF] Request finished HTTP/1.1 POST http://localhost:5214/api/auth/token - 200 null application/json; charset=utf-8 66.1524ms
2026-09-05 15:05:21.636 +05:30 [INF] Request starting HTTP/1.1 GET http://localhost:5214/api/v1/breweries?Search=bach&SortField=2&Direction=0&Latitude=47&Longitude=11&PageNumber=2&PageSize=20 - null null
2026-09-05 15:05:21.639 +05:30 [INF] Executing endpoint 'BreweriesController.Get (Elf.Brewery.Api)'
2026-09-05 15:05:21.640 +05:30 [INF] Route matched with {action = "Get", controller = "Breweries"}. Executing controller action with signature System.Threading.Tasks.Task`1[Microsoft.AspNetCore.Mvc.IActionResult] Get(BreweryQuery, System.Threading.CancellationToken) on controller BreweriesController (Elf.Brewery.Api).
2026-09-05 15:05:55.380 +05:30 [INF] List breweries search=bach sortBy="Distance" page=2
2026-09-05 15:06:22.693 +05:30 [INF] Cache miss for key: breweries:all
2026-09-05 15:06:22.693 +05:30 [INF] Cache miss for key: breweries:all
2026-09-05 15:06:22.697 +05:30 [INF] Executed DbCommand (1ms) [Parameters=[], CommandType='"Text"', CommandTimeout='30']
SELECT "b"."Id", "b"."BreweryType", "b"."City", "b"."Country", "b"."LastRefreshedUtc", "b"."Latitude", "b"."Longitude", "b"."Name", "b"."Phone", "b"."PostalCode", "b"."State", "b"."Street", "b"."WebsiteUrl"
FROM "Breweries" AS "b"
2026-09-05 15:06:22.710 +05:30 [INF] Cache set for key: breweries:all
